project_id,project_name,sector,implementing_agency,state,original_cost,revised_cost,expenditure,expenditure_change_recent,physical_progress,progress_change_recent,original_duration_months,months_elapsed,current_delay_months,overdue_milestones,days_since_last_cuf_update,clearance_pending_days,active_litigation,reasons_for_delay
MOSPI_617321,Godhani-Kalumna Chord 13.7 km,Railways,Ministry of Railways,,150000.0,150000.0,1940.0,0.0,11.0,0.0,121.0,98.5,0.0,0,15,0,False,
MOSPI_705728,Mumbai-Ahmedabad High Speed Rail Project- 508 km,Railways,National High Speed Rail Corporation [NHSRC],,108000.0,108000.0,90966.9,0.0,62.0,1.0,149.0,137.5,28.0,1,15,0,False,
MOSPI_702668,Chennai Metro Rail Phase-II Development Project,Water Resources,Chennai Metro Rail Limited [CMRL],,63246.0,63246.0,47162.7,12464.7,0.0,-5.0,58.4,22.9,0.0,0,15,0,False,
MOSPI_706775,BharatNet,Telecommunications,Department of Telecommunications [DoT],,61109.0,188000.0,48809.7,0.0,100.0,0.0,73.4,109.9,43.0,1,15,0,False,
MOSPI_705237,Western Dedicated Freight Corridor,Railways,DFCCIL,,51101.0,124005.0,124623.0,0.0,96.0,0.0,169.0,222.5,45.0,1,15,0,False,
MOSPI_709798,Ethylene Cracker Project at Bina Refinery including downstream Petrochemical Plants and expansion of Refinery,Petroleum,Bharat Petroleum Corporation Limited [BPCL],,43367.0,43367.0,6104.0,508.0,34.0,3.0,60.5,40.0,0.0,0,15,0,False,
MOSPI_701263,Rajasthan Refinery Project,Power,MinistryofPetroleumNaturalGas,,43129.0,79459.0,69996.7,794.5,92.0,0.0,60.7,107.2,44.0,1,15,0,False,
MOSPI_705429,Rishikesh-Karnaprayag New Rail Line- 125 km,Railways,RVNL - II,,38953.0,38953.0,28828.2,319.3,78.0,4.0,109.7,118.1,36.0,1,15,0,False,
MOSPI_298178,"Meja Thermal Power Project, Stage-II , (3x800 MW)",Power,National Thermal Power Corporation [NTPC],,38358.0,38358.0,1002.73,0.0,0.0,0.0,78.9,3.4,0.0,0,15,0,False,
MOSPI_701289,Capacity Expansion of Panipat Refinery from 15 to 25 MMTPA,Petroleum,Indian Oil Corporation Limited [IOCL],,34627.0,36225.0,28007.3,178.1,94.0,3.0,43.1,66.6,27.0,1,15,0,False,
MOSPI_400120,KG-DWN-98/2 Cluster - II Development Project - NELP Block,Petroleum,Oil and Natural Gas Corporation Limited [ONGC],,34012.0,34012.0,35498.3,2259.8,96.0,0.0,36.0,12.0,72.0,1,15,0,False,
MOSPI_706780,Mumbai Urban Transport Project [MUTP]  Phase-IIIA,Railways,Mumbai Rail Vikas Corporation Ltd.[MRVC],,33690.0,33690.0,3854.46,112.51,25.0,0.0,105.0,89.5,0.0,0,15,0,False,
MOSPI_400188,Redevelopment of Seven General Pool Residential Accommodation [GPRA] Colonies in Delhi,Real Estate,National Buildings Construction Corporation [NBCC],,32850.0,32841.0,14370.5,484.8,47.0,0.0,113.9,122.3,0.0,0,15,0,False,
MOSPI_602182,Dibang Multipurpose Project,Power,National Hydroelectric Power Corporation Limited [NHPC],,31876.0,31876.0,4921.36,171.7,18.0,0.0,108.0,42.6,0.0,0,15,0,False,
MOSPI_604795,CBR 9 MMTPA Project,Petroleum,Chennai Petroleum Corporation Limited [CPCL],,31580.0,36354.0,1615.38,25.31,10.0,0.0,44.9,60.4,0.0,0,15,0,False,
MOSPI_702633,Delhi-Ghaziabad-Meerut Regional Rapid Transit System [RRTS] corridor,Urban Transport,National Capital Region Transport Corporation [NCRTC],,30274.0,30274.0,27720.4,255.1,96.0,0.0,75.8,90.3,7.8,1,15,0,False,
MOSPI_619051,"Nabinagar Super Thermal Power Project, Stage-II [3x800 MW]",Power,National Thermal Power Corporation [NTPC],,29948.0,29948.0,3422.25,322.31,15.0,1.0,68.8,22.3,0.0,0,15,0,False,
MOSPI_619341,"Telangana Super Thermal Power Project , Stage-II [3 x 800 MW]",Power,National Thermal Power Corporation [NTPC],,29345.0,29345.0,732.96,3.33,1.0,0.0,70.1,5.6,0.0,0,15,0,False,
MOSPI_701593,4G Services by BSNL,Telecommunications,Department of Telecommunications [DoT],,28466.0,19592.0,9165.04,22.41,99.0,1.0,40.9,70.4,24.0,1,15,0,False,
MOSPI_400231,NLC Talabira Thermal Power Project,Power,NLC India Limited,,27213.0,27213.0,3574.21,56.04,4.0,0.0,158.1,115.6,0.0,0,15,0,False,
MOSPI_702635,Construction of Bangalore Metro Rail Project Phase 2.,Urban Transport,Bengaluru Metro Rail,,26405.0,30695.1,29835.0,22.0,96.0,0.0,85.0,150.8,66.3,1,15,0,False,
MOSPI_400013,Saturation 4G mobile coverage of Uncovered Villages through USOF,Telecommunications,Department of Telecommunications [DoT],,26316.0,30620.0,9791.8,0.0,84.0,0.0,22.8,49.6,21.3,1,15,0,False,
MOSPI_619032,JAYANT EXPN. [20 TO 38 MTPA],Coal,NCL - CIL,,25560.0,25560.0,333.3,76.6,2.0,0.0,85.1,18.6,0.0,0,15,0,False,
MOSPI_619025,RAJASTHAN PART I POWER TRANSMISSION LIMITED,Transmission & Distribution,Adani Transmission Limited,,25000.0,25000.0,735.05,309.0,10.0,6.0,53.9,19.8,0.0,0,15,0,False,
MOSPI_702632,DMRTS Phase - IV [3 Priority Corridors],Urban Transport,Delhi Metro Rail Corporation Limited [DMRC],,24949.0,24949.0,21420.8,379.4,83.0,1.0,68.9,86.4,21.0,1,15,0,False,
MOSPI_615347,TRANSMISSION SYSTEM FOR EVACUATION OF POWER FROM POTENTIAL RENEWABLE ENERGY ZONE IN KHAVDA AREA OF GUJARAT UNDER PHASE-V [8 GW] PART A   [SPV Name POWERGRID West Central Transmission Limited],Transmission & Distribution,Power Grid Corporation of India Limited [POWERGRID],,24819.0,24819.0,2978.28,0.0,19.0,1.0,53.9,21.8,0.0,0,15,0,False,
MOSPI_709857,"Planning, Engineering, Supply, Installation, Testing, Commissioning, Integration & Annual Maintenance of 4G mobile network at 1 Lakh sites on PAN India basis including Mumbai & Delhi LSA on turnkey basis under Phase IX.2 Project.",Telecommunications,BSNL,,24545.0,24545.0,9165.89,22.41,99.0,1.0,25.5,40.3,15.3,1,15,0,False,
MOSPI_702637,Mumbai Metro Line 3,Urban Transport,Mumbai Metro Rail Corporation Limited [MMRC],,23136.0,37276.0,35960.0,2311.7,99.0,1.0,116.4,157.9,29.0,1,15,0,False,
MOSPI_547243,BharatNet Phase-II,Telecommunications,Department of Telecommunications,,22175.0,22175.0,20691.7,0.0,93.0,0.0,70.4,109.9,0.0,0,15,0,False,
MOSPI_701530,Ken-Betwa Linking Development Project,Water Resources,"Department of Water Resources, River Development,",,21030.0,21030.0,8530.86,0.0,0.0,0.0,36.0,12.0,0.0,0,15,0,False,
MOSPI_701372,Sardar Sarovar Project,Water Resources,"Narmada and Water Resources, Water Supply and Kalpsar Dep...",,20718.0,33412.5,31969.4,26.2,94.0,0.0,285.0,365.4,75.0,1,15,0,False,
MOSPI_618976,"Gadarwara Super Thermal Power Project, Stage-II [2x800 MW]",Power,National Thermal Power Corporation [NTPC],,20446.0,20446.0,2329.76,188.29,12.0,2.0,64.8,22.3,0.0,0,15,0,False,
MOSPI_619026,KPSIII HVDC Transmission Limited,Transmission & Distribution,Adani Transmission Limited,,19000.0,19000.0,20.0,0.0,1.0,0.0,48.0,9.1,0.0,0,15,0,False,
MOSPI_701329,Petrochemical and Lube Integration Project at Gujarat Refinery,Petroleum,Ministry of Petroleum & Natural Gas,,18936.0,17825.0,75182.7,91.1,89.0,0.0,47.3,71.8,27.0,1,15,0,False,
MOSPI_400261,Patratu Thermal Power Station Expansion Project Phase-I [3x800 MW],Power,National Thermal Power Corporation [NTPC],,18668.0,20302.0,19735.7,528.1,92.0,2.0,64.7,106.2,49.0,1,15,0,False,
MOSPI_400062,"Raghunathpur Thermal Power Station Phase II [2X660 MW] at Raghunathpur, Purulia, West Bengal",Power,Damodar Valley Corporation,,17673.0,17673.0,2268.62,148.23,13.0,1.0,78.9,43.5,0.0,0,15,0,False,
MOSPI_400259,Ghatampur Thermal Power Plant 3 X 660 MW,Power,NLC India Limited [NLCIL],,17238.0,21780.9,21237.5,108.4,96.0,1.0,52.0,121.6,63.9,1,15,0,False,
MOSPI_612142,"Singrauli Super Thermal Power Project, Stage-III [2x800 MW]",Power,National Thermal Power Corporation [NTPC],,17195.0,17195.0,3840.48,194.47,25.0,1.0,71.9,30.4,2.0,0,15,0,False,
MOSPI_709795,"City Gas Distribution Projects at Lakhimpur Kheri , Sitapur, Bahraich, Shravasti,Balrampur, Siddharth Nagar & Maharajganj districts",Petroleum,Bharat Petroleum Corporation Limited [BPCL],,16654.0,16654.0,754.7,16.08,20.0,1.0,90.3,44.8,0.0,0,15,0,False,
MOSPI_705941,Bangalore Suburban Railway Project,Railways,Karnataka Rail Infrastructure Development Company Limited...,,15767.0,15767.0,3277.99,53.9,20.0,0.0,74.3,70.8,39.0,1,15,0,False,
MOSPI_612878,Bangalore Metro Rail Project - PHASE-3,Urban Transport,Bengaluru Metro Rail,,15611.0,15611.0,0.0,0.0,4.0,4.0,80.5,24.0,0.0,0,15,0,False,
MOSPI_611930,Lara Super Thermal Power Project Stage-II [2 x 800 MW],Power,National Thermal Power Corporation [NTPC],,15530.0,16106.0,5472.13,193.1,34.0,2.0,58.0,36.6,5.0,0,15,0,False,
MOSPI_701324,Barauni Refinery Capacity Expansion from 6.0 to 9.0 MMTPA,Petroleum,Ministry of Petroleum & Natural Gas,,14810.0,16724.0,74990.3,101.6,92.0,1.0,39.0,79.5,40.0,1,15,0,False,
MOSPI_702665,Construction Bangalore Metro Rail Project Phase-2A & 2B,Urban Transport,Bengaluru Metro Rail,,14788.0,14788.1,10878.5,502.1,68.0,2.0,60.7,63.3,0.0,0,15,0,False,
MOSPI_611509,"Koderma Thermal Power Station Phase II [2X800 MW] At Koderma, Jharkhand",Power,Damodar Valley Corporation,,14358.0,14358.0,2229.31,115.02,14.0,0.0,74.5,40.6,0.0,0,15,0,False,
MOSPI_705391,Jiribam-Imphal 110 km,Railways,CAO/C-III/NFR NFR mor,,14323.0,21886.0,16931.5,604.4,78.0,5.0,278.5,275.0,30.0,1,15,0,False,
MOSPI_619311,Kalai-II Hydro Electric Project [1200 MW],Power,THDC India Limited,,14106.0,14106.0,189.68,1.06,0.0,0.0,78.0,4.8,0.0,0,15,0,False,
MOSPI_604859,Integrated Para Xylene [PX] and Purified Terephthalic Acid [PTA] Project at Paradip Refinery,Petroleum,Ministry of Petroleum & Natural Gas,,13805.0,11783.0,70820.2,182.9,95.0,1.0,42.0,73.5,31.0,1,15,0,False,
MOSPI_619223,Petro Resid Fluidized Catalytic Cracking [PRFCC] Unit and its associated facilities at Mumbai Refinery,Petroleum,Bharat Petroleum Corporation Limited [BPCL],,13626.0,13626.0,93.6,11.73,7.0,1.0,52.0,15.5,0.0,0,15,0,False,
MOSPI_705428,Bhanupalli-Bilaspur-Beri New Railway Line Project,Railways,RVNL - II,,13447.0,13447.0,7781.89,93.13,64.0,0.0,213.0,209.5,12.0,1,15,0,False,
MOSPI_702627,Patna Metro Rail Project,Urban Transport,Patna Metro Rail Corporation Ltd. [PMRCL],,13366.0,13365.8,5198.09,1.0,50.0,0.0,60.0,90.6,40.1,1,15,0,False,
MOSPI_245986,Jaipur Metro Rail Project Phase 2 (Prahladpura to Todi Mod),Urban Transport,Jaipur Metro Rail Corporation,,13038.0,13038.0,1.79,0.0,2.0,0.0,66.0,4.6,0.0,0,15,0,False,
MOSPI_604791,Numaligarh Refinery Expansion Project,Petroleum,Numaligarh Refinery Limited,,12366.0,25313.0,20411.2,284.1,87.0,1.0,48.0,73.6,32.1,1,15,0,False,
MOSPI_616699,Multi tracking of Son Nagar-Andal 374.53 rkm & 814.38 tkm PB34/ECOR/2023-24,Railways,CAO/Con/South/MHX ECR mor,,12334.0,12334.0,1152.79,270.02,3.0,-5.0,55.2,36.7,0.0,0,15,0,False,
MOSPI_617327,Thane Integral Ring Metro Rail Project,Urban Transport,Maharashtra Metro Rail Corporation Limited [MMRCL],,12200.0,12200.0,101.17,5.53,10.0,1.0,60.8,24.3,0.0,0,15,0,False,
MOSPI_702630,Surat Metro Rail Project,Urban Transport,Gujarat Metro Rail Corporation Limited [GMRCL],,12020.0,12020.0,9332.21,165.5,82.0,1.0,60.0,90.2,36.7,1,15,0,False,
MOSPI_619031,Delhi Metro Rail Phase V A,Urban Transport,Delhi Metro Rail Corporation Limited [DMRC],,12015.0,12015.0,264.98,8.87,6.0,0.0,35.8,8.2,0.0,0,15,0,False,
MOSPI_602961,Talcher Thermal Power Station Stage III [2 x 660 MW] Expansion,Power,National Thermal Power Corporation [NTPC],,11844.0,12543.0,7031.31,251.86,55.0,1.0,57.2,48.7,12.0,1,15,0,False,
MOSPI_400424,GEVRA OC [70 MTY],Coal,SECL - CIL,,11816.0,11816.0,7825.46,865.23,78.0,0.0,84.8,126.3,48.0,1,15,0,False,
MOSPI_619056,"Darlipali Super Thermal Power Project, Stage-II [1x800 MW]",Power,National Thermal Power Corporation [NTPC],,11131.0,11131.0,566.2,6.02,3.0,1.0,62.8,10.3,3.9,0,15,0,False,
MOSPI_602194,Khurja super Thermal Power Plant [2X660 MW],Power,THDC India Limited,,11089.0,13276.2,12952.0,63.8,100.0,0.0,58.9,90.3,19.9,1,15,0,False,
MOSPI_702628,Kanpur Metro Rail Project,Urban Transport,Uttar Pradesh metro rail corporation [UPMRC],,11076.0,11076.0,9463.15,332.0,83.0,1.0,60.0,87.6,34.1,1,15,0,False,
MOSPI_706781,Mumbai Urban Transport Project Phase-III,Railways,Mumbai Rail Vikas Corporation Ltd.[MRVC],,10947.0,10947.0,6880.48,148.28,75.0,0.0,64.0,117.5,57.0,1,15,0,False,
MOSPI_702639,Ahmedabad Metro Rail Project [Phase-I],Urban Transport,Gujarat Metro Rail Corporation Limited [GMRCL],,10773.0,12924.5,12520.7,109.9,100.0,0.0,40.4,141.9,98.0,1,15,0,False,
MOSPI_602579,Buxar Thermal Power Project [1320 MW],Power,Satluj Jal Vidyut Nigam [SJVN] Thermal Limited,,10439.0,13756.6,13731.8,125.1,95.0,0.0,58.0,90.3,28.7,1,15,0,False,
MOSPI_701349,Paradip-Numaligarh Crude Oil Pipeline [PNCPL] & Crude Oil Import Terminal [COIT] at Paradip,Power,Numaligarh Refinery Limited,,10228.0,12407.0,11168.5,132.5,93.0,0.0,65.9,91.6,27.1,1,15,0,False,
MOSPI_701415,Polavaram Irrigation Project,Water Resources,Water Resources-AP,,10151.0,55548.9,27961.5,235.3,86.0,0.0,159.3,211.8,47.0,1,15,0,False,
MOSPI_400012,Kandla Gorakhpur LPG Pipeline,Power,Ministry of Petroleum & Natural Gas,,10088.0,10088.0,8672.35,86.64,96.0,1.0,36.0,92.5,54.0,1,15,0,False,
MOSPI_619326,Nidadavolu-Duvvada 3rd & 4th Lines,Railways,South Central Railway [SCR] - II,,9889.0,9889.0,0.01,0.01,0.0,0.0,69.0,4.7,0.0,0,15,0,False,
MOSPI_618985,Pune Metro Rail Project Phase-2 Line-4 Kharadi to Khadakwasla with Spur Line 4A Nal Stop - Warje - Manikbaug,Urban Transport,Maharashtra Metro Rail Corporation Limited [MMRCL],,9858.0,9858.0,8.62,1.21,2.0,1.0,60.5,9.0,0.0,0,15,0,False,
MOSPI_617188,"Sipat Super Thermal Power Project, Stage-III [1x800 MW]",Power,National Thermal Power Corporation [NTPC],,9791.0,9791.0,1910.55,114.73,22.0,1.0,60.3,23.8,2.0,0,15,0,False,
MOSPI_701346,North East Gas Grid,Petroleum,Indradhanush Gas Grid Limited,,9265.0,9265.0,7008.0,108.0,88.0,0.0,48.0,77.5,48.0,1,15,0,False,
MOSPI_400078,New Mundra Panipat Crude Oil Pipeline,Power,Ministry of Petroleum & Natural Gas,,9028.0,9028.0,7482.71,26.41,94.0,1.0,36.0,56.8,18.3,1,15,0,False,
MOSPI_400234,Third Railway Line between Patratu-Sonnagar [281 kms],Railways,RVNL - II,,8975.0,8975.0,4950.0,151.04,88.0,-2.0,112.2,117.7,4.0,0,15,0,False,
MOSPI_400277,Dum Dum Airport-New Garia via Rajarhat-Construction of Metro Railway,Railways,RVNL - II,,8964.0,8964.0,8984.66,251.64,87.0,0.0,189.6,198.0,24.0,1,15,0,False,
MOSPI_705480,"Lalitpur-Satna, Rewa-Singrauli & Mahoba-Khajuraho",Railways,North Central Railway,,8914.0,8914.0,6889.55,82.6,74.0,0.0,242.1,235.7,9.0,1,15,0,False,
MOSPI_400168,"500 KTA PDHPP Project, Usar",Petroleum,Gas Authority of India Limited [GAIL],,8797.0,11256.0,8861.88,120.0,92.0,0.0,48.0,65.2,26.7,1,15,0,False,
MOSPI_400185,GOPALJI KANIHA OCP [10 TO 30 M,Coal,MCL - CIL,,8416.0,6107.87,1777.54,0.71,36.0,0.0,95.2,52.7,0.0,0,15,0,False,
MOSPI_617207,Delhi Metro Rail Phase-IV [2 Corridors],Urban Transport,Delhi Metro Rail Corporation Limited [DMRC],,8400.0,8400.0,183.23,26.54,4.0,0.0,60.0,29.6,0.0,0,15,0,False,
MOSPI_702629,Agra Metro Rail Project,Urban Transport,Uttar Pradesh metro rail corporation [UPMRC],,8380.0,8380.0,6368.28,266.0,73.0,2.0,60.0,87.6,37.1,1,15,0,False,
MOSPI_705396,Byrnihat-Shillong New Rail Line- 108 km,Railways,Northeast Frontier Railway [NFR],,8324.0,8342.28,266.12,0.0,2.0,0.0,119.6,185.1,72.0,1,15,0,False,
MOSPI_701405,J. Chokka Rao Devadula Lift Irrigation Scheme,Water Resources,Irrigation and CAD-TG,,8201.0,14730.0,4841.09,56.55,88.0,0.0,165.0,245.5,72.0,1,15,0,False,
MOSPI_611716,700 MW Tato-II HE Project,Power,North Eastern Electric Power Corporation Limited,,8146.0,8146.0,253.97,0.0,7.0,0.0,71.9,12.4,0.0,0,15,0,False,
MOSPI_602525,"Pakal Dul [Drangdhuran] Hydroelectric Project, 1000 MW",Power,National Hydroelectric Power Corporation Limited [NHPC],,8112.0,12728.0,9313.54,199.42,82.0,2.0,66.0,142.6,80.1,1,15,0,False,
MOSPI_706779,Mumbai Urban Transport Project [MUTP] - PHASE II,Railways,Mumbai Rail Vikas Corporation Ltd.[MRVC],,8087.0,8087.0,7559.14,37.05,90.0,0.0,70.7,220.2,165.0,1,15,0,False,
MOSPI_705432,Sivok-Rangpo New Rail Line,Railways,Indian Railway Construction International Limited [IRCON],,7877.0,11775.0,11090.5,156.8,80.0,-5.0,67.0,202.5,151.0,1,15,0,False,
MOSPI_617200,KHARSIA- NAYA RAIPUR-PARMALKASA 5th and 6th Line [278KM],Railways,CAO/C/SECR,,7854.0,7854.0,0.64,0.04,0.0,0.0,71.6,17.1,0.0,0,15,0,False,
MOSPI_701354,Mumbai Nagpur Jharsuguda Pipeline Project,Petroleum,Ministry of Petroleum & Natural Gas,,7844.0,8255.0,7070.1,100.4,99.0,0.0,34.9,75.0,37.5,1,15,0,False,
MOSPI_400147,KUSMUNDA OC EXPANSION [15 TO 50 MTY],Coal,South Eastern Coalfields Limited [SECL],,7612.0,7612.0,4697.95,0.0,81.0,0.0,115.9,157.4,84.0,1,15,0,False,
MOSPI_612838,DIPKA OC,Coal,SECL - CIL,,7580.0,7580.0,3091.0,0.0,65.0,0.0,36.0,12.0,0.0,0,15,0,False,
MOSPI_702626,Indore Metro Rail Project,Urban Transport,Madhya Pradesh Metro Rail Co Limited [MPMRCL],,7501.0,7501.0,5093.95,49.95,65.0,0.0,48.0,93.5,73.1,1,15,0,False,
MOSPI_705763,Indore - Budni New Railway Line [198 kms],Railways,RVNL - II,,7474.0,7474.0,2879.62,262.11,41.0,4.0,133.3,84.8,0.0,0,15,0,False,
MOSPI_701330,Mehsana-Bhatinda & Bhatinda-Jammu Natural Gas Pipeline,Petroleum,Ministry of Petroleum & Natural Gas,,7392.0,7392.0,6362.31,1.45,90.0,0.0,155.8,182.3,33.0,1,15,0,False,
MOSPI_400112,Jigaon Irrigation Project,Water Resources,Department of water resources-MH - II,,7223.0,7223.0,10516.6,928.61,92.0,1.0,135.0,113.5,0.0,0,15,0,False,
MOSPI_701386,Gosikhurd Project,Water Resources,Department of water resources-MH - II,,7196.0,12770.1,14439.5,53.8,73.0,0.0,141.0,221.5,102.0,1,15,0,False,
MOSPI_400150,RPR MAGADH EXP OCP,Coal,Ministry of Coal,,6964.0,6964.0,2299.77,1.32,39.0,0.0,91.9,73.4,0.0,0,15,0,False,
MOSPI_702625,Bhopal Metro Rail Project,Urban Transport,Madhya Pradesh Metro Rail Co Limited [MPMRCL],,6941.0,6941.0,4498.76,136.33,63.0,1.0,48.0,93.5,67.0,1,15,0,False,
MOSPI_618412,Construction of i Connecting Road from Z-Morh Tunnel to Zojila Tunnel Road Length 18.475km and ii 14.150 Km long 2-L Bi-directional single tube Zoji-la Tunnel across Zojila Pass on Sonamarg - Kargil section from Km 82 to Km 118 of NH-01 under PMDP,Roads & Highways,NHIDCL,,6809.0,6809.0,3574.5,25.43,69.0,0.0,104.4,103.9,17.0,1,15,0,False,
MOSPI_705793,Raising of speed to 160 kmph/200 kmph on existing New Delhi-Mumbai route incl. Vadodara-Ahmedabad,Railways,PCE/WR,,6806.0,8095.12,9480.86,2.31,66.0,0.0,55.0,84.5,24.0,1,15,0,False,
MOSPI_702658,Nagpur Metro Rail Phase II Development Project,Urban Transport,Maharashtra Metro Rail Corporation Limited [MMRCL],,6708.0,6708.0,2161.73,135.17,42.0,1.0,60.1,44.5,0.0,0,15,0,False,
MOSPI_705794,New Delhi- Howrah Speed Booster[160Kmph] Project,Railways,PCE/NCR,,6685.0,6685.0,127.03,0.0,0.0,0.0,55.0,84.5,0.0,0,15,0,False,
MOSPI_619314,Pipeline Replacement Project- PRP-IX,Petroleum,Oil and Natural Gas Corporation Limited [ONGC],,6684.0,6175.0,979.47,115.19,24.0,3.0,20.8,12.8,0.0,0,15,0,False,
MOSPI_705392,Dimapur [Dhansiri]-Sukhobi Kohima [Zubza] NL [82.5 Km],Railways,Northeast Frontier Railway [NFR] - II,,6663.0,6663.0,6748.9,29.37,46.0,1.0,115.0,132.7,57.2,1,15,0,False,
MOSPI_705648,Vijaywada-Gudur 3rd Line,Railways,RVNL - II,,6654.0,6654.0,6213.64,31.99,96.0,0.0,99.2,120.7,16.0,1,15,0,False,
MOSPI_705726,Track Machine Procurement Project,Railways,EDTK[MC]/RB,,6339.0,6339.0,4201.26,34.79,62.0,21.0,58.3,76.8,35.0,1,15,0,False,
MOSPI_618738,6L Bridge and its approaches across River Ganga as Part of Patna Ring Road NH-131G starting from Km 8.480 near Sherpur to Km 23.000 near Dighwara,Roads & Highways,NHAI,,6292.0,3351.62,734.19,0.26,22.0,1.0,59.3,47.6,18.8,1,15,0,False,
MOSPI_602096,Subansiri Lower HE Project [2000 MW],Power,National Hydroelectric Power Corporation Limited [NHPC],,6285.0,26075.5,26448.1,68.1,98.0,0.0,84.0,276.2,198.7,1,15,0,False,
MOSPI_617206,Delhi Metro Rail Phase-IV [Rithala - Kundli Corridor],Urban Transport,Delhi Metro Rail Corporation Limited [DMRC],,6231.0,6231.0,800.48,230.35,5.0,2.0,48.0,20.4,0.0,0,15,0,False,
MOSPI_709851,Integrated Development of 4 Contract Areas under DSF-II,Petroleum,Oil and Natural Gas Corporation Limited [ONGC],,6184.0,6183.79,2053.0,29.05,47.0,3.0,47.1,39.7,0.0,0,15,0,False,
MOSPI_400382,Rewas Port Project,Shipping,Reliance Industries Ltd,,6000.0,6000.0,5999.89,0.0,88.0,88.0,39.0,80.5,0.0,0,15,0,False,
MOSPI_615339,Transmission system for evacuation of power from Rajasthan REZ Ph-IV [Part-3/6GW] [Bikaner complex] Part A [SPV Name POWERGRID Bikaner IV Transmission Limited],Transmission & Distribution,Power Grid Corporation of India Limited [POWERGRID],,5969.0,5969.0,1969.77,89.54,33.0,2.0,23.9,22.1,5.6,0,15,0,False,
MOSPI_705667,Mathura-Jhansi - 3rd line 273.80 km,Railways,CMD / RVNL RVNL mor,,5961.0,5960.76,5725.22,530.04,94.0,-3.0,87.7,120.2,36.0,1,15,0,False,
MOSPI_617416,"Revised Jharia Master Plan for Dealing with Fire, Subsidence & Rehabilitation of affected families in Jharia Coalfield- Reg.",Coal,Bharat Coking Coal Limited [BCCL],,5940.0,5940.0,520.75,192.97,34.0,3.0,42.2,14.7,0.0,0,15,0,False,
MOSPI_616253,BLOCK E OCP,Coal,BCCL - CIL,,5851.0,5851.0,20.32,0.0,4.0,0.0,60.2,29.7,0.0,0,15,0,False,
MOSPI_616670,Transmission System for evacuation of Power from Rajasthan REZ Ph-IV [Part-4 3.5 GW] Part A  [SPV name POWERGRID Ghiror Transmission Limited],Transmission & Distribution,Power Grid Corporation of India Limited [POWERGRID],,5846.0,5846.0,1953.73,199.92,41.0,3.0,24.0,20.5,6.0,0,15,0,False,
MOSPI_619052,LUCKNOW METRO RAIL PROJECT PHASE-1B EAST WEST CORRIDOR,Urban Transport,Uttar Pradesh metro rail corporation [UPMRC],,5801.0,5801.0,0.05,0.05,2.0,0.0,67.8,12.4,0.0,0,15,0,False,
MOSPI_602181,"TEESTA-VI HE PROJECT, SIKKIM [500 MW], executed by LANCO TEESTA HYDRO POWER LIMITED [A wholly owned Subsidiary of NHPC LTD. acquired through NCLT]",Power,National Hydroelectric Power Corporation Limited [NHPC],,5748.0,5748.04,4656.92,79.99,69.0,0.0,60.0,90.3,45.8,1,15,0,False,
MOSPI_618934,Guwahati Ring Road in the State of Assam,Roads & Highways,NHAI,,5729.0,5729.0,328.42,324.93,0.0,0.0,65.7,25.4,0.0,0,15,0,False,
MOSPI_617185,Transmission System for Integration of Kurnool-IV REZ  Phase-I [for 4.5 GW] [POWERGRID Kurnool-IV Transmission Limited],Transmission & Distribution,Power Grid Corporation of India Limited [POWERGRID],,5550.0,5550.0,1776.0,180.93,29.0,4.0,23.9,17.7,6.3,1,15,0,False,
MOSPI_701338,City Gas Distribution Maharashtra Natural Gas Limited,Petroleum,Gas Authority of India Limited [GAIL],,5535.0,5535.0,4481.93,89.35,47.0,0.0,304.8,248.0,0.0,0,15,0,False,
MOSPI_709748,BIKANER SOLAR POWER PROJECT,Power,Satluj Jal Vidyut Nigam [SJVN] Thermal Limited,,5492.0,5492.0,5376.34,291.66,92.0,4.0,30.0,59.4,20.9,1,15,0,False,
MOSPI_702540,In-Situ Slum Redevelopment Project in Gujarat,Real Estate,"PMAY, Ministry of Housing and Urban Affairs",,5477.0,5477.0,3035.81,0.0,0.0,0.0,36.0,12.0,0.0,0,15,0,False,
MOSPI_619022,"Metro connectivity from Millennium  City Centre to Cyber City with Spur to Dwarka Expressway, Gurugram.",Urban Transport,Gurugram Metro Rail Limited [GMRL],,5453.0,5453.0,193.32,33.65,10.0,6.0,48.0,38.3,0.0,0,15,0,False,
MOSPI_702631,"Ahmedabad Metro Rail Project, Phase-II",Urban Transport,Gujarat Metro Rail Corporation Limited [GMRCL],,5384.0,5384.0,5019.61,59.59,100.0,0.0,60.7,90.2,21.0,1,15,0,False,
MOSPI_701565,Jal Marg Vikas Project,Water Resources,Inland Waterways Authority of India [IWAI],,5369.0,5061.15,4187.19,69.58,85.0,1.0,71.9,104.4,33.8,1,15,0,False,
MOSPI_616231,BHUBANESWARI EXPN OCP 50 MTY,Coal,MCL - CIL,,5366.0,5366.0,477.84,0.11,33.0,-1.0,108.1,29.7,0.0,0,15,0,False,
MOSPI_400315,SONEPUR BAZARI EXPANSION OCP [,Coal,Eastern Coal Fields Limited [ECL],,5366.0,5366.0,697.64,69.42,18.0,0.0,92.1,61.6,0.0,0,15,0,False,
MOSPI_615340,TRANSMISSION SYSTEM FOR EVACUATION OF POWER FROM RAJASTHAN REZ PH-IV [PART-3/ 6 GW] [BIKANER COMPLEX] PART B [SPV Name POWERGRID Siwani Transmission Limited],Transmission & Distribution,Power Grid Corporation of India Limited [POWERGRID],,5357.0,5357.0,1921.02,108.21,37.0,3.0,23.9,22.1,4.6,0,15,0,False,
MOSPI_602535,"Ratle HE Project - 850 MW, Ratle Hydroelectric Power Corporation Limited.",Power,National Hydroelectric Power Corporation Limited [NHPC],,5282.0,5282.0,1645.11,5.28,32.0,1.0,60.0,67.1,33.6,1,15,0,False,
MOSPI_400354,DIPKA EXPANSION OCP [40 MTY],Coal,SECL - CIL,,5241.0,5241.0,2941.23,1.9,39.0,0.0,99.2,68.7,0.0,0,15,0,False,
MOSPI_400166,SIARMAL OCP,Coal,Mahanadi Coalfields Limited [MCL],,5195.0,5195.0,3543.45,52.24,61.0,1.0,97.9,67.4,0.0,0,15,0,False,
MOSPI_400429,Exhibition cum Convention Centre Dwarka [Phase I],"Tourism, Hospitality & Wellness",India International Convention & Expo Centre,,5178.0,5401.0,4470.0,0.0,97.0,0.0,22.6,105.5,63.4,1,15,0,False,
MOSPI_705493,Hubli-Ankola 167 km,Railways,CAOC/SWR SWR mor,,5174.0,533.32,186.31,5.83,10.0,5.0,74.9,332.4,300.0,1,15,0,False,
MOSPI_607709,NORTH EASTERN REGION POWER SYSTEM IMPROVEMENT PROJECT [NERPSIP],Transmission & Distribution,Power Grid Corporation of India Limited [POWERGRID],,5111.0,6700.0,5577.75,0.0,99.0,0.0,49.0,141.5,98.9,1,15,0,False,
MOSPI_705650,Hospet - Tinaighat - Vasco Rail Doubling Project,Railways,RVNL - II,,5060.0,5060.0,5511.03,178.51,86.0,0.0,204.0,197.5,9.0,1,15,0,False,
MOSPI_617186,Rajasthan REZ Ph-V [Part-1- 4 GW] [Sirohi/Nagaur] Complex [Rajasthan V Power Transmission Limited],Transmission & Distribution,Power Grid Corporation of India Limited [POWERGRID],,5028.0,5028.0,1508.4,244.87,34.0,3.0,23.9,17.7,3.3,0,15,0,False,
MOSPI_400097,Sardar Sarovar CADWM Project,Water Resources,"Narmada and Water Resources, Water Supply and Kalpsar Dep...",,5022.0,6670.31,4957.08,0.1,90.0,0.0,33.0,113.5,75.0,1,15,0,False,
MOSPI_222253,Amended BharatNet Program - UP (East),Telecommunications,Department of Telecommunications,,5008.0,5008.0,502.0,0.0,8.0,8.0,54.5,37.4,0.0,0,15,0,False,
MOSPI_618373,"Construction of 4-Lane Bridge including approaches over River Brahmaputra between Dhubri on North Bank,Assam and Phulbari on south Bank,Meghalaya on NH-127B under JICA ODA Loan assistance Phase-III",Roads & Highways,NHIDCL,,4997.0,4997.0,3081.08,47.49,77.0,0.0,112.3,88.3,0.0,0,15,0,False,
MOSPI_400156,EPR AMRAPALI OCP,Coal,CCL - CIL,,4984.0,4984.0,1838.82,27.05,44.0,0.0,97.6,79.1,0.0,0,15,0,False,
MOSPI_705444,Gevra Road-Pendra Road New Railway Line [135 km],Railways,Indian Railway Construction International Limited [IRCON],,4970.0,7448.52,5327.55,114.83,83.0,0.0,95.8,149.3,57.0,1,15,0,False,
MOSPI_175860,"Amended BharatNet Program - MP, DD and DNH",Telecommunications,Department of Telecommunications,,4943.0,4943.0,562.13,0.0,8.0,0.0,59.5,39.4,0.0,0,15,0,False,
MOSPI_400204,"Bahraich - Khalilabad via Bhinga, Shravasti,  Balrampur, Utraula, Domriyaganj, Mehdawal, Bansi 240.26 km",Railways,CAOC/NER NER mor,,4940.0,4939.78,1671.24,388.16,15.0,7.0,144.0,94.5,0.0,0,15,0,False,
MOSPI_618599,6L of Ramanatukkara Junction to start of Valanchery bypass section of NH-66,Roads & Highways,NHAI,,4919.0,4919.46,3765.27,130.1,100.0,0.0,41.7,67.5,25.4,1,15,0,False,
MOSPI_705730,Joka-BBD Bag new metro project,Railways,RVNL - II,,4835.0,10362.0,5098.73,100.24,51.0,0.0,201.9,198.4,36.0,1,15,0,False,
MOSPI_706776,Noapara-Barasat via Bimanbandar - Construction of Metro railway [18 km],Railways,"Metro Railway, Kolkata",,4830.0,4830.0,3350.62,91.67,32.0,0.0,189.9,190.4,31.0,1,15,0,False,
MOSPI_602193,Tehri Pumped Storage Plant Project [4x250 MW],Power,THDC India Limited,,4826.0,8339.0,8213.03,23.96,99.0,0.0,191.3,242.2,45.5,1,15,0,False,
MOSPI_400253,Vizianagaram - Titlagarh 3rd line  [272 Km including By - pass line of 7.68 KM],Railways,RVNL - II,,4803.0,6669.91,6260.17,26.92,99.0,1.0,114.5,123.2,12.2,1,15,0,False,
MOSPI_705520,Vizianagaram-Sambhalpur 3rd Line Project,Railways,RVNL,,4803.0,4803.0,2979.23,0.0,0.0,0.0,105.7,123.2,0.0,0,15,0,False,
MOSPI_615345,Transmission System for Evacuation of Power from Potential Renewable Energy Zone in Khavda area of Gujarat under Phase-IV [7GW] Part B [SPV Name POWERGRID South Olpad Transmission Limited],Transmission & Distribution,Power Grid Corporation of India Limited [POWERGRID],,4766.0,4766.0,2144.7,33.36,38.0,1.0,23.9,23.0,12.5,1,15,0,False,
MOSPI_602223,Comprehensive Scheme for Strengthening of Transmission and Distribution [T&D] Systems [CSST&DS] in Arunachal Pradesh and Sikkim,Transmission & Distribution,Power Grid Corporation of India Limited [POWERGRID],,4754.0,9129.32,8141.52,12.78,84.0,0.0,50.2,143.0,99.3,1,15,0,False,
MOSPI_613785,Redevelopment of New Delhi Railway Station and construction of associated infrastructure,Railways,Rail Land Development Authority,,4744.0,4744.0,355.8,23.72,6.0,1.0,71.2,43.7,0.0,0,15,0,False,
MOSPI_612134,Transmission System for Evacuation of power from Rajasthan REZ Ph-IV [Part-1] [Bikaner Complex] Part A [Bikaner Neemrana  Transmission Ltd],Transmission & Distribution,Power Grid Corporation of India Limited [POWERGRID],,4741.0,4741.0,3887.62,0.0,78.0,-1.0,24.0,32.6,12.2,1,15,0,False,
MOSPI_617212,Doubling between Mudkhed  Medchal & Mahbubnagar  Dhone section 417.88 Km,Railways,South Central Railway [SCR] - II,,4686.0,4686.0,1938.02,126.22,2.0,0.0,67.2,36.7,0.0,0,15,0,False,
MOSPI_616933,Lube Modernization & Bottom Upgradation Project at Mumbai Refinery,Petroleum,Hindustan Petroleum Corporation Limited,,4679.0,6008.0,314.9,26.37,14.0,2.0,39.0,21.0,17.5,1,15,0,False,
MOSPI_400005,Transmission Network Expansion in Gujarat to increase its ATC from ISTS Part B,Transmission & Distribution,Power Grid Corporation of India Limited [POWERGRID],,4546.0,4546.0,4528.07,4.58,100.0,0.0,16.9,56.0,35.6,1,15,0,False,
MOSPI_617806,Transmission System for Integration of Ananthapur 2 REZ Phase 1 for 4.5 GW. SPV Name Anantapuram 2 REZ Transmission Ltd,Transmission & Distribution,Sterlite Power,,4536.0,4536.0,1207.57,150.0,64.0,14.0,31.2,24.7,0.0,0,15,0,False,
MOSPI_605155,Kwar HE Project,Power,National Hydroelectric Power Corporation Limited [NHPC],,4526.0,4526.0,1701.47,84.6,37.0,2.0,54.0,52.2,16.7,1,15,0,False,
MOSPI_617287,KUSMUNDA OC EXPANSION PROJECT,Coal,SECL - CIL,,4517.0,4517.0,847.19,10.05,24.0,0.0,64.0,21.5,0.0,0,15,0,False,
MOSPI_619049,Khavda IVA Power Transmission Limited,Transmission & Distribution,Adani Transmission Limited,,4500.0,4500.0,2772.7,420.69,70.0,12.0,24.0,24.5,7.0,1,15,0,False,
MOSPI_709799,Setting up Polypropylene Unit at Kochi Refinery,Petroleum,Bharat Petroleum Corporation Limited [BPCL],,4460.0,4850.0,1026.0,132.14,45.0,5.0,46.4,32.9,0.0,0,15,0,False,
MOSPI_612140,Transmission Scheme for Integration of Renewable Energy Zone [Phase II] in Koppal II [Phase A&B] and gadag II[Phase A] in Karnataka [POWERGRID KOPPAL GADAG TRANSMISSION LIMITED],Transmission & Distribution,Power Grid Corporation of India Limited [POWERGRID],,4445.0,4445.0,4089.4,130.68,96.0,4.0,24.0,32.7,9.2,1,15,0,False,
MOSPI_617883,"Redevelopment of Residential colonies at Ayur Vigyan Nagar and West Ansari Nagar campuses of AIIMS, New Delhi",Healthcare,PMSSY AND Institute of NATIONAL Importance,,4441.0,4441.0,44.44,19.76,57.0,-4.0,127.2,118.7,0.0,0,15,0,False,
MOSPI_618914,"4L Elevated Corridor and at-grade improvements from Design Ch0000 to Design Ch 19870 of Danapur  Bihta Section, Design Ch0000 to Design Ch0231 connecting the existing RoB near Danapur station ,1.35 Km ramps and at-grade improvements to 4-lane section on Danapur side and Upgradation of existing Two lane carriageway to Four Lane carriageway from Design Ch19870 to Design Ch23500 of Bihta - Koilwar section",Roads & Highways,NHAI,,4433.0,2625.4,1578.15,60.86,64.0,3.0,47.1,47.3,11.7,1,15,0,False,
MOSPI_617201,Gondia-Balharshah [Chanda Fort] Doubling [240 Km],Railways,South East Central Railway,,4373.0,4373.0,1.79,0.79,2.0,1.0,71.7,17.2,0.0,0,15,0,False,
MOSPI_705608,Jhansi-Khairar-Manikpur & Khirar-Bhimsen,Railways,North Central Railway,,4330.0,4330.0,3102.72,102.63,73.0,3.0,97.0,102.5,0.0,0,15,0,False,
MOSPI_618602,6L of Thalikulam to Kodugallur section from km 369.015 to km 397.850 of NH - 66 old NH-17,Roads & Highways,NHAI,,4302.0,4302.06,3312.68,0.01,95.0,0.0,43.7,62.7,28.4,1,15,0,False,
MOSPI_602532,Kiru HE Project,Power,National Hydroelectric Power Corporation Limited [NHPC],,4288.0,5409.0,3948.67,79.95,87.0,1.0,54.0,90.3,39.8,1,15,0,False,
MOSPI_609424,"Development of Container Terminal at Tuna-Tekra, Deendayal Port on BOT Basis Under PPP Mode",Shipping,Deendayal Port Trust,,4244.0,4244.0,2737.7,256.7,60.0,0.0,52.7,46.8,6.6,1,15,0,False,
MOSPI_612139,Transmission system for Evacuation of Additional 7 GW RE power from Khavda RE park under Phase-III Part B [Vataman Transmission Limited],Transmission & Distribution,Power Grid Corporation of India Limited [POWERGRID],,4231.0,4231.0,3175.79,0.01,72.0,1.0,24.0,32.7,12.2,1,15,0,False,
MOSPI_618601,6L of  Kappirikkad to Thalikulam section from km 335.85 to km 369.015 of NH - 66 old NH-17,Roads & Highways,NHAI,,4226.0,4225.59,3345.3,16.19,95.0,0.0,43.6,63.2,29.1,1,15,0,False,
MOSPI_618981,810 MW Solar Power Project - Rajasthan,Power,NLC India Limited [NLCIL],,4147.0,4147.0,249.95,25.18,0.0,0.0,41.5,23.2,0.0,0,15,0,False,
MOSPI_709839,Daman Upside Development Project,Petroleum,Oil and Natural Gas Corporation Limited [ONGC],,4144.0,6406.9,6302.5,17.69,93.0,-5.0,40.1,50.6,14.0,1,15,0,False,
MOSPI_400141,Expansion of Alumina Refinery Plant with addition of 5th Stream having capacity enhancement of 1.0 Million Tonee Per Annum,Steel,National Aluminium Company Limited [NALCO],,4103.0,5677.4,5023.49,38.42,96.0,1.0,68.3,112.8,42.0,1,15,0,False,
MOSPI_617239,Narkatiaganj-Raxaul-Sitamarhi-Darbhanga & Sitamarhi-Muzaffarpur Sections doubling 256 km Umbrella work PB57/2019-20/NR,Railways,CAO/Con/North/MHX ECR mor,,4080.0,4079.96,18.9,8.97,0.0,0.0,60.0,22.3,4.8,0,15,0,False,
MOSPI_705572,Doubling of New Bonggigaon to Kamakhya via Goalpara - 176 km,Railways,Northeast Frontier Railway [NFR],,4060.0,4961.0,3831.06,9.1,95.0,4.0,114.9,120.4,0.0,0,15,0,False,
MOSPI_618472,Vadodara Mumbai Expressway Phase II - Pkg XVI [Km. 43.000 to Km. 69.800 of Spur] Amne - Bhoj,Roads & Highways,NHAI,,4052.0,4315.56,982.89,30.2,91.0,-5.0,40.2,62.7,21.0,1,15,0,False,
MOSPI_618600,6L of Valanchery bypass to Kappirikkad of NH  66 from km. 298500 to km 335850,Roads & Highways,NHAI,,4024.0,4023.94,2592.92,116.43,100.0,0.0,41.2,67.1,25.4,1,15,0,False,
MOSPI_611864,AMALAGAMATED NTST KUJAMA OCP 8.5MTY,Coal,Bharat Coking Coal Limited (BCCL),,4012.0,4012.0,414.97,0.0,31.0,0.0,86.8,44.3,0.0,0,15,0,False,
MOSPI_617405,Jamnagar Transmission Limited,Transmission & Distribution,Adani Transmission Limited,,4000.0,4000.0,698.0,145.0,24.0,5.0,24.0,23.0,11.5,1,15,0,False,
MOSPI_709793,"City Gas Distribution Projects at Gopalganj, Siwan, West Champaran, East Champaran and Deoria districts",Petroleum,Bharat Petroleum Corporation Limited [BPCL],,3919.0,3919.0,527.15,9.02,30.0,0.0,90.3,44.8,0.0,0,15,0,False,
MOSPI_602195,Vishnugad Pipalkoti Hydro Electric Project [444 MW],Power,THDC India Limited,,3860.0,6405.08,5832.69,132.58,82.0,1.0,171.8,216.8,66.5,1,15,0,False,
MOSPI_618466,Vadodara Mumbai Expressway Jujuwa - Gandeva from Km. 154.600 to Km. 190.000 Phase-I Package-VIII,Roads & Highways,NHAI,,3834.0,3820.2,197.98,0.85,5.0,0.0,31.7,38.2,8.5,1,15,0,False,
MOSPI_701376,"Subernarekha   Multipurpose Project, Jharkhand",Water Resources,Department of Water Resources-JH,,3808.0,9579.58,6040.27,40.47,70.0,0.0,105.0,185.5,75.0,1,15,0,False,
MOSPI_701668,Development of Palakkad Node under extension of CBIC to Kochi,Real Estate,National Industrial Corridor Development Corporation,,3805.0,3805.0,57.93,57.93,5.0,0.0,55.8,24.6,0.0,0,15,0,False,
MOSPI_702524,Affordable Housing Construction Project in Chhattisgarh,Real Estate,"PMAY, Ministry of Housing and Urban Affairs",,3798.0,3798.0,2694.0,0.0,0.0,0.0,36.0,12.0,0.0,0,15,0,False,
MOSPI_705358,Khurda-Bolangir New Broad Gauge Rail Link [301km],Railways,East Coast Railway [ECoR] - II,,3792.0,5089.0,5789.53,37.43,92.0,0.0,393.0,389.5,0.0,0,15,0,False,
MOSPI_108841,"Amended BharatNet Program - KTK, GOA, PY",Telecommunications,Department of Telecommunications,,3742.0,3742.0,435.31,0.0,8.0,8.0,58.4,37.4,0.0,0,15,0,False,
MOSPI_705633,Guntur-Guntakal Doubling Project,Railways,South Central Railway [SCR] - II,,3733.0,4295.0,5552.65,29.05,94.0,0.0,105.0,113.5,12.0,1,15,0,False,
MOSPI_619328,ONGC-BP Redevelopment Phase-1 Scheme of Mumbai High Field,Petroleum,Oil and Natural Gas Corporation Limited [ONGC],,3713.0,3908.0,2304.68,747.18,56.0,3.0,16.1,9.7,0.0,0,15,0,False,
MOSPI_709796,City Gas Distribution Projects at the Nilgiris and Erode districts,Petroleum,Bharat Petroleum Corporation Limited [BPCL],,3685.0,3685.0,303.1,5.34,26.0,0.0,87.3,44.8,0.0,0,15,0,False,
MOSPI_701602,"Provision of 4G based mobile services in 7,287 uncovered villages of 44 Aspirational District across 5 states of Andhra Pradesh, Chhattisgarh, Jharkhand, Maharashtra & Odisha",Telecommunications,Department of Telecommunications [DoT],,3685.0,3685.0,1457.51,6.08,83.0,0.0,24.0,57.9,30.0,1,15,0,False,
MOSPI_615344,Transmission System for Evacuation of Power from Rajasthan REZ Ph-IV [Part-2  5.5GW] [Jaisalmer/Barmer Complex] Part H1 [POWERGRID KURAWAR TRANSMISSION LIMITED],Transmission & Distribution,Power Grid Corporation of India Limited [POWERGRID],,3674.0,3674.0,1673.14,35.64,48.0,2.0,23.9,23.0,8.5,1,15,0,False,
MOSPI_709792,"City Gas Distribution Projects at Darbhanga, Madhubani, Supaul, Sitamarhi and Sheohar districts",Petroleum,Bharat Petroleum Corporation Limited [BPCL],,3638.0,3638.0,493.91,4.49,34.0,0.0,87.3,44.8,0.0,0,15,0,False,
MOSPI_619208,Kadambattukonam-Kazhakuttom,Roads & Highways,NHAI,,3636.0,3526.33,2124.13,0.04,44.0,0.0,37.4,57.3,28.4,1,15,0,False,
MOSPI_618986,Furkating-New Tinsukia[194 Km],Railways,Northeast Frontier Railway [NFR],,3634.0,3634.0,0.24,0.24,0.0,0.0,45.9,12.4,0.0,0,15,0,False,
MOSPI_400275,Tindivanam-Nagari New Line Project [184.5 km],Railways,Ministry of Railways,,3631.0,3631.0,1335.29,37.12,17.0,0.0,205.8,217.8,30.5,1,15,0,False,
MOSPI_705503,Pune - Miraj-Londa  [467 Kilometres],Railways,Central Railway [CR] - II,,3627.0,6689.0,6548.0,1299.28,84.0,-5.0,104.6,123.2,6.0,1,15,0,False,
MOSPI_618971,Pune Metro Rail Project Phase-2 Corridor 2A Vanaz to Chandani Chowk and Corridor 2B Ramwadi to Wagholi/Vitthalwadi,Urban Transport,Maharashtra Metro Rail Corporation Limited [MMRCL],,3626.0,3626.0,16.17,11.69,2.0,0.0,48.5,14.0,0.0,0,15,0,False,
MOSPI_618481,4L Bangalore-Chennai Expressway from Km. 230.000 to Km. 261.705 of Kanchepuram to Sriperumbudur Section Phase-III/Package-IV,Roads & Highways,NHAI,,3606.0,3605.73,987.38,57.09,90.0,0.0,40.4,66.6,27.7,1,15,0,False,
MOSPI_616702,Malkangiri Pandurangapuram new railway line project,Railways,Indian Railways,,3592.0,3592.0,0.0,0.0,0.0,0.0,87.2,24.9,0.0,0,15,0,False,
MOSPI_616226,INTEGRATED KULDA GARJANBAHAL O,Coal,MCL - CIL,,3564.0,3564.0,692.76,11.55,10.0,2.0,119.4,40.9,0.0,0,15,0,False,
MOSPI_900808,Transmission System for Kurnool Wind Energy Zone/ Solar Energy Zone  Part-A and Part-B,Transmission & Distribution,Power Grid Corporation of India Limited [POWERGRID],,3547.0,3547.0,3532.75,3.55,100.0,0.0,24.2,45.7,18.0,1,15,0,False,
MOSPI_705617,Rajnandgaon - Nagpur [Kalumna] Third Railway Line [228.30 km],Railways,South East Central Railway [SECR] - II,,3545.0,3545.0,3678.97,23.5,96.0,0.0,99.7,120.2,17.9,1,15,0,False,
MOSPI_618469,Vadodara Mumbai Expressway Phase II - Pkg XIII [Km. 26.582 to Km. 50.700] Shirsad - Masvan,Roads & Highways,NHAI,,3537.0,4679.54,1986.56,141.86,98.0,7.0,44.1,75.3,30.7,1,15,0,False,
MOSPI_400183,BALARAM EXPANSION OCP,Coal,Mahanadi Coalfields Limited (MCL),,3504.0,3504.0,1028.92,1.69,52.0,0.0,105.6,75.1,0.0,0,15,0,False,
MOSPI_618706,Bangalore-Nidagatta Pkg. I,Roads & Highways,NHAI,,3496.0,4087.42,4315.22,0.01,99.0,0.0,44.8,103.0,56.7,1,15,0,False,
MOSPI_618603,6L of Kodugallur to Edapppally section from km 397.750 to km 423.780 of NH - 66 old NH-17,Roads & Highways,NHAI,,3466.0,3606.2,2178.55,7.0,71.0,0.0,41.4,58.2,25.3,1,15,0,False,
MOSPI_617184,Transmission Scheme for integration of Davanagere/ Chitradurga and Bellary REZ in Karnataka  [POWERGRID Chitradurga Bellary REZ Transmission Limited],Transmission & Distribution,Power Grid Corporation of India Limited [POWERGRID],,3453.0,3453.0,552.48,69.06,23.0,2.0,30.0,17.8,0.0,0,15,0,False,
MOSPI_705497,Wardha - Yavatmal Nanded Railway Line Project,Railways,Central Railways,,3445.0,4030.69,4053.03,9.66,47.0,0.0,226.4,222.9,0.0,0,15,0,False,
MOSPI_400271,Wardha-Nanded Via Yavatmal New BG Line,Railways,Central Railway [CR] - II,,3445.0,3445.0,3002.93,0.0,50.0,0.0,123.3,104.8,0.0,0,15,0,False,
MOSPI_618851,Pandoh bypass 221.305 to Takoli 242.000 of NH-21 in the state of Himachal Pradesh,Roads & Highways,NHAI,,3420.0,4465.94,2883.58,2.39,96.0,0.0,51.3,111.1,66.2,1,15,0,False,
MOSPI_617730,600 MW Khavda Solar Power Project,Power,NLC India Limited [NLCIL],,3336.0,3336.0,2254.57,83.41,60.0,20.0,35.0,37.5,0.0,0,15,0,False,
MOSPI_615332,Transmission System for Evacuation of Power from Rajasthan REZ Ph-IV [Part-2 5.5 GW][Jaisalmer/Barmer Complex] Part B [SPV Name  POWERGRID Sirohi Transmission Limited],Transmission & Distribution,Power Grid Corporation of India Limited [POWERGRID],,3279.0,3279.0,1901.82,110.83,56.0,3.0,23.9,24.7,7.3,1,15,0,False,
MOSPI_618606,Paravoor-Kottankulangara,Roads & Highways,NHAI,,3274.0,3200.24,2858.55,0.16,71.0,0.0,38.1,56.8,25.2,1,15,0,False,
MOSPI_612133,Transmission System for Evacuation of power from Rajasthan REZ Ph-IV [Part-1] [Bikaner Complex] Part D [Neemrana Bareilly Transmission Ltd],Transmission & Distribution,Power Grid Corporation of India Limited [POWERGRID],,3271.0,3271.0,2731.29,0.0,73.0,0.0,24.0,32.6,12.2,1,15,0,False,
MOSPI_615334,Transmission System for Evacuation of Power from Rajasthan REZ Ph-IV [Part-2 5.5 GW] [Jaisalmer/Barmer Complex] Part E [SPV Name POWERGRID Mewar Transmission Limited],Transmission & Distribution,Power Grid Corporation of India Limited [POWERGRID],,3251.0,3251.0,2048.13,0.0,47.0,3.0,23.9,24.9,8.4,1,15,0,False,
MOSPI_705668,Kharagpur-Adityapur - 3rd line 132 km,Railways,CMD / RVNL RVNL mor,,3250.0,3450.0,3297.43,3.14,98.0,0.0,102.8,120.3,15.0,1,15,0,False,
MOSPI_618530,Six Laning of Varanasi to Aurangabad from km. 786.00 to km. 978.40 of Old NH-2,Roads & Highways,NHAI,,3242.0,3241.56,2860.22,1.96,100.0,0.0,60.9,211.1,149.7,1,15,0,False,
MOSPI_709794,"City Gas Distribution Projects at Fazilka [except area already authorized], Ganganagar and Hanumangarh districts",Petroleum,Bharat Petroleum Corporation Limited [BPCL],,3207.0,3207.0,429.3,6.31,31.0,0.0,90.3,44.8,0.0,0,15,0,False,
MOSPI_618597,6L of Azhiyur-Vengalam from km. 189.200 to km. 230.400 of NH-66,Roads & Highways,NHAI,,3206.0,3898.46,2406.73,1629.89,60.0,0.0,44.6,71.0,44.8,1,15,0,False,
MOSPI_400119,Life Extension of 48 well platforms of Mumbai High & Heera Fields,Petroleum,Oil and Natural Gas Corporation Limited [ONGC],,3191.0,3375.9,3123.2,0.0,90.0,0.0,28.3,128.8,102.0,1,15,0,False,
MOSPI_618646,4L of Pathalgaon-Kunkuri-CG/JH Border section of NH-43 from Km. 00.000 to Km.104.250,Roads & Highways,NHAI,,3147.0,3147.0,0.03,0.03,0.0,0.0,56.1,25.4,0.0,0,15,0,False,
MOSPI_400179,BHUBANESWARI EXPANSION OCP,Coal,Mahanadi Coalfields Limited (MCL),,3145.0,6321.73,1250.66,0.0,21.0,0.0,98.8,44.3,0.0,0,15,0,False,
MOSPI_619024,Mahan Transmission Limited,Transmission & Distribution,Adani Transmission Limited,,3125.0,3125.0,542.79,225.0,30.0,12.0,25.0,17.7,0.0,0,15,0,False,
MOSPI_701091,Lucknow Airport-Terminal 3- Phase 1 & Other Associated Works,Aviation,Adani Airport Holdings Limited,,3100.0,3100.0,16024.4,16024.4,100.0,0.0,94.0,99.5,0.0,0,15,0,False,
MOSPI_616842,LUNI- SAMDARI- BHILDI DOUBLING,Railways,North Western Railway [NWR],,3086.0,3086.0,962.77,126.84,36.0,0.0,41.3,30.8,0.0,0,15,0,False,
MOSPI_618250,Construction of 6-Lane Elevated / Extra Dose Cable Bridge on River Ganga parallel to & Western side of Digha-Sonepur Rail cum-Road Bridge of NH 139W in the State of Bihar,Roads & Highways,MoRTH,,3064.0,3064.0,0.0,0.0,11.0,1.0,45.9,32.3,14.0,1,15,0,False,
MOSPI_701402,"Subernarekha Project, Odisha",Water Resources,"Department of Water Resources, River Development & GR",,3056.0,7023.19,8327.62,37.97,96.0,0.0,288.1,368.6,75.0,1,15,0,False,
MOSPI_400220,Kharsia-Dharamjaygarh with Spur line [East Corridor-Phase 1],Railways,Indian Railway Construction International Limited [IRCON],,3055.0,3798.06,2790.19,60.0,95.0,0.0,30.8,126.3,99.0,1,15,0,False,
MOSPI_619066,Delhi-Amritsar-Katra Expressway Phase-II Pkg-XIV from Junction with Pathankot-Gurdaspur road NH-54 near Balsua to Junction with Hiranagar Road near village Gurha Baildaran km 423500 to km 468100,Roads & Highways,NHAI,,3044.0,3707.91,1776.5,0.0,87.0,0.0,34.9,58.5,25.2,1,15,0,False,
MOSPI_619206,6L of Perole Nileshwar town to Taliparamba from Km 94.248 to Km 134.650 of NH-66,Roads & Highways,NHAI,,3042.0,3867.66,2526.45,0.04,87.0,0.0,42.7,74.9,38.6,1,15,0,False,
MOSPI_705481,Ramganj Mandi-Bhopal 262 km,Railways,CPM/Kota WCR mor,,3032.0,5074.76,4498.51,327.7,86.0,4.0,310.1,318.7,24.2,1,15,0,False,
MOSPI_705628,Bondamunda - Ranchi 158.50 km,Railways,CAO/C/SER SER mor,,3029.0,3029.04,2696.32,47.1,95.0,1.0,111.0,125.5,12.0,1,15,0,False,
MOSPI_701574,Deepening and Optimization of Inner Harbour facilities including development of Western Dock on BOT basis to handle Cape size vessels,Shipping,Paradip Port Trust [PPT],,3005.0,3005.0,2261.12,17.0,76.0,2.0,67.3,51.8,9.5,1,15,0,False,
MOSPI_602185,Tapovan-Vishnugad HEP [4x130 MW],Power,National Thermal Power Corporation [NTPC],,2978.0,10907.3,7827.81,36.48,76.0,-1.0,76.4,237.9,196.0,1,15,0,False,
MOSPI_617226,Pune Metro Phase-1 Extension line towards south from Swargate to Katraj,Urban Transport,Maharashtra Metro Rail Corporation Limited [MMRCL],,2955.0,2955.0,190.07,101.26,9.0,3.0,53.9,24.3,0.0,0,15,0,False,
MOSPI_618228,construction of a new 4 lane Parallel to existing MG Setu  with its approaces from km 0.00 to km 14.500 across river Ganga on NH-19 at Patna in the state of Bihar.,Roads & Highways,MoRTH,,2926.0,2926.0,622.65,622.65,75.0,0.0,67.3,91.1,39.3,1,15,0,False,
MOSPI_619068,Construction of Greenfield Connectivity to Jewar International Airport from DND-Faridabad-Ballabhgarh Bypass KMP Link - Spur to Delhi Mumbai Expressway,Roads & Highways,NHAI,,2921.0,3485.77,1772.67,16.14,76.0,2.0,35.5,50.3,21.8,1,15,0,False,
MOSPI_618541,4L Ring road/bypass around Srinagar city from km 0.000 to km 42.100 Phase-I,Roads & Highways,NHAI,,2920.0,2604.76,1832.29,3.09,89.0,1.0,35.1,66.5,32.9,1,15,0,False,
MOSPI_619120,Nidagatta-Mysore Pkg II,Roads & Highways,NHAI,,2920.0,4113.89,3715.84,1.95,99.0,0.0,51.3,102.6,51.8,1,15,0,False,
MOSPI_701228,Kochi - Koottanad - Bangalore - Mangalore Pipeline Phase-II,Petroleum,Gas Authority of India Limited [GAIL],,2915.0,5909.0,4881.8,25.5,97.0,0.0,42.3,206.8,164.9,1,15,0,False,
MOSPI_705419,Gwalior-Sheorpurkalan with extension to Kota 284 km,Railways,CAO/C/NCR NCR mor,,2913.0,3947.0,3068.75,317.75,91.0,8.0,181.3,198.8,11.0,1,15,0,False,
MOSPI_706811,NMDC Slurry Pipeline Project Phase-1,Steel,National Mineral Development Corporation Limited [NMDC],,2907.0,5427.0,3649.08,9.58,96.0,1.0,91.6,130.2,37.5,1,15,0,False,
MOSPI_618847,Sattanathapuram to Nagapattinam from Km 123.800 to Km 179.555,Roads & Highways,NHAI,,2900.0,2899.77,1595.37,2.05,86.0,1.0,55.1,102.5,50.9,1,15,0,False,
MOSPI_400155,EPR ASHOK OC,Coal,Ministry of Coal,,2898.0,2898.0,186.16,0.14,27.0,-1.0,118.7,64.2,0.0,0,15,0,False,
MOSPI_618495,4/6L Access Control Expressway from Design Chainage Km 515.000 to 528.300 Kunjwani to Sidhra Section of NH-44 and from Design Chainage Km 550.900 to Km 566.520 Domel to Katra Section Phase II-Package XVII,Roads & Highways,NHAI,,2895.0,2894.74,1016.96,20.22,67.0,1.0,35.5,50.6,28.8,1,15,0,False,
MOSPI_617832,Koderma-Barkakana Arigada 133 Km,Railways,CAO/Con/South/MHX ECR mor,,2887.0,2887.0,0.85,0.75,0.0,0.0,54.2,14.7,0.0,0,15,0,False,
MOSPI_617183,Transmission system strengthening at Kurnool- III PS for integration of additional RE generation projects [POWERGRID Kurnool III PS RE Transmission Limited],Transmission & Distribution,Power Grid Corporation of India Limited [POWERGRID],,2886.0,2886.0,894.66,154.98,44.0,2.0,33.1,17.6,0.0,0,15,0,False,
MOSPI_618605,Thuravoor Thekku-Paravoor,Roads & Highways,NHAI,,2879.0,2638.67,2514.83,19.21,81.0,0.0,36.2,60.3,32.6,1,15,0,False,
MOSPI_701113,"Development of Lal Bahadur Shastri International airport, Varanasi including C/o New Terminal Building, Apron Extension, Runway Extension, PTT and allied works.",Aviation,Airport Authority of India [AAI],,2870.0,2870.0,746.93,69.72,33.0,2.0,36.5,26.4,0.0,0,15,0,False,
MOSPI_618995,New Line between Junagarh - Nabarangpur [116.21 Km],Railways,Indian Railway,,2865.0,2865.0,1.06,1.06,0.0,0.0,71.9,24.9,0.0,0,15,0,False,
MOSPI_617211,Doubling of Guntur Bibinagar 239 Km,Railways,South Central Railway [SCR] - II,,2853.0,2853.0,357.74,8.79,3.0,1.0,67.2,36.7,0.0,0,15,0,False,
MOSPI_705490,Gadag - Wadi 252 km,Railways,CAOC/SWR SWR mor,,2842.0,3668.17,2252.04,516.82,35.0,5.0,167.9,161.5,9.0,1,15,0,False,
MOSPI_618607,Kottankulangara- Start of Kollam Bypass,Roads & Highways,NHAI,,2842.0,3680.49,2373.25,0.05,74.0,0.0,40.0,63.2,29.7,1,15,0,False,
MOSPI_400392,BHARATPUR RE-ORGANIZATION OCP,Coal,Mahanadi Coalfields Limited (MCL),,2839.0,2839.0,1748.9,0.49,47.0,0.0,124.6,94.1,0.0,0,15,0,False,
MOSPI_938832,Amended BharatNet Program - RJ,Telecommunications,Department of Telecommunications,,2839.0,2839.0,283.93,0.0,0.0,0.0,67.6,37.4,0.0,0,15,0,False,
MOSPI_611657,Transmission scheme for evacuation of 4.5GW RE injection at Khavda PS under Phase II- Part C,Transmission & Distribution,Power Grid Corporation of India Limited [POWERGRID],,2821.0,2821.0,2783.19,0.0,95.0,-3.0,24.3,41.9,9.0,1,15,0,False,
MOSPI_400022,Taranga Hill-Abu Road via Ambaji,Railways,North Western Railway [NWR],,2798.0,2798.0,2616.51,47.19,45.0,8.0,96.3,49.8,0.0,0,15,0,False,
MOSPI_617727,Orvakal Industrial Area,Real Estate,NICDC,,2786.0,2786.0,356.05,77.45,16.0,3.0,50.1,24.6,0.0,0,15,0,False,
MOSPI_615338,TRANSMISSION SYSTEM FOR EVACUATION OF POWER FROM RAJASTHAN REZ PH -IV [PART-2 5.5 GW] [JAISALMER/BARMER COMPLEX] PART F [SPV Name POWERGRID BARMER I TRANSMISSION LIMITED],Transmission & Distribution,Power Grid Corporation of India Limited [POWERGRID],,2735.0,2735.0,1121.35,21.06,47.0,4.0,23.9,22.2,7.8,1,15,0,False,
MOSPI_619317,4L of Hajipur-Muzaffarpur Section of the existing NH-77  from Km. 0000 Ramashish Chowk to Km. 46300 and new bypass starting at Km. 46300 and connecting NH-28 of E-W Corridor at Km. 515045,Roads & Highways,NHAI,,2723.0,2906.78,2160.8,0.0,99.0,0.0,29.9,193.1,162.7,1,15,0,False,
MOSPI_619030,Inter-Regional Strengthening between SR Grid and ER Grid,Transmission & Distribution,Power Grid Corporation of India Limited [POWERGRID],,2722.0,2722.0,190.57,47.37,3.0,1.0,30.0,7.4,0.0,0,15,0,False,
MOSPI_709826,SCREENING PLANT-III AT KIRANDUL,Steel,National Mineral Development Corporation Limited [NMDC],,2719.0,3062.39,1754.7,5.94,83.0,0.0,204.0,211.4,17.9,1,15,0,False,
MOSPI_618494,Delhi-Amritsar-Katra Expressway Phase-II Pkg-XV [Junction with Hiranagar Road near village Gurha Baildaran to Junction with Jammu Ring Road NH-244A near Jakh village from Km 468100 to Km 503250],Roads & Highways,NHAI,,2715.0,3716.56,1846.59,13.0,90.0,0.0,35.6,59.3,27.2,1,15,0,False,
MOSPI_618596,6L of Taliparamba to Muzhappilangad from Km 134.650 to Km 170.6 of NH-66,Roads & Highways,NHAI,,2715.0,3557.65,2020.35,0.11,84.0,1.0,45.7,73.4,44.2,1,15,0,False,
MOSPI_615346,Transmission System for Evacuation of Power from Rajasthan REZ Ph-IV [Part-2 5.5 GW] [Jaisalmer/Barmer Complex] Part C [SPV Name POWERGRID Mandsaur Transmission Limited],Transmission & Distribution,Power Grid Corporation of India Limited [POWERGRID],,2708.0,2708.0,1624.8,54.16,72.0,1.0,23.9,24.9,6.4,1,15,0,False,
MOSPI_611798,Rakha Underground Mining Project,Steel,Hindustan Copper Limited [HCL],,2705.0,2705.0,0.0,0.0,0.0,0.0,123.5,45.0,0.0,0,15,0,False,
MOSPI_400313,Master Plan for Jharia and Raniganj Coalfields,Coal,Bharat Coking Coal Limited [BCCL],,2662.0,2662.0,799.12,0.0,44.0,1.0,119.9,205.1,112.7,1,15,0,False,
MOSPI_400136,SANGHMITRA OC,Coal,CCL - CIL,,2660.0,2660.0,17.4,0.37,17.0,0.0,96.2,29.7,0.0,0,15,0,False,
MOSPI_701343,Srikakulam Angul Gas Pipeline Project,Power,Ministry of Petroleum & Natural Gas,,2658.0,2810.0,2315.2,0.0,98.0,0.0,34.3,84.1,47.3,1,15,0,False,
MOSPI_705400,New B.G. Railway Line- Araria to Galgalia  [Thakurgunj],Railways,Northeast Frontier Railway [NFR],,2650.0,4412.0,4152.4,0.0,96.0,0.0,237.0,257.5,6.3,1,15,0,False,
MOSPI_705772,Mughalsarai - Allahabad - 3rd line 150 km,Railways,CAO/C/NCR NCR mor,,2649.0,2649.44,2027.64,2.99,77.0,3.0,89.0,85.4,3.0,0,15,0,False,
MOSPI_619207,Start of Kollam Bypass - Kadambattukonam,Roads & Highways,NHAI,,2641.0,3309.06,1990.71,0.01,82.0,0.0,45.7,63.2,27.0,1,15,0,False,
MOSPI_709758,"CGD Project in Malda, Birbhum, Murshidabad, Dakshin Dinajpur GA ID 11A.03",Petroleum,Hindustan Petroleum Corporation Limited,,2628.0,2628.0,567.65,179.59,35.0,-1.0,96.4,51.0,0.0,0,15,0,False,
MOSPI_602633,382 MW Sunni Dam HEP,Power,Satluj Jal Vidyut Nigam [SJVN] Thermal Limited,,2615.0,2615.0,495.57,0.0,0.0,0.0,36.0,12.0,0.0,0,15,0,False,
MOSPI_611586,Sunni Dam Hydro Electric Project [382 MW],Power,Satluj Jal Vidyut Nigam [SJVN] Thermal Limited,,2615.0,4555.49,1152.21,36.34,35.0,0.0,62.7,44.1,20.9,1,15,0,False,
MOSPI_618471,Vadodara Mumbai Expressway Phase II - Pkg XV [Km. 20.200 to Km. 43.000 of Spur] Akloli - Amne,Roads & Highways,NHAI,,2611.0,2918.39,651.95,29.72,95.0,3.0,35.8,63.9,27.7,1,15,0,False,
MOSPI_705613,Third Line [new] between Kazipet - Balharshah  with electrification [201.04 Km],Railways,South Central Railway [SCR] - II,,2595.0,3071.0,4154.83,13.57,95.0,0.0,100.5,119.9,10.0,1,15,0,False,
MOSPI_618467,Vadodara Mumbai Expressway Karvad - Jujuwa from Km. 128.000 to Km. 154.600 Phase-I Package-IX,Roads & Highways,NHAI,,2594.0,2587.04,235.55,8.93,22.0,0.0,27.1,38.2,21.6,1,15,0,False,
MOSPI_709797,POL & LOBS Installations with Receipt Pipelines at Rasayani,Petroleum,Bharat Petroleum Corporation Limited [BPCL],,2585.0,2585.0,1507.62,91.11,87.0,2.0,36.5,40.0,0.0,0,15,0,False,
MOSPI_738679,Stamp Charge Battery No.7 Battery Proper at RSP,Steel,Steel Authority of India Limited (SAIL),,2584.0,2584.0,1182.92,0.0,54.0,0.0,42.7,24.2,0.0,0,15,0,False,
MOSPI_613787,Jamrani Dam Multipurpose Project,Water Resources,Irrigation-UK,,2584.0,2584.0,1307.15,4.0,26.0,1.0,67.9,34.5,0.0,0,15,0,False,
MOSPI_618846,Poondiyankuppam Km.67.000 to Sattanathapuram Km.123.800,Roads & Highways,NHAI,,2566.0,2319.35,1210.2,3.17,100.0,0.0,70.6,102.5,32.4,1,15,0,False,
MOSPI_705434,New Railway Line between Ginigera and Raichur [165.57 km],Railways,South Western Railway [SWR] - II,,2565.0,3034.98,2412.11,38.51,71.0,1.0,132.0,221.5,96.0,1,15,0,False,
MOSPI_705385,Pirpainti - Jasidih 97 km,Railways,CAOC/ER ER mor,,2555.0,2700.43,1775.66,658.49,40.0,-5.0,168.0,149.5,0.0,0,15,0,False,
MOSPI_618475,Bangalore Chennai Expressway Phase-II Pkg-II from km.96.000 to Km 127.000 Baireddypalle to Bangarupalem section,Roads & Highways,NHAI,,2548.0,2548.04,1332.41,4.77,94.0,1.0,51.5,66.8,16.8,1,15,0,False,
MOSPI_709849,PRP-VIII Group B [NH & BS Asset],Petroleum,Oil and Natural Gas Corporation Limited [ONGC],,2547.0,3348.6,3003.9,80.41,99.0,0.0,20.3,26.8,10.1,1,15,0,False,
MOSPI_705356,Ahmednagar - Beed - Parli - Vaijnath  New Broad Gauge Line Railway Project [261.3 km],Railways,Central Railway [CR] - II,,2539.0,4957.27,5233.2,22.1,93.0,-5.0,326.9,332.4,0.0,0,15,0,False,
MOSPI_619121,4L of Hubli - Hospet Section of NH-63 from Km 128.850 to Km 272.571,Roads & Highways,National Highways Authority of India [NHAI],,2532.0,3619.32,1360.9,85.57,100.0,0.0,44.4,122.5,74.6,1,15,0,False,
MOSPI_705780,Bhatni - Aunrihar with electrification 125 km excl Indara - Mau 116.95 km,Railways,CMD / RVNL RVNL mor,,2529.0,2529.46,2295.3,123.58,94.0,-3.0,73.0,102.5,27.0,1,15,0,False,
MOSPI_618579,6L of Anandapuram Pendurthi Anakapalli Section from km. 681.000 to km. 731.780 of NH-16,Roads & Highways,NHAI,,2527.0,2957.25,2376.11,0.03,100.0,0.0,41.4,103.8,62.0,1,15,0,False,
MOSPI_617880,Desalpar-Hajipir-Luna and Vayor-Lakhpat New Line,Railways,Western Railway [WR] - II,,2526.0,2526.0,0.0,0.0,0.0,0.0,36.0,12.4,0.0,0,15,0,False,
MOSPI_617338,Stamp Charge Battery No.12 Battery Proper at IISCO Steel Plant,Steel,Steel Authority of India Limited [SAIL],,2518.0,2518.0,472.41,57.1,28.0,1.0,42.0,19.8,0.0,0,15,0,False,
MOSPI_619118,Four Laning of Angul to Sambalpur from Km.112.000 to Km.265.000,Roads & Highways,NHAI,,2510.0,2632.91,2464.91,5.46,100.0,0.0,35.2,119.7,84.0,1,15,0,False,
MOSPI_705436,Kotapalli - Narasapur New Line,Railways,South Central Railway [SCR] - II,,2501.0,2501.0,1417.7,0.05,30.0,0.0,228.0,209.5,0.0,0,15,0,False,
MOSPI_705512,Kottavalasa-Koraput 189.278 km,Railways,CAO/C/ECOR ECoR mor,,2500.0,3580.41,2300.04,82.17,74.0,1.0,75.7,129.2,72.0,1,15,0,False,
MOSPI_705494,Rayadurg-Tumkur via Kalyandurg New Line [207 km],Railways,South Western Railway [SWR] - II,,2496.0,2496.0,1943.23,2.21,73.0,1.0,90.0,221.5,149.0,1,15,0,False,
MOSPI_705651,Katni - Bina Third Railway Line [279 km],Railways,West Central Railway WCR I,,2478.0,4127.23,3368.11,10.64,100.0,1.0,69.9,123.4,45.0,1,15,0,False,
MOSPI_617213,"Varanasi- Pt. Deen Dayal Upadhyaya - Multitracking 15 km, including construction of a new Rail- cum- Road Bridge across Ganga River",Railways,CAO/C-II/NR NR mor,,2464.0,2464.46,109.93,12.95,5.0,1.0,60.2,22.7,0.0,0,15,0,False,
MOSPI_705507,Itarsi-Nagpur bal. 280 km,Railways,CAOC/CR CR mor,,2450.0,2509.24,2290.12,94.35,55.0,0.0,126.9,120.4,9.0,1,15,0,False,
MOSPI_705660,Doubling of Katni - Singrauli Railway Line [261 km],Railways,Indian Railway Construction International Limited [IRCON],,2445.0,4377.0,3368.46,7.57,81.0,0.0,116.9,125.5,0.0,0,15,0,False,
MOSPI_400187,INTEGRATED LAKHANPUR-BELPAHAR-,Coal,MCL - CIL,,2435.0,2435.0,2133.7,102.8,83.0,1.0,106.3,99.8,0.0,0,15,0,False,
MOSPI_618604,Aroor-Thuravoor Thekku,Roads & Highways,NHAI,,2430.0,2382.83,1802.58,10.78,92.0,1.0,41.4,48.9,10.2,1,15,0,False,
MOSPI_612132,Transmission Scheme for Evacuation of power from REZ in Rajasthan [20 GW] under Phase-III Part D Phase I [Sikar Khetri Transmission Ltd],Transmission & Distribution,Power Grid Corporation of India Limited [POWERGRID],,2423.0,2423.0,2229.16,5.57,92.0,1.0,17.9,31.2,19.7,1,15,0,False,
MOSPI_617406,RATLAM- DUNGARPUR VIA BANSWARA NEW LINE PROJECT,Railways,North Western Railway [NWR],,2417.0,2417.0,7.7,0.35,8.0,0.0,149.4,130.9,0.0,0,15,0,False,
MOSPI_619171,RPR FOR DURGAPUR OCP 10 MTY,Coal,SECL - CIL,,2416.0,2416.0,2.99,0.64,0.0,0.0,78.9,12.5,0.0,0,15,0,False,
MOSPI_400107,Sulwade-Jamphal-Kanoli Lift Irrigation Scheme,Water Resources,Department of water resources-MH - II,,2408.0,2408.0,2779.38,0.54,81.0,0.0,74.9,113.5,48.0,1,15,0,False,
MOSPI_705629,Narayangarh - Bhadrak - 3rd line 155 km,Railways,CAO/C/SER SER mor,,2400.0,3425.32,2886.02,172.83,84.0,2.0,81.8,90.3,13.0,1,15,0,False,
MOSPI_613786,"Redevelopment of Ahmedabad railway station and associated infrastructure on engineering, procurement and construction mode",Railways,Rail Land Development Authority,,2379.0,2379.0,984.21,6.86,32.0,1.0,62.2,43.7,0.0,0,15,0,False,
MOSPI_706759,Rampur Dumra-Tal-Rajendrapul - Addl bridge and doubling 14 km,Railways,CGM/CIVIL ECR mor,,2374.0,2535.13,2028.18,251.18,95.0,10.0,104.9,126.4,13.0,1,15,0,False,
MOSPI_617807,Inter-regional [NR-WR] Transmission System strengthening to relieve the loading of 765 kV Vindhyachal-Varanasi D/c line,Transmission & Distribution,Power Grid Corporation of India Limited [POWERGRID],,2368.0,2368.0,157.94,19.65,6.0,4.0,24.0,11.0,0.0,0,15,0,False,
MOSPI_705513,Koraput-Singapur Road 164.56 km,Railways,CAO/C/ECOR ECoR mor,,2362.0,2462.17,2093.47,85.64,56.0,-5.0,143.8,129.2,3.9,0,15,0,False,
MOSPI_601812,Development of Zaheerabad Node under Hyderabad Nagpur Industrial Corridor,Real Estate,National Industrial Corridor Development Corporation,,2360.0,2360.0,42.89,0.0,5.0,1.0,53.3,24.6,0.0,0,15,0,False,
MOSPI_618630,6L of MH/KN Border Nimbal Village to KN/TS Border Singnodi Village from Km. 26.000 to Km. 97.000 in Gulbarga of NH-150C Pkg-II,Roads & Highways,NHAI,,2356.0,1923.3,1012.1,47.35,81.0,1.0,40.0,54.7,18.1,1,15,0,False,
MOSPI_618897,4L of Sethiyathope -Cholapuram section from Km. 65.960 to Km. 116.440 section of NH45 C Pkg-II,Roads & Highways,National Highways Authority of India [NHAI],,2356.0,2356.9,1011.39,0.12,100.0,0.0,40.7,113.8,68.5,1,15,0,False,
MOSPI_705742,Jeypore - Malkangiri 130 km,Railways,CAO/C/ECOR ECoR mor,,2344.0,2343.64,736.58,186.86,6.0,-5.0,185.3,102.9,0.0,0,15,0,False,
MOSPI_617290,Jeypore - Malkangiri New BG Line Project,Railways,Indian Railways,,2344.0,2344.0,630.83,193.35,13.0,11.0,36.0,12.0,0.0,0,15,0,False,
MOSPI_618514,6L of Kagal-Satara section from Km 658.000 to Km 725.000 of NH-48 Pkg-II,Roads & Highways,NHAI,,2331.0,317.4,206.68,1.44,90.0,16.0,35.8,56.8,24.5,1,15,0,False,
MOSPI_709848,MHN TCPP PGC BGC Project [MTPBP],Petroleum,Oil and Natural Gas Corporation Limited [ONGC],,2329.0,2354.23,1930.25,0.71,96.0,0.0,46.6,50.6,7.4,1,15,0,False,
MOSPI_400298,Nadikudi - Srikalahasti New Line,Railways,South Central Railway [SCR] - II,,2312.0,5932.0,3119.31,49.96,55.0,0.0,182.0,173.5,10.0,1,15,0,False,
MOSPI_400149,BAROUD OC EXPANSION [3.0-10.0M,Coal,SECL - CIL,,2310.0,2310.0,1039.65,32.56,56.0,0.0,103.8,73.4,0.0,0,15,0,False,
MOSPI_400144,PORDA CHIMTAPANI OCP [10 MTY],Coal,SECL - CIL,,2310.0,2310.0,118.97,1.6,12.0,0.0,99.2,68.7,0.0,0,15,0,False,
MOSPI_706777,Baranagar-Barrackpore and Dakshineshwar- Construction of Metro Railway,Railways,RVNL - II,,2298.0,2734.0,429.56,36.54,17.0,0.0,201.5,198.0,48.0,1,15,0,False,
MOSPI_619320,Muzaffarpur - Sonbarsa Section of NH-77 from km 2.800 to km 89.000,Roads & Highways,NHAI,,2291.0,2311.1,468.71,0.0,100.0,0.0,29.9,183.5,151.1,1,15,0,False,
MOSPI_701411,Shahpur Kandi Dam Project,Water Resources,Department of Water Resources-PB,,2286.0,2715.7,2201.94,17.22,88.0,0.0,148.7,199.2,48.0,1,15,0,False,
MOSPI_604853,"Indian Oil Technology Development and Deployment Centre at R&D Campus-II, Faridabad",Petroleum,Indian Oil Corporation Limited [IOCL],,2282.0,3200.0,1922.03,0.47,65.0,0.0,42.1,86.6,55.0,1,15,0,False,
MOSPI_618464,Vadodara Mumbai Expressway Ena -Kim Phase IB - Pkg VI [Km 217.500 to Km 254.430],Roads & Highways,National Highways Authority of India [NHAI],,2272.0,4297.28,2574.42,0.14,99.0,0.0,43.1,76.3,29.1,1,15,0,False,
MOSPI_616586,Bangriposi - Gorumahisani 85.60 km PB9/SECR/2023-24,Railways,CAO/C/SER SER mor,,2269.0,2269.0,7.31,0.17,2.0,2.0,64.4,24.9,0.0,0,15,0,False,
MOSPI_618638,Tarsod - Fagne section of NH-6,Roads & Highways,National Highways Authority of India [NHAI],,2268.0,2560.5,990.0,200.22,99.0,1.0,60.6,122.7,57.6,1,15,0,False,
MOSPI_618640,4L of Urga - Pathalgaon from Km. 70.200 to km. 157.745 of NH-130A,Roads & Highways,NHAI,,2261.0,2860.36,1120.45,69.94,82.0,2.0,52.3,53.5,0.8,0,15,0,False,
MOSPI_616221,"Extension of Aqua Line Metro Corridor from Noida Sector-142 station to Botanical Garden, Noida of Noida Metro Rail Corporation",Urban Transport,Noida Metro Rail Corporation Ltd. [NMRCL],,2254.0,2254.0,0.0,0.0,0.0,0.0,48.0,6.0,0.0,0,15,0,False,
MOSPI_400142,Pachwara South Coal Block,Coal,NLC India Limited,,2243.0,2243.0,1432.45,9.94,87.0,0.0,150.7,126.2,0.0,0,15,0,False,
MOSPI_618577,Dwarka Expressway Pkg-III Delhi/HR Border to Start of RoB Gurugram,Roads & Highways,NHAI,,2228.0,2298.37,1759.52,0.0,100.0,0.0,34.3,103.9,42.1,1,15,0,False,
MOSPI_615333,Transmission System for Evacuation of Power from Rajasthan REZ Ph-IV [Part-2 5.5 GW] [Jaisalmer/Barmer Complex] Part D [SPV Name POWERGRID Beawar Mandsaur Transmission Limited],Transmission & Distribution,Power Grid Corporation of India Limited [POWERGRID],,2227.0,2227.0,1113.5,89.08,49.0,2.0,23.9,24.8,4.3,0,15,0,False,
MOSPI_618978,Gondia - Dongargarh 4th line [84 Km],Railways,South Eastern Central Railway,,2223.0,2223.0,0.35,0.35,1.0,1.0,60.0,11.0,0.0,0,15,0,False,
MOSPI_616254,Visakh Raipur Pipeline Project,Petroleum,Hindustan Petroleum Corporation Limited,,2212.0,2212.0,570.0,20.79,38.0,1.0,35.9,24.1,0.0,0,15,0,False,
MOSPI_611948,Transmission system for evacuation of power from REZ in Rajasthan 20 GW under Phase-III part H,Transmission & Distribution,Power Grid Corporation of India Limited [POWERGRID],,2211.0,2211.0,2122.84,22.12,98.0,2.0,18.0,34.5,14.0,1,15,0,False,
MOSPI_618473,Vadodara Mumbai Expressway Phase II - Pkg XVII [Km. 69.800 to Km. 79.783 of Spur] Bhoj - Morbe,Roads & Highways,NHAI,,2209.0,2463.02,931.24,41.8,91.0,5.0,46.4,60.4,13.5,1,15,0,False,
MOSPI_611950,Transmission system for evacuation of power from REZ in Rajasthan 20 GW under Phase-III part B1,Transmission & Distribution,Power Grid Corporation of India Limited [POWERGRID],,2191.0,2191.0,2139.44,60.0,99.0,1.0,19.1,35.6,10.0,1,15,0,False,
MOSPI_619127,4L of Greenfield Alignment from Km. 47.000 to Km. 89.210 of  Balbhadarpur to Bela Nawda Section  of NH-119D,Roads & Highways,NHAI,,2186.0,2118.46,764.97,47.96,30.0,1.0,47.3,53.5,24.7,1,15,0,False,
MOSPI_618490,Delhi-Amritsar-Katra Expressway Phase-I Pkg-X from Jn. with Jalandhar - Moga road NH-703 to Jn. with Jalandhar-Kapurthala road NH-703A and to Jn. with Kapurthala - Sultanpur Lodhi road NH-703A km 000 to km 24000 to Amritsar connectivity,Roads & Highways,NHAI,,2178.0,2062.74,1524.23,519.95,63.0,0.0,42.5,68.7,24.7,1,15,0,False,
MOSPI_618491,Delhi-Amritsar-Katra Expressway Phase-I Pkg-XI from Junction with Jalandhar - Kapurthala road NH-703A near khojewal village to Junction with Amritsar-Mehta-SriHargobindpur-Tanda road NH-503A near SriHargobindpur Km 319400 to km 362420,Roads & Highways,NHAI,,2175.0,2206.71,1377.13,435.94,43.0,0.0,44.4,66.4,25.5,1,15,0,False,
MOSPI_618493,Delhi-Amritsar-Katra Expressway Phase-I Spur-I from Jn. with Kapurthala - Sultanpur Lodhi Road NH-703A near Isharwal village to Jn. with Kapurthala - Tarn Taran road NH-703AA near Goinwal Sahib [Km 24000 to Km 41000 of Amritsar connectivity],Roads & Highways,NHAI,,2165.0,1519.6,618.22,14.42,35.0,2.0,52.1,57.1,22.8,1,15,0,False,
MOSPI_618862,Bakhtiyarpur-Rajauli Pkg-III from km. 101.630 to km.152.520,Roads & Highways,NHAI,,2156.0,3046.61,1818.91,3.71,99.0,0.0,45.6,72.2,26.1,1,15,0,False,
MOSPI_618969,4/6L of  Spur to Haridwar Greenfield from Km. 0.000 to Km. 50.70,Roads & Highways,NHAI,,2156.0,2612.3,1543.12,2.95,93.0,1.0,39.2,58.0,19.3,1,15,0,False,
MOSPI_612138,"Transmission Scheme for Solar Energy Zone in Bidar [2500 MW], Karnataka [Bidar Transmission Ltd]",Transmission & Distribution,Power Grid Corporation of India Limited [POWERGRID],,2148.0,2148.0,1825.47,42.95,87.0,3.0,24.0,31.2,4.7,0,15,0,False,
MOSPI_618765,4L of Karimnagar-Warangal section from km 49.500 to km 117.820 of NH-563,Roads & Highways,NHAI,,2147.0,2486.51,1272.62,4.49,92.0,0.0,40.2,54.2,13.5,1,15,0,False,
MOSPI_619202,Dwarka Expressway from Km -0.600 to Km 5.300 - Pkg-I Shivmurti Chowk-RuB near Dwarka Sector 21,Roads & Highways,NHAI,,2145.0,3929.5,3512.17,182.94,99.0,0.0,54.3,102.0,47.2,1,15,0,False,
MOSPI_705616,Jharsuguda - Bilaspur - 4th line 206 km,Railways,CAOC/SECR SECR mor,,2140.0,2978.55,2540.98,238.29,88.0,-5.0,97.7,120.2,17.0,1,15,0,False,
MOSPI_701658,Krishnapatnam Node - Phase 1 - Roads and Services Development,Real Estate,National Industrial Corridor Development Corporation,,2139.0,2139.0,984.13,2.78,48.0,3.0,73.5,68.5,0.0,0,15,0,False,
MOSPI_617729,Kopparthy Industrial Area,Real Estate,NICDC,,2136.0,2136.0,39.75,0.0,5.0,0.0,50.1,24.6,0.0,0,15,0,False,
MOSPI_618904,Chhapra - Hajipur from km. 143.200 to km. 209.200,Roads & Highways,NHAI,,2128.0,2171.6,526.04,427.97,90.0,0.0,36.6,194.3,153.2,1,15,0,False,
MOSPI_618876,4L of Nagina-Kashipur section from km. 73.00 to km. 175.00 of NH-74,Roads & Highways,National Highways Authority of India [NHAI],,2125.0,2531.19,354.2,0.0,98.0,0.0,63.4,140.1,20.1,1,15,0,False,
MOSPI_616701,Lumding-Furkating section  140 km Umbrella work PB57/2019-20/NR,Railways,CAO/C-1/NFR NFR mor,,2124.0,2123.7,200.23,59.17,1.0,-5.0,48.3,30.8,0.0,0,15,0,False,
MOSPI_617242,Installation of New Bar Mill at Durgapur Steel Plant,Steel,Steel Authority of India Limited [SAIL],,2115.0,2115.0,935.57,106.63,68.0,2.0,35.7,26.2,0.0,0,15,0,False,
MOSPI_618513,6L of Kagal-Satara section from Km 592.500 to Km 658.000 of NH-48 Pkg-I,Roads & Highways,NHAI,,2112.0,1435.46,634.07,0.0,51.0,6.0,36.7,56.8,25.6,1,15,0,False,
MOSPI_619211,6L of MH/KN Border Nimbal Village to KN/TS Border Singnodi Village from Km. 97.000 to Km. 162.500 in Yadgir of NH-150C Pkg-III,Roads & Highways,NHAI,,2105.0,2065.83,984.28,0.33,74.0,0.0,43.6,54.4,13.3,1,15,0,False,
MOSPI_618509,Development of 6L UER II [Package - I] NH-1 Near Bakoli till Karala Kanjhawala Road from km. 0.70 to km.15.00,Roads & Highways,NHAI,,2090.0,2203.45,1834.91,9.37,100.0,0.0,39.8,74.4,34.1,1,15,0,False,
MOSPI_618887,4L of Bettadahalli- Shivamogga section from Km.170.415 to km. 226.750 of NH-206 Tumkur- Shivamogga Pkg-IV,Roads & Highways,NHAI,,2083.0,2545.11,1645.24,23.43,84.0,0.0,56.9,91.8,41.4,1,15,0,False,
MOSPI_619150,BRT Tiger Reserve Boundary Km.287.500 to Bangalore Section Km.458.420 of NH-209 in Karnataka,Roads & Highways,NHAI,,2083.0,2859.93,2242.71,0.0,100.0,0.0,40.4,125.3,83.3,1,15,0,False,
MOSPI_705504,Daund - Manmad 247.50 km,Railways,CAOC/CR CR mor,,2081.0,3554.74,3191.56,79.76,95.0,3.0,97.9,107.4,3.9,0,15,0,False,
MOSPI_619087,Widening to 6L of Existing 4L Jetpur - Gondal - Rajkot Section from Km. 117.600 to Km. 185.00 on NH-27,Roads & Highways,NHAI,,2070.0,1390.29,1117.01,68.18,77.0,4.0,42.2,53.8,16.2,1,15,0,False,
MOSPI_619090,8L of Dwarka Expressway Pkg-II RuB near Dwarka Sector 21-DL/HR Border from 5.300 Km.to 9.500 Km. of NH-248BB,Roads & Highways,NHAI,,2068.0,2670.22,2381.53,39.74,100.0,0.0,44.9,103.9,58.5,1,15,0,False,
MOSPI_705366,Hajipur-Sagauli via Vaishali 148.3 km,Railways,CAO/Con/North/MHX ECR mor,,2067.0,3991.33,2843.39,660.93,74.0,-2.0,149.8,227.3,87.0,1,15,0,False,
MOSPI_618470,Vadodara Mumbai Expressway Phase II - Pkg XIV [Km. 3.000 to Km. 20.200 of Spur] Shirsad - Akloli,Roads & Highways,NHAI,,2059.0,2324.72,634.55,0.01,98.0,0.0,35.5,63.6,27.7,1,15,0,False,
MOSPI_617214,Rail Connectivity to Errupalem Amravati Namburu 57 Km,Railways,South Central Railway [SCR] - II,,2047.0,2047.0,208.59,0.02,0.0,0.0,28.2,21.7,0.0,0,15,0,False,
MOSPI_619071,Tumkur - Nelamangala 6L,Roads & Highways,NHAI,,2032.0,1664.2,1086.24,16.35,61.0,0.0,53.7,66.4,19.2,1,15,0,False,
MOSPI_618618,6L Amritsar-Bathinda Greenfield section from Jn. with Bhagta Bhai Ka-Bhadaur Road near Dyalpura Bhai Ka to Jn. with Mandi Dabwali Bathinda Road on NH-54 near Sangat Kalan from km 93.000 to km 154.866 of NH-754A Pkg-3,Roads & Highways,NHAI,,2029.0,2677.23,1442.16,2.05,74.0,2.0,62.5,65.5,13.1,1,15,0,False,
MOSPI_618417,"Construction of 4-Lane with paved shoulder Agartala bypass Western side, length  25.402 km connecting NH-8 near Amtali to NH-108B near Lembuchhera in the state of Tripura on EPC basis under NHO-NE",Roads & Highways,NHIDCL,,2026.0,2026.0,487.38,25.04,9.0,0.0,47.6,41.8,0.0,0,15,0,False,
MOSPI_618548,Stand-alone Ring road/bypass around Jammu City from Raya Morh km. -0.687 to Jagti km. 57.568,Roads & Highways,National Highways Authority of India [NHAI],,2024.0,2117.63,54.24,0.0,99.0,0.0,36.6,104.8,32.8,1,15,0,False,
MOSPI_705410,Nangal Dam-Talwara New Broad Gauge Line [84 KM] and Taking Over Siding Mukerian-Talwara [29 KM],Railways,Northen Railway [NR],,2018.0,2018.0,894.87,0.0,83.0,-1.0,513.0,521.5,24.0,1,15,0,False,
MOSPI_617824,Bakhtiyarpur-Rajgir-Tilaiya [Single line section]104km,Railways,East Central Railway (ECR) - II,,2017.0,2017.0,0.0,0.0,0.0,0.0,48.0,11.5,0.0,0,15,0,False,
MOSPI_618757,6L access controlled Highway from Km 40080 to Km 86513 Mator to Barodameo Section,Roads & Highways,NHAI,,2010.0,1565.88,708.28,0.6,37.0,0.0,41.5,47.6,15.5,1,15,0,False,
MOSPI_701172,AIIMS Darbhanga,Healthcare,PMSSY AND Institute of NATIONAL Importance,,2006.0,2006.0,40.33,12.52,1.0,1.0,106.5,72.0,0.0,0,15,0,False,
MOSPI_705598,Jhansi - Bina Third Railway Line [153 Km],Railways,CAO/C/NCR,,2002.0,2002.0,1960.31,16.7,98.0,0.0,66.0,119.5,48.0,1,15,0,False,
MOSPI_619027,WRNES Talegaon Power Transmission Limited,Transmission & Distribution,Adani Transmission Limited,,2000.0,2000.0,36.0,11.0,5.0,0.0,36.0,12.0,0.0,0,15,0,False,
MOSPI_618836,4L of Ratnagiri - Kolhapur section from km 67.140 to km 112.340 of NH-166 Pkg  II,Roads & Highways,NHAI,,1985.0,1798.0,1239.53,4.24,82.0,2.0,39.4,55.1,19.6,1,15,0,False,
MOSPI_619205,Six Laning of KT/KL Border Thalapaddy -Chengala from Km. 17.200 to Km. 57.20,Roads & Highways,NHAI,,1981.0,2681.48,1701.33,0.0,100.0,0.0,47.9,75.9,27.5,1,15,0,False,
MOSPI_618590,Durg-Raipur-Arang Package - 2 from km. 44.50 to km. 92.23 near Khatti Village to near Aurang,Roads & Highways,NHAI,,1959.0,1561.97,1001.18,0.37,74.0,0.0,35.0,50.6,22.1,1,15,0,False,
MOSPI_702664,Kochi Metro Rail Phase 2 Development  Project,Urban Transport,CSPCC Projects,,1957.0,1957.0,816.8,64.46,41.0,3.0,48.0,45.8,0.0,0,15,0,False,
MOSPI_618922,4L of Shakral Village to Dhalli Section from Km 146.300 to Km 156.560 Shimla Bypass - Pkg II and Shimla connectivity from Km 0.000 to Km 0.725 of NH-5,Roads & Highways,NHAI,,1956.0,2880.72,1505.86,53.21,60.0,-3.0,58.8,53.3,9.6,1,15,0,False,
MOSPI_618952,4L of Sahibganj - Manihari Ganga Bridge including Manihari Bypass,Roads & Highways,NHAI,,1955.0,1978.01,2025.05,0.0,87.0,0.0,96.6,119.1,36.0,1,15,0,False,
MOSPI_705612,Kazipet-Vijayawada 3rd line with electrification [220 km],Railways,South Central Railway [SCR] - II,,1953.0,3363.0,5192.51,13.86,95.0,0.0,143.0,161.5,10.1,1,15,0,False,
MOSPI_611698,240MW Heo HE Project,Power,North Eastern Electric Power Corporation Limited,,1939.0,1939.0,106.28,0.78,7.0,1.0,55.6,21.1,0.0,0,15,0,False,
MOSPI_618837,4L of Ratnagiri - Kolhapur section from km 112.340 to km 145.300 of NH-166 PkgIII,Roads & Highways,NHAI,,1939.0,1910.41,1079.17,0.32,69.0,1.0,39.5,55.2,19.5,1,15,0,False,
MOSPI_701341,Multi-product Pipeline from Krishnapatnam Coastal Installation to the proposed Installation at Hyderabad [Malkapur],Petroleum,Ministry of Petroleum & Natural Gas,,1932.0,2208.0,1552.37,0.0,98.0,0.0,36.0,12.0,5.0,0,15,0,False,
MOSPI_616227,3rd line between Chandil - Anara- Damodar section 121.26 km,Railways,CAO/C/SER SER mor,,1932.0,1932.01,9.07,4.56,0.0,0.0,60.7,24.2,0.0,0,15,0,False,
MOSPI_705359,Talcher-Bimlagarh 154 km,Railways,CAO/C/ECOR ECoR mor,,1928.0,4546.84,2164.01,36.71,56.0,-1.0,252.0,269.5,48.0,1,15,0,False,
MOSPI_618771,6L of Varadharajula to Kumarajapet from km 0.000 to km 43.800 of NH-716B Pkg-I,Roads & Highways,National Highways Authority of India [NHAI],,1925.0,1887.38,947.66,0.0,99.0,0.0,45.8,67.1,8.8,1,15,0,False,
MOSPI_617422,Bodwad Parisar Sinchan Yojna,Water Resources,Department of Water Resources-MH,,1924.0,1924.0,1949.56,0.0,50.0,0.0,302.7,292.2,0.0,0,15,0,False,
MOSPI_708687,Amended BharatNet Program - UP (West),Telecommunications,Department of Telecommunications,,1917.0,1917.0,183.16,183.16,0.0,-5.0,54.5,37.4,0.0,0,15,0,False,
MOSPI_618725,6L Greenfield Varanasi-Ranchi-Kolkata Highway from Pachmon village to Anarbansalea village From KM. 116000 to KM. 151200 Package-6,Roads & Highways,NHAI,,1916.0,1920.21,431.04,25.94,25.0,1.0,53.4,41.8,0.0,0,15,0,False,
MOSPI_618543,4L of twin tube tunnel configuration including approaches from Marog to Digdol from Km.154.210 to Km.158.650 North Bound and from Km.155.940 to Km.160.260 South Bound of  Ramban to Banihal Pkg-I of Old NH-1A New NH-44,Roads & Highways,NHAI,,1912.0,1034.3,406.09,2.08,30.0,0.0,49.0,62.1,28.6,1,15,0,False,
MOSPI_619089,Balance work of 4L of NarimbangloJatinga Junction- Harangajoroad section from Km 0.000 to Km 49.230 of NH-27,Roads & Highways,NHAI,,1910.0,2745.74,1393.08,6.21,98.0,3.0,46.5,54.4,6.6,1,15,0,False,
MOSPI_619064,Vadodara Mumbai Expressway Talsari to Karvad Phase IB - Pkg X [Km 103.400 to Km 128.000],Roads & Highways,NHAI,,1910.0,2652.24,1097.32,0.0,36.0,0.0,41.4,71.3,45.3,1,15,0,False,
MOSPI_619152,Bakhtiyarpur Km 153.300 to Mokama Km 197.900,Roads & Highways,NHAI,,1899.0,1898.84,1799.23,1.8,100.0,0.0,48.3,129.5,80.7,1,15,0,False,
MOSPI_618488,Delhi-Amritsar-Katra Expressway Phase-I Pkg-VIII from Junction with Ludhiana-Malerkotla SH-11 near Bhogiwal village to Junction with Ludhiana-Moga road NH-5 near Mullanpur Dakha Km 225770 to km 260860,Roads & Highways,NHAI,,1896.0,2034.94,1274.51,522.56,31.0,0.0,50.6,68.7,21.6,1,15,0,False,
MOSPI_706865,Chandorgaon-Cansaulim rail flyover 16 km Umbrella work PB57/2019-20/NR,Railways,CAOC/SWR SWR mor,,1892.0,1892.0,0.0,0.0,0.0,0.0,36.0,12.0,0.0,0,15,0,False,
MOSPI_705479,Wadsa-Gadchiroli 49.5 km,Railways,CAOC/SECR SECR mor,,1886.0,1880.61,1015.46,90.18,69.0,19.0,118.4,112.0,0.0,0,15,0,False,
MOSPI_617413,Mobile connectivity in Left Wing Extremism [LWE] affected areas-Phase 1 Upgradation,Telecommunications,Department of Telecommunications [DoT],,1885.0,1885.0,376.8,0.0,99.0,1.0,36.4,52.6,19.8,1,15,0,False,
MOSPI_618642,4L of Palma to Gumla from km. 26.00 to km. 89.170 of NH-23,Roads & Highways,NHAI,,1883.0,1895.75,1371.55,2.36,100.0,0.0,48.9,78.4,29.5,1,15,0,False,
MOSPI_705662,Hotgi-Kudgi-Gadag Doubling Project,Railways,South Western Railway [SWR] - II,,1878.0,2459.0,2763.97,54.27,93.0,0.0,129.0,149.5,14.9,1,15,0,False,
MOSPI_618778,4L of Madanapalle to Pileru Section from Km 0.000 to Km 55.900 of NH-71Package-I,Roads & Highways,NHAI,,1877.0,1994.1,1182.65,0.0,95.0,0.0,34.6,54.7,19.6,1,15,0,False,
MOSPI_618777,4L of Pileru to Kalur Section from Km 55.900 to Km 92.800 & Km 94.500 to Km 95.717 of NH-71Package-II,Roads & Highways,NHAI,,1877.0,592.85,246.42,0.01,99.0,0.0,44.3,54.2,9.4,1,15,0,False,
MOSPI_616587,Badampahar-Kendujhargarh new line [82.06 km],Railways,CAO/C/SER,,1876.0,1876.0,2.35,0.2,0.0,0.0,64.4,24.9,0.0,0,15,0,False,
MOSPI_705496,Tumkur-Chitradurg-Davangere 199.7 km,Railways,CAOC/SWR SWR mor,,1876.0,1801.01,676.71,63.11,22.0,6.0,96.9,186.4,105.0,1,15,0,False,
MOSPI_618482,Delhi-Amritsar-Katra Expressway Phase-I Pkg-I from Jussur Kheri on NH-KMP Expressway to Junction with Rohtak-Panipat road NH-709 near Rukhi Paani village Km 0000 to Km 34000,Roads & Highways,NHAI,,1866.0,2429.9,1609.72,528.16,100.0,0.0,36.6,69.3,31.1,1,15,0,False,
MOSPI_618700,Renigunta - Poyya - Naidupeta km 124.60 to km 183.4 of NH 71,Roads & Highways,NHAI,,1863.0,2510.14,1677.19,0.11,99.0,0.0,46.5,77.9,31.5,1,15,0,False,
MOSPI_619172,MADANNAGAR OCP 12 MTY - MDO,Coal,SECL - CIL,,1859.0,1859.0,0.45,0.0,0.0,0.0,99.3,20.8,0.0,0,15,0,False,
MOSPI_618741,4L  Greenfield Alignment from Kalyanapur to Tal Dashraha of NH-119D Pkg-III,Roads & Highways,NHAI,,1858.0,1969.3,957.28,27.93,36.0,3.0,35.4,54.4,37.5,1,15,0,False,
MOSPI_400426,Expansion of Malanjkhand Copper Project,Steel,Hindustan Copper Limited [HCL],,1856.0,3800.0,1018.09,8.19,28.0,2.0,103.0,179.5,107.0,1,15,0,False,
MOSPI_618639,4L of Bilaspur to Urga km 0.00 to 70.2 of NH-130A,Roads & Highways,NHAI,,1856.0,2523.86,1470.78,2.31,95.0,0.0,46.9,76.6,33.2,1,15,0,False,
MOSPI_618729,6 Lane Greenfield Varanasi- Ranchi- Kolkata Highway from Donoreshan village to junction with  NH-20 in Bongabar village from km 288.600 to km 325.500 Pkg -11,Roads & Highways,NHAI,,1856.0,1856.0,261.78,0.02,0.0,0.0,63.2,41.6,0.0,0,15,0,False,
MOSPI_618458,Delhi-Vadodara Greenfield Alignment NH-148N Pkg-15 Ch. 419.000 to Ch.427.300 [Junction with NH-12 near village Ummedpura to Major bridge over Takli river near Nayagaon Jageer village],Roads & Highways,NHAI,,1855.0,1854.68,1530.92,35.43,98.0,2.0,42.0,74.4,31.3,1,15,0,False,
MOSPI_619156,4 Laning of Paramakudi to Ramanathapuram Section of NH-87 Old NH-49,Roads & Highways,NHAI,,1853.0,1853.0,169.53,10.27,0.0,0.0,34.4,14.5,0.0,0,15,0,False,
MOSPI_618489,Delhi-Amritsar-Katra Expressway Phase-I Pkg-IX from Junction with Ludhiana-Moga road NH-5 near Mullanpur Dakha to Junction with Jalandhar - Moga road NH-703 near Kang Sahibu village Km 260860 to km 303900,Roads & Highways,NHAI,,1851.0,2407.14,1935.88,1.18,73.0,0.0,42.7,68.7,32.5,1,15,0,False,
MOSPI_617326,Implementation of Transmission Systems in the State of Jharkhand consisting of 400/220/132/33 kV transmission lines and substations under Jharkhand Consultancy Project,Transmission & Distribution,Power Grid Corporation of India Limited [POWERGRID],,1842.0,1842.0,1648.05,0.0,96.0,0.0,169.2,174.7,5.0,0,15,0,False,
MOSPI_618581,Hosur to Dhamrapuri Pkg-1 [Neraluru - Thorapalli Agraharam],Roads & Highways,NHAI,,1829.0,1828.66,1464.36,0.0,79.0,0.0,36.6,59.3,27.2,1,15,0,False,
MOSPI_701167,AIIMS Kashmir at Awantipora Jammu & Kashmir,Healthcare,PMSSY AND Institute of NATIONAL Importance,,1828.0,2570.19,1602.61,8.39,79.0,1.0,82.7,92.1,12.9,1,15,0,False,
MOSPI_618589,Durg-Raipur Bypass Section Package - 1 from km. 0.00 to km. 44.50 near Tendesara to near Khatti Village,Roads & Highways,NHAI,,1828.0,1656.73,1063.62,47.21,75.0,0.0,36.7,50.6,20.3,1,15,0,False,
MOSPI_618532,6L of Aurangabad to Bihar-Jharkhand border Chordaha section  from km. 209.827 to Km. 249.525 of NH-19 PKG-02,Roads & Highways,National Highways Authority of India [NHAI],,1822.0,738.11,605.5,0.0,98.0,0.0,33.8,63.4,25.6,1,15,0,False,
MOSPI_618496,Delhi-Amritsar-Katra Expressway Phase-II Pkg-XVI Existing Jakh Vijaypur-Kunjwani section of NH-44 including spur Connectivity to Jammu Airport  NH-144A [Km 503500 to km 514500],Roads & Highways,NHAI,,1822.0,2522.56,1238.6,0.84,94.0,0.0,36.8,60.4,24.1,1,15,0,False,
MOSPI_665021,Amended BharatNet Program - UKD,Telecommunications,Department of Telecommunications,,1821.0,1821.0,209.87,0.0,21.0,0.0,57.5,37.4,0.0,0,15,0,False,
MOSPI_612819,300 MW SPP part of 510 MW CPSU scheme,Power,NLC India Limited [NLCIL],,1813.0,1813.0,1753.07,0.91,100.0,0.0,26.2,49.8,15.1,1,15,0,False,
MOSPI_613015,Redevelopment of Chhatrapati Shivaji Maharaj Terminus [CSMT] and construction of associated infrastructure,Railways,Rail Land Development Authority,,1813.0,1813.0,873.99,23.41,25.0,1.0,47.1,40.6,0.0,0,15,0,False,
MOSPI_602593,Luhri Stage-I Hydro Electric Project [210 MW],Power,Satluj Jal Vidyut Nigam [SJVN] Thermal Limited,,1811.0,4345.31,1980.59,22.34,52.0,0.0,62.0,69.8,52.3,1,15,0,False,
MOSPI_619132,4/6L of Gurgaon - Pataudi - Rewari from km. 0.00 to km.43.87 of NH-352W,Roads & Highways,NHAI,,1810.0,1917.5,1267.55,0.36,78.0,1.0,42.4,76.1,33.2,1,15,0,False,
MOSPI_619099,6L Amritsar-Bathinda Greenfield section  from Jn. with Moga Jalandhar road NH-703 near Dharamkot to Jn. with Bhagta Bhai Ka-Bhadaur Road near Dyalpura Bhai Ka from km 39.000 to km 93.000 of NH-754A Pkg-2,Roads & Highways,NHAI,,1801.0,2172.71,1268.39,0.0,67.0,2.0,62.9,65.5,12.1,1,15,0,False,
MOSPI_618461,Delhi-Vadodara Greenfield Alignment NH-148N Pkg-30 Ch 803420 to Ch.824920 [Baletiya Village - Junction near Pratap Nagar Village],Roads & Highways,National Highways Authority of India [NHAI],,1801.0,1800.73,1090.06,0.0,99.0,0.0,45.4,81.7,9.4,1,15,0,False,
MOSPI_400416,Shivpur-Kathautia New Rail [BG] Line [49 km] [Package II of Tori-Shivpur-Kathautia line],Railways,Ministry of Coal,,1800.0,2564.34,1784.77,71.58,72.0,1.0,88.0,102.6,24.0,1,15,0,False,
MOSPI_701564,"Construction of new dry dock at exisitng Cochin Shipyard Limited premises at Perumanoor, Kochi 682 015",Shipping,Cochin Shipyard,,1799.0,1799.0,1558.39,0.0,96.0,0.0,56.2,100.7,27.0,1,15,0,False,
MOSPI_611949,Transmission system for evacuation of power from REZ in Rajasthan 20 GW under Phase-III part C1,Transmission & Distribution,Power Grid Corporation of India Limited [POWERGRID],,1796.0,1796.0,1724.17,35.92,98.0,2.0,18.1,34.7,13.0,1,15,0,False,
MOSPI_705454,Chhota Udepur-Dhar 157 km,Railways,CAOCWR WR mor,,1794.0,1993.65,1855.01,26.1,58.0,-5.0,226.1,234.7,0.0,0,15,0,False,
MOSPI_617830,C2/C3 Vijaipur Pata Pipeline,Petroleum,Gas Authority of India Limited [GAIL],,1792.0,1792.0,541.2,30.7,73.0,2.0,32.0,28.0,0.0,0,15,0,False,
MOSPI_619149,4L of Ratnagiri - Kolhapur section of NH-166  from km 0.000 to km 19.769 and km 31.000 to km 67.140 Pkg  I,Roads & Highways,NHAI,,1774.0,2108.41,1444.74,16.92,97.0,3.0,33.2,55.0,24.3,1,15,0,False,
MOSPI_619078,Six Laning of Bihar - Jharkhand Border Chordaha - Gorhar section of NH-2 from km 249.525 to km 320.810,Roads & Highways,NHAI,,1773.0,1689.17,1275.76,0.0,78.0,0.0,47.0,104.6,61.1,1,15,0,False,
MOSPI_618894,4L of Madathukulam - Pollachi from km. 74.38 to km. 116.95 of old NH-209 New NH-83,Roads & Highways,NHAI,,1772.0,1772.13,1062.67,1.41,98.0,2.0,46.4,91.8,45.9,1,15,0,False,
MOSPI_619305,4L of Munger  Mirzachauki section from start of existing Bhagalpur bypass to Rasulpur from Km 125000 to Km 157350 Pkg-3,Roads & Highways,NHAI,,1770.0,2024.59,675.5,2.83,77.0,0.0,38.4,67.5,32.6,1,15,0,False,
MOSPI_618758,6L accesscontrolled highway from km 0000 to km 40080 Paniyala to Mator Section of Paniyala-Barodameo ICR,Roads & Highways,NHAI,,1765.0,1239.24,571.41,13.09,43.0,2.0,47.6,47.6,0.0,0,15,0,False,
MOSPI_618487,Delhi-Amritsar-Katra Expressway Phase-I Pkg-VII from Junction with Patiala-Bathinda road NH-7 near Bhawanigarh to Junction with Ludhiana-Malerhkotla SH-11 near Bhogiwal village Km 188830 to km 225770,Roads & Highways,National Highways Authority of India [NHAI],,1760.0,1774.32,1250.45,0.0,96.0,1.0,42.5,68.7,23.7,1,15,0,False,
MOSPI_618552,Development of 6L Greenfield Jalandhar Bypass starting from Kahlwan NH-03  ending at Kang Sahbu NH-703  via Sarmastpur NH-44 - Madara NH-03 - Khajurla NH-44,Roads & Highways,NHAI,,1755.0,2167.39,1252.02,0.0,57.0,3.0,45.5,65.5,29.5,1,15,0,False,
MOSPI_611699,186 MW Tato-I H E Project,Power,North Eastern Electric Power Corporation Limited,,1750.0,1750.0,116.08,13.29,2.0,0.0,55.6,21.1,0.0,0,15,0,False,
MOSPI_604792,"Assam Bio Refinery, ABRPL",Petroleum,Ministry of Petroleum & Natural Gas,,1750.0,4930.0,4710.0,60.0,99.0,0.0,36.0,12.0,48.0,1,15,0,False,
MOSPI_618595,6L of Chengala - Neeleshwaram from km. 56.200 to km. 93.468,Roads & Highways,NHAI,,1746.0,2538.06,1447.45,0.14,91.0,0.0,46.4,75.4,35.5,1,15,0,False,
MOSPI_619065,4L Expressway from Km 26.400 to km 53.500 of Malur to Bangarpet section of Bangalore-Chennai Expressway Phase-I Package-II,Roads & Highways,NHAI,,1745.0,1729.63,1103.49,0.36,100.0,0.0,33.0,68.9,35.9,1,15,0,False,
MOSPI_618486,Delhi-Amritsar-Katra Expressway Phase-I Pkg-V from Junction with Ambala-Kaithal-Hissar road NH-152 near Kharak Pandwa village to Junction with Patiala-Samana-Patran road SH-10 near Ghagga village Km 120250 to Km 157920,Roads & Highways,NHAI,,1742.0,2281.02,1508.2,0.0,99.0,0.0,39.8,67.5,27.3,1,15,0,False,
MOSPI_619201,Karnal ring road Lot-4/Pkg-1,Roads & Highways,NHAI,,1741.0,2041.54,834.54,3.43,97.0,1.0,33.8,46.4,14.0,1,15,0,False,
MOSPI_617302,Durgapur - Haldia Pipeline [Section-3B of JHBDPL Project],Petroleum,Gas Authority of India Limited [GAIL],,1740.0,2583.0,2380.8,5.7,96.0,1.0,46.0,114.5,69.0,1,15,0,False,
MOSPI_618492,Delhi-Amritsar-Katra Expressway Phase-I Pkg-XII from Junction with Amritsar-Mehta-SriHargobindpur-Tanda road NH-503A near SriHargobindpur to Junction with Pathankot-Gurdaspur road NH-54 near Gurdaspur Km 362420 to km 397700,Roads & Highways,NHAI,,1734.0,1538.47,780.61,7.08,28.0,0.0,71.6,66.4,4.3,0,15,0,False,
MOSPI_618633,4L of Kadapa  China Orampadu section of NH-716 Package I of Kadapa-Renigunta section,Roads & Highways,NHAI,,1733.0,1733.0,106.39,0.62,5.0,3.0,63.3,45.3,0.0,0,15,0,False,
MOSPI_400321,NIGAHI EXPANSION [15 TO 25 MTP,Coal,NCL - CIL,,1730.0,1730.0,985.35,16.98,54.0,0.0,52.6,70.1,36.0,1,15,0,False,
MOSPI_618732,6L Greenfield Varanasi- Ranchi- Kolkata Highway from Sonepurbigha village to junction with NH- 22 Chatra Bypass near Chatra from km 184.700 to km 222.000Pkg -8,Roads & Highways,NHAI,,1728.0,1728.0,200.25,0.0,4.0,0.0,61.8,41.6,0.0,0,15,0,False,
MOSPI_616234,PELMA OC MDO,Coal,SECL - CIL,,1725.0,1725.0,16.71,0.0,40.0,16.0,125.5,47.0,0.0,0,15,0,False,
MOSPI_618434,Roing-Hunli Road Greenfield Alignment Project,Roads & Highways,NHIDCL,,1719.0,1719.0,1123.4,934.16,82.0,0.0,60.5,114.9,55.9,1,15,0,False,
MOSPI_618724,6L Greenfield Varanasi-Ranchi-Kolkata Highway from  Anarbansalea village to Sagrampur village From KM. 151200 to KM. 184700Package-7,Roads & Highways,NHAI,,1719.0,1723.42,340.33,0.0,28.0,0.0,51.2,41.8,0.0,0,15,0,False,
MOSPI_618314,4-Laning of Dhanehari Lailapur / Vairengte section from Existing Chainage km 12920 to km 43000 of NH 306 Design Chainage km 20000 to km 49360 on Silchar - Vairengte Sairang road in the State of Assam under Bharatmala Pariyojna on EPC mode. Project Length 29.360 km under NHO-NE Package-2,Roads & Highways,NHIDCL,,1716.0,1716.0,1057.72,87.35,82.0,0.0,40.5,41.5,7.5,1,15,0,False,
MOSPI_317725,Amended BharatNet Program - OD,Telecommunications,Department of Telecommunications,,1713.0,1713.0,0.0,0.0,0.0,0.0,70.9,37.4,0.0,0,15,0,False,
MOSPI_706724,Guwahati Airport New Integrated Terminal Building Construction Project,Aviation,Adani Airport Holdings Limited,,1712.0,2520.0,2670.23,10.08,100.0,1.0,99.9,117.4,15.0,1,15,0,False,
MOSPI_619198,Vadodara Mumbai Expressway Phase II - Pkg XII [Km. 50.700 to Km. 77.000] Masvan - Ganjad,Roads & Highways,NHAI,,1711.0,2388.52,979.42,0.01,100.0,1.0,43.5,73.3,29.3,1,15,0,False,
MOSPI_618465,Vadodara Mumbai Expressway Gandeva to Ena Phase IB - Pkg VII [Km 190.00 to Km 217.500],Roads & Highways,National Highways Authority of India [NHAI],,1710.0,3392.21,2158.87,6.44,97.0,0.0,39.3,73.5,30.2,1,15,0,False,
MOSPI_619209,4L of existing 2/4L stretch from Lonand  to Dive Ghat Km 166.400 to Km 220.900  of Mohol  Alandi section of NH-965 Pkg - V,Roads & Highways,National Highways Authority of India [NHAI],,1710.0,2049.51,1125.89,0.0,99.0,1.0,30.1,58.5,23.9,1,15,0,False,
MOSPI_618921,4L of Kathlighat to Shakral Village from Km 128.835 to Km 146.300 of NH- 5 Shimla Bypass - Pkg I,Roads & Highways,NHAI,,1703.0,2648.8,1182.61,42.89,64.0,1.0,49.0,53.8,14.8,1,15,0,False,
MOSPI_701657,Tumakuru Node - Phase 1 - Roads and Services Development,Real Estate,NICDC,,1702.0,1702.0,337.56,13.44,27.0,1.0,68.7,68.5,12.0,1,15,0,False,
MOSPI_615202,Capacity expansion of Deposit-14 and 14 NMZ at Kirandul,Steel,National Mineral Development Corporation Limited [NMDC],,1700.0,1756.2,292.01,29.0,23.0,5.0,88.6,61.1,0.0,0,15,0,False,
MOSPI_400165,SUBHADRA OCP,Coal,MCL - CIL,,1694.0,1694.0,1332.87,1.51,47.0,1.0,130.8,63.6,0.0,0,15,0,False,
MOSPI_400203,Dharamjaigarh-Korba,Railways,Railway,,1686.0,2438.53,792.73,166.96,44.0,0.0,103.3,99.8,0.0,0,15,0,False,
MOSPI_613003,Dharamjaigarh-Korba 63 km,Railways,CERL,,1686.0,1686.0,288.83,0.0,18.0,0.0,36.3,36.8,0.0,0,15,0,False,
MOSPI_210914,Amended BharatNet Program - WB & ANI,Telecommunications,Department of Telecommunications,,1674.0,1674.0,223.41,0.0,15.0,0.0,54.7,37.4,0.0,0,15,0,False,
MOSPI_619074,6-laning of Krishnagiri Km.0.000 to Walajahpet Km.148.300 section on NH-46 under NHDP-V,Roads & Highways,NHAI,,1673.0,781.74,707.81,6.44,100.0,0.0,47.2,200.6,152.9,1,15,0,False,
MOSPI_400093,Saryu Nahar CADWM Project,Water Resources,Irrigation & Water Resources-UP,,1673.0,1673.0,22.24,0.0,2.0,1.0,33.0,113.5,75.0,1,15,0,False,
MOSPI_608922,Transmission System Strengthening Scheme for evacuation of power from SEZ in Rajasthan 8.1 GW under Phase II Part G,Transmission & Distribution,Power Grid Corporation of India Limited [POWERGRID],,1666.0,2218.0,2139.28,10.0,95.0,-1.0,18.7,52.2,24.0,1,15,0,False,
MOSPI_618251,"Improvement and Up gradation to four lane with Paved shoulder configuration from Existing Km 0000 to Km 39500 design km 0500 to Km 40342, Design length km of NH  227A  near Mehrauna GhatUP  Bihar Border to Siwan on the state of Bihar on Hybrid Annuity Model HAM basis",Roads & Highways,MoRTH,,1661.0,1661.0,0.83,0.0,9.0,1.0,59.9,42.2,0.0,0,15,0,False,
MOSPI_619289,4L of Munger  Mirzachauki section from Munger to Kharia village junction from Km 69520 to Km 95580 Pkg-1,Roads & Highways,NHAI,,1660.0,1696.66,685.48,14.92,83.0,0.0,38.0,67.5,31.0,1,15,0,False,
MOSPI_618702,4L of Addahole Near Gundya to Bantwal Cross section Pkg-02 from Design Km 270.270 to Design km 318.55 including flyover at Kalladka Town including approaches from Km. 311.57 to Km. 313.67 of NH-75 Old NH-48,Roads & Highways,NHAI,,1660.0,1318.24,1452.0,0.1,94.0,0.0,35.0,68.7,41.2,1,15,0,False,
MOSPI_619217,4L of Haridwar-Nagina section from km. 0.00 to km. 71.614 of NH-74,Roads & Highways,NHAI,,1659.0,1622.49,1546.89,5.9,100.0,0.0,55.7,129.5,72.8,1,15,0,False,
MOSPI_705457,Ratlam-Mhow-Khandwa-Akola 472.64 km including material modification for Fatehabad-Chandrawati Ganj-Ujjain 22.96 km and Rau-DADN doubling 9.40 km,Railways,CAOCWR WR mor,,1656.0,13314.5,5045.54,438.83,75.0,-5.0,230.4,223.9,18.0,1,15,0,False,
MOSPI_618637,Bal. Works of Fagne Km. 510.000 to Maharashtra/Gujarat Border Km. 650.794,Roads & Highways,NHAI,,1654.0,1672.89,1447.76,0.0,100.0,0.0,32.7,80.6,51.4,1,15,0,False,
MOSPI_618909,2L PS of JH / WB Border km. 70.524 - Purulia km.84.400 & Purulia km. 94.30 - Chandil Junction with NH-33 km. 153.705 of Old NH-32,Roads & Highways,NHAI,,1652.0,1771.88,1652.04,2.79,98.0,0.0,52.8,102.1,50.8,1,15,0,False,
MOSPI_619096,Goa / Karnataka Km.93.700 to Kundapur Km.283.30,Roads & Highways,NHAI,,1645.0,1990.99,1849.51,0.64,98.0,0.0,48.9,169.5,122.1,1,15,0,False,
MOSPI_618462,Delhi-Vadodara Greenfield Alignment NH-148N Pkg-31 Ch.824920 to Ch.844382 [Junction near Pratap nagar Village - Junction near Dodka Village],Roads & Highways,NHAI,,1645.0,1651.14,1297.76,0.29,100.0,0.0,41.7,81.7,38.8,1,15,0,False,
MOSPI_619134,6L of Ambala-Chandigarh greenfield section from Km. 0.000 to Km. 25.000 with 4L spur to Lalru from Km. 0.000 to Km. 5.828  & spur to PR-7 road from Km. 0.000 to Km. 11.157,Roads & Highways,NHAI,,1642.0,1904.79,1277.92,0.0,90.0,0.0,42.4,53.5,11.6,1,15,0,False,
MOSPI_619200,Delhi-Amritsar-Katra Expressway Phase-I Spur-III from Junction with Amritsar-Jalandhar road NH-3 near Bhishambarpura to Junction with Amritsar-Anjala road NH-354 near Amritsar Airport [Km 71000 to Km 99000 of Amritsar connectivity],Roads & Highways,NHAI,,1642.0,1951.7,1364.2,18.94,34.0,0.0,43.8,66.4,36.1,1,15,0,False,
MOSPI_618915,4L of Bal. works of Patna - Gaya -Dobhi Pkg-II from km. 39.00 to km. 83.00 of Old NH-83,Roads & Highways,National Highways Authority of India [NHAI],,1637.0,777.2,728.91,0.0,89.0,0.0,37.7,83.9,30.7,1,15,0,False,
MOSPI_619063,4L Greenfield spur from Delhi-Vadodara Greenfield expressway near Bandikui to Jaipur,Roads & Highways,National Highways Authority of India [NHAI],,1636.0,2170.39,1278.04,72.75,100.0,0.0,32.1,54.2,19.6,1,15,0,False,
MOSPI_616843,Ajmer-Chanderiya section 178.28 km Umbrella work PB57/2019-20/NR,Railways,CAOC/NWR NWR mor,,1635.0,1634.79,560.17,70.61,23.0,1.0,40.3,30.8,9.0,1,15,0,False,
MOSPI_705433,Dallirajhra- Rowghat New Railway Line - Phase I [95 km],Railways,RVNL - II,,1628.0,1628.0,1440.85,0.0,82.0,0.0,194.5,206.0,3.0,0,15,0,False,
MOSPI_705375,Koderma-Tilaiya 68 km,Railways,CAO/Con/South/MHX ECR mor,,1626.0,2433.13,2269.03,47.27,90.0,-5.0,243.8,262.3,12.0,1,15,0,False,
MOSPI_701412,North Koel Reservoir Project,Water Resources,"Department of Water Resources, River Development & GR",,1622.0,2430.76,345.94,172.97,47.0,3.0,44.0,109.5,75.0,1,15,0,False,
MOSPI_437130,"Amended BharatNet Program - J&K, LAD",Telecommunications,Department of Telecommunications,,1621.0,1621.0,170.05,0.0,8.0,0.0,58.2,37.4,0.0,0,15,0,False,
MOSPI_618800,Construction of New Double Tier 4L Elevated Corridor from Chennai Port to Maduravoyal in Chennai District from km -0.342 to Km 20.593 and Package II from Km 4.604 to Km 9.700,Roads & Highways,NHAI,,1617.0,1616.97,250.4,10.92,18.0,0.0,38.2,42.0,34.4,1,15,0,False,
MOSPI_618484,Delhi-Amritsar-Katra Expressway Phase-I Pkg-III from Junction with Jind-Panipat road NH-352A near Gangana village to Junction with Jind-Karnal road NH-709A near Alewa village Km 60800 to Km 91400,Roads & Highways,National Highways Authority of India [NHAI],,1606.0,1813.91,631.62,0.0,79.0,0.0,36.2,68.9,4.9,0,15,0,False,
MOSPI_619053,RPR FOR RAMPUR BATURA OCP,Coal,SECL - CIL,,1605.0,1605.0,75.28,0.05,0.0,0.0,58.0,15.5,0.0,0,15,0,False,
MOSPI_705368,Araria-Supaul 92 km,Railways,CAO/Con/North/MHX ECR mor,,1605.0,2621.05,2140.8,414.85,40.0,-5.0,175.3,204.8,34.0,1,15,0,False,
MOSPI_619155,Upgradation and 4L of Haridwar Bypass from Km 0.000 Km 188.100 of NH-58 to Km. 15.100 Km 5.100 of NH 74 PKg-1,Roads & Highways,NHAI,,1603.0,1423.89,770.27,0.0,80.0,0.0,35.2,57.8,25.0,1,15,0,False,
MOSPI_616857,Doubling between Motumari  Vishnupuram 88.81 km and Rail over Rail RoR at Motumari  10.877 Km,Railways,CAO/C/SCoR SCoR mor,,1596.0,1596.0,327.62,62.73,22.0,20.0,61.3,30.8,0.0,0,15,0,False,
MOSPI_706835,Belgaum-Dharwad via Kittur [73.10Km],Railways,South Western Railway [SWR] - II,,1591.0,1591.0,0.75,0.37,0.0,0.0,87.7,72.2,15.0,1,15,0,False,
MOSPI_616950,PRP-VIII [Group-A],Petroleum,Oil and Natural Gas Corporation Limited [ONGC],,1589.0,1486.4,629.46,10.47,60.0,0.0,17.8,24.3,0.0,0,15,0,False,
MOSPI_400291,Doubling of Kirandul-Jagdalpur Line [150 km],Railways,East Coast Railway [ECoR] - II,,1589.0,1798.0,1691.27,34.73,96.0,-2.0,85.3,162.8,85.0,1,15,0,False,
MOSPI_618845,Puducherry Km.29.000 to Poondiyankuppam Km.67.000,Roads & Highways,NHAI,,1588.0,1415.9,460.45,0.06,99.0,0.0,68.5,102.5,34.5,1,15,0,False,
MOSPI_705528,Muzaffarpur-Sugauli,Railways,East Central Railway [ECR] - II,,1586.0,1586.0,1586.82,31.94,99.0,0.0,76.0,102.5,14.0,1,15,0,False,
MOSPI_400192,Tubed Coal Mine,Coal,Damodar Valley Corporation,,1581.0,1581.0,624.86,7.95,37.0,1.0,118.7,122.2,7.0,1,15,0,False,
MOSPI_619076,Six Laning of Vijayawada Bypass from Chinna Avutapalli to Gollapudi in Vijayawada - Gundugolanu Section from km. 0.00 to km. 30.00 Pkg-III,Roads & Highways,NHAI,,1581.0,1883.71,1024.75,0.24,98.0,0.0,36.9,79.8,43.4,1,15,0,False,
MOSPI_701599,Mobile connectivity in Left Wing Extremism [LWE] affected areas-Phase2,Telecommunications,Department of Telecommunications [DoT],,1578.0,1578.0,701.66,0.0,88.0,1.0,58.2,99.8,36.0,1,15,0,False,
MOSPI_618727,6L Greenfield Varanasi-Ranchi-Kolkata Highway from junction with Bhabhua-Adhaura road in Bhairopur village to Konki village From KM. 54.000 to KM. 90.000Pkg-3,Roads & Highways,NHAI,,1577.0,1711.44,328.2,15.1,26.0,4.0,54.3,41.7,0.0,0,15,0,False,
MOSPI_618950,Construction of Bypass to NH-114A Connecting NH-333 and NH-133 Deoghar  Bypass from design km 0.000 to design Km 49.000,Roads & Highways,NHAI,,1565.0,1565.0,106.04,50.8,12.0,3.0,38.0,21.6,0.0,0,15,0,False,
MOSPI_618608,4L of left-over works including additional structures from Kerala/Tamil Nadu border to Kanyakumari Section from Km 43.0 to Km 96.174 of NH66,Roads & Highways,NHAI,,1564.0,1263.42,980.14,18.24,82.0,1.0,32.7,46.2,17.0,1,15,0,False,
MOSPI_616232,HINGULA II OC EXPN PH III 15 M,Coal,MCL - CIL,,1562.0,1562.0,284.22,4.9,34.0,3.0,76.7,46.3,0.0,0,15,0,False,
MOSPI_618533,Barwa Adda Km. 398.240 to Panagarh Km. 521.120,Roads & Highways,NHAI,,1560.0,1568.22,1694.94,3.99,100.0,0.0,73.3,192.9,119.1,1,15,0,False,
MOSPI_619105,6L Access Controlled Ludhiana-Bathinda Greenfield highway from Jn. with Moga-Barnala Road NH-703 near village Tallewal to Jn. with Delhi-Katra Expressway NE-5 near Ludhiana village Ballowal from Km 30.300 to Km 75.543 of NH-754AD Pkg-2,Roads & Highways,NHAI,,1555.0,1564.66,711.39,12.52,26.0,2.0,74.8,62.4,0.0,0,15,0,False,
MOSPI_618459,Delhi-Vadodara Greenfield Alignment NH-148N Pkg-26 Ch.696890 to Ch.726390,Roads & Highways,NHAI,,1555.0,1556.4,1288.32,15.01,86.0,4.0,47.7,72.2,29.9,1,15,0,False,
MOSPI_618723,6L access Controlled Greenfield Highway from Ranipur Barsi to Adhoya Musalmana  section of Shamli -Ambala Package-II Design Ch. Form km 45.500 to km 84.400,Roads & Highways,NHAI,,1554.0,1241.89,847.9,22.12,83.0,4.0,34.8,50.8,21.5,1,15,0,False,
MOSPI_618564,6L with PS of Samakhiyali to Santalpur section from km. 339.700 to Km. 430.100 of NH-27,Roads & Highways,NHAI,,1554.0,34.34,28.66,0.07,65.0,0.0,35.3,43.9,15.1,1,15,0,False,
MOSPI_914467,Amended BharatNet Program - BR,Telecommunications,Department of Telecommunications,,1550.0,1550.0,222.77,0.0,18.0,0.0,55.2,37.4,0.0,0,15,0,False,
MOSPI_611495,Development of New Civil Enclave at Bagdogra Airport,Aviation,Airport Authority of India [AAI],,1549.0,1549.0,548.3,40.5,28.0,-5.0,30.2,24.5,0.0,0,15,0,False,
MOSPI_705511,Jagdalpur-Koraput,Railways,East Coast Railway [ECoR] - II,,1547.0,1547.0,1403.9,16.66,93.0,-2.0,99.7,129.2,33.0,1,15,0,False,
MOSPI_618730,6 Lane Greenfield Varanasi- Ranchi- Kolkata Highway from Deoria village to Donoreshan village from km 253.000 to km 288.600  Pkg -10,Roads & Highways,NHAI,,1546.0,1546.0,183.44,100.79,6.0,2.0,62.0,41.6,0.0,0,15,0,False,
MOSPI_705424,Chandigarh-Baddi 33.23 km,Railways,CAOC/NR NR mor,,1540.0,1942.17,1101.73,495.66,47.0,3.0,106.5,103.0,0.0,0,15,0,False,
MOSPI_618677,6L Greenfield Kaliagura   Baunsaguar Section of NH-130-CD Road from km 249000 to km 293000 Package  OD-5,Roads & Highways,NHAI,,1540.0,1918.49,1026.67,28.54,98.0,1.0,32.8,60.4,30.1,1,15,0,False,
MOSPI_618791,4L PS under NH configuration of Manikpur-Sahebganj of NH-139W,Roads & Highways,NHAI,,1539.0,1539.0,595.95,31.58,28.0,1.0,38.4,22.9,0.0,0,15,0,False,
MOSPI_618932,Construction of 6 lane Indore western bypass from km 0000 to Km 34000 Pkg -l  in the State of Madhya Pradesh on Hybrid Annuity Mode under NHO,Roads & Highways,NHAI,,1535.0,1472.68,657.89,2.06,28.0,5.0,46.1,30.6,0.0,0,15,0,False,
MOSPI_618483,Delhi-Amritsar-Katra Expressway Phase-I Pkg-II from Junction with Rohtak-Panipat road NH-709 near Rukhi Paani village to Junction with Jind-Panipat road NH-352A near Gangana village Km 34000 to Km 60800,Roads & Highways,NHAI,,1534.0,1792.53,1176.23,205.14,100.0,0.0,36.7,68.7,30.6,1,15,0,False,
MOSPI_617878,Phase B of Construction of Permanent Campus of IIT Palakkad,Education,INDIAN INSTITUTE OF TECHNOLOGY PALAKKAD,,1527.0,1527.0,9.8,9.8,0.0,0.0,41.1,15.6,0.0,0,15,0,False,
MOSPI_618733,6L Greenfield Varanasi- Ranchi- Kolkata Highway from junction with  NH-20 in Bongabar village to junction with NH-30 in Lepo village from km 325.500 to km 358.500  Pkg -12,Roads & Highways,NHAI,,1526.0,1526.0,218.28,0.01,0.0,0.0,63.2,41.6,0.0,0,15,0,False,
MOSPI_618789,6L of IT City Chowk to Kurali Chandigarh Road,Roads & Highways,National Highways Authority of India [NHAI],,1525.0,1936.54,1689.83,0.0,98.0,0.0,43.2,66.4,8.7,1,15,0,False,
MOSPI_618479,Bangalore Chennai Expressway Phase-III  Package III Arakkonam to Kancheepuram from Km 204.500 to Km 230.000,Roads & Highways,NHAI,,1525.0,1525.1,360.95,0.3,54.0,0.0,43.7,69.2,41.1,1,15,0,False,
MOSPI_618468,Vadodara Mumbai Expressway Phase II - Pkg XI [Km. 77.000 to Km. 103.400] Ganjad - Talsari,Roads & Highways,National Highways Authority of India [NHAI],,1525.0,1913.95,813.35,0.0,100.0,1.0,46.9,74.9,23.4,1,15,0,False,
MOSPI_619144,Hospet - Chitradurga from km. 299.00 to km. 418.750,Roads & Highways,National Highways Authority of India [NHAI],,1520.0,387.48,36.7,0.34,100.0,0.0,41.0,138.0,94.5,1,15,0,False,
MOSPI_618830,4L from Km 147.450 Bhogu to Km 196.870 Sankha on NH-75 Sec-III,Roads & Highways,NHAI,,1518.0,1652.09,1131.52,28.52,77.0,0.0,37.2,47.4,16.7,1,15,0,False,
MOSPI_617374,"Dallirajhara - Rowghat New Rail Line Project, Phase-I",Railways,Rail Vikas Nigam Limited,,1516.0,1881.26,2154.73,11.01,98.0,0.0,188.5,206.0,11.0,1,15,0,False,
MOSPI_618977,"Development of New Greenfield Airport at Bundi, Kota Rajasthan.",Aviation,Airport Authority of India [AAI],,1507.0,1507.0,81.41,10.28,14.0,1.0,25.7,12.5,0.8,0,15,0,False,
MOSPI_619219,4L of Tumkur-Shimoga Pkg-II from Km 65.195 Karadi to Km 121.900 Banawara of NH-206,Roads & Highways,NHAI,,1506.0,1989.89,1298.78,0.79,100.0,0.0,43.5,102.6,62.5,1,15,0,False,
MOSPI_618779,4L of Aurangabad-Paithan,Roads & Highways,NHAI,,1505.0,349.96,319.54,13.95,96.0,0.0,22.1,47.9,22.6,1,15,0,False,
MOSPI_618947,4L of NH-80 from km 215.00 to km 260.00 Mirza Chauki to Farkka Pkg-I,Roads & Highways,NHAI,,1505.0,1508.21,1038.65,8.92,92.0,0.0,63.3,101.7,39.9,1,15,0,False,
MOSPI_618623,4L Boregaon Buzurg to Shahpur Pkg I of Boregaon Buzurg to Muktainagar of NH 753L,Roads & Highways,NHAI,,1504.0,1132.34,556.86,29.52,90.0,0.0,38.9,46.4,8.2,1,15,0,False,
MOSPI_618785,4/6L Greenfield LudhianaRupnagar highway from Jn. with NE-5 village near to ManewalLudhiana to Jn. with NH-205 near Bheora Village Rupnagar from Km 66.0 to Km 91.0 i/c spur to Kharar from Km 0.0 to Km 19.5 with Ludhiana bypass of NH-205K Pkg-3,Roads & Highways,NHAI,,1501.0,1815.13,1162.52,3.82,80.0,0.0,42.6,61.5,22.5,1,15,0,False,
MOSPI_619102,4 L of China Orampadu-Renigunta section of NH-716 Package-II of Kadapa-Renigunta section,Roads & Highways,NHAI,,1500.0,1500.0,121.06,0.6,2.0,2.0,63.3,45.3,0.0,0,15,0,False,
MOSPI_618631,6L of MH/KN Border Nimbal Village to KN/TS Border Singnodi Village from Km. 162.5 to Km. 203.100 in Raichur of NH-150C Pkg-IV,Roads & Highways,NHAI,,1500.0,1457.48,840.31,0.0,100.0,0.0,37.9,54.0,15.6,1,15,0,False,
MOSPI_618899,Kallagam km.38.700 to Meensurutti Km.98.433 of NH-227 in Tamil Nadu,Roads & Highways,NHAI,,1499.0,1499.12,1111.9,0.1,100.0,0.0,37.8,102.6,64.3,1,15,0,False,
MOSPI_618740,4L Greenfield Alignment of Shivrampur  to Ramnagar from Km. 55.002 to Km. 109.300 of NH 119 D Pkg-II,Roads & Highways,NHAI,,1494.0,1546.07,702.39,37.84,51.0,1.0,41.0,55.4,28.9,1,15,0,False,
MOSPI_619154,Construction of Four Lane Highway from Ghazipur- Ballia-UP/Bihar State Border Greenfield section of NH-31 Package III [from Pindari km 78.150 to Rawalganj Bypass Km 117.120] on EPC Mode in the state of Uttar Pradesh.,Roads & Highways,NHAI,,1494.0,1493.59,1044.81,2.78,86.0,3.0,34.8,47.3,14.1,1,15,0,False,
MOSPI_618680,6L Greenfield  Kandili - Aluru Section of NH-130-CD Road from km 342500 to km 365033 Package-OD-8,Roads & Highways,NHAI,,1493.0,1912.84,1088.96,24.15,100.0,0.0,33.9,56.8,22.4,1,15,0,False,
MOSPI_619216,6L access Controlled Greenfield Highway from Adhoya Musalmana to Sadopur section of Shamli -Ambala Package-III Design Ch. Form km 84.400 to km 121.786,Roads & Highways,NHAI,,1492.0,1122.86,791.92,0.0,81.0,0.0,35.1,51.5,20.0,1,15,0,False,
MOSPI_709842,"Kalol Redevelopment Project, Ahmedabad Asset",Petroleum,Oil and Natural Gas Corporation Limited [ONGC],,1487.0,1487.41,946.45,1.0,66.0,1.0,55.0,48.5,0.0,0,15,0,False,
MOSPI_618477,Bangalore Chennai Expressway Phase-III  Package I Gudipala to Walajajhpet from Km 156.000 to Km 180.000,Roads & Highways,NHAI,,1482.0,1481.87,746.74,0.0,99.0,0.0,43.2,70.8,27.1,1,15,0,False,
MOSPI_707414,Multi Modal Transport Hub [MMTH] Project at Boraki in Greater Noida - Infrastructure Development - Phase 1,Logistics Infrastructure,National Industrial Corridor Development Corporation,,1480.0,1480.0,0.0,0.0,0.0,0.0,110.4,68.5,0.0,0,15,0,False,
MOSPI_618946,4L of Mehgama - Hansdiha from  km. 41.900 to km. 93.000 of NH -133A Pkg-II,Roads & Highways,National Highways Authority of India [NHAI],,1480.0,1568.18,878.21,0.01,100.0,0.0,37.2,53.5,13.8,1,15,0,False,
MOSPI_618515,6L from Belgaum to Sankeshwar Bypass from Km. 515.000 to Km. 555.017 of NH-48 Pkg-I,Roads & Highways,National Highways Authority of India [NHAI],,1479.0,1237.04,1178.31,0.0,100.0,0.0,41.3,58.1,14.2,1,15,0,False,
MOSPI_619122,Akshardham - DL/UP Border Pkg-01,Roads & Highways,National Highways Authority of India [NHAI],,1479.0,1476.75,1351.78,8.6,100.0,0.0,51.5,72.2,18.2,1,15,0,False,
MOSPI_618234,Construction of a new 4-lane major bridge across river Kosi at Phulaut including Rehabilitation and upgradation of existing Birpur and Bihpur section of NH-106 from km 106.000 to km 136.000 to 2-lane with paved shoulders in the State of Bihar on EPC mode,Roads & Highways,MoRTH,,1478.0,1478.0,901.52,0.2,99.0,1.0,68.5,95.8,32.8,1,15,0,False,
MOSPI_618795,Amritsar Bypass Pkg III from km. 71.496 to km. 105.158,Roads & Highways,NHAI,,1475.0,1228.42,1222.73,0.06,82.0,-1.0,42.6,67.1,28.0,1,15,0,False,
MOSPI_613788,AGTHORI KAMAKHYA SECTION WITH CONSTRUCTION OF NEW RAIL CUM-ROAD BRIDGE AT SARAIGHAT - 7.062KM,Railways,Northeast Frontier Railway [NFR],,1474.0,1474.0,0.0,0.0,0.0,0.0,70.4,30.8,0.0,0,15,0,False,
MOSPI_705373,Fatuah-Islampur incl. material modification for extension of new line from Neora to Daniawan Daniawan to Biharsharif Biharsharif to Barbigha Barbigha to Sheikhpura,Railways,CAO/Con/South/MHX ECR mor,,1473.0,3259.35,3041.78,216.98,95.0,4.0,247.3,288.9,29.0,1,15,0,False,
MOSPI_618954,Umagaon - Saharsa Package - I Combined Umagaon-Kaluahi0.000KM to 21.609Km of NH227LSaharghat-Rahika0.000 Km to 26.130KM of NH227JRahika-Rampatti 0.00 KM to 15.00KM of NH527ABideshwarsthan-Bheja0.000KM to 25.915KM of NH527A.,Roads & Highways,NHAI,,1473.0,1703.02,644.37,2.49,24.0,2.0,58.3,48.9,0.0,0,15,0,False,
MOSPI_618674,Development of 6L Sargi  Basanwahi Section from km 42.800 to km 99.500 of NH-130CD Pkg-CG-2,Roads & Highways,NHAI,,1471.0,1461.81,757.62,0.03,100.0,0.0,36.6,56.8,19.7,1,15,0,False,
MOSPI_618783,4-laning of Pilibhit - Sitarganj from Km. 32.500 to Km. 70.800 Pkg-2 of NH-30,Roads & Highways,NHAI,,1471.0,1471.19,470.11,13.35,44.0,1.0,37.8,44.0,19.6,1,15,0,False,
MOSPI_619163,4L of Baramati to Indapur Pkg-II from km. 41.400 to km. 84.550 of NH-965G Saint Tukaram Marg,Roads & Highways,NHAI,,1471.0,1297.48,1071.0,143.9,86.0,0.0,31.7,68.0,39.8,1,15,0,False,
MOSPI_618578,6L Access Controlled Highway from DND Maharani Bagh - Jn. with Jaitpur - Pushta Road of NH-148NA from km. 0.00 to km. 9.00 in NCR,Roads & Highways,National Highways Authority of India [NHAI],,1467.0,2510.34,1615.93,0.09,98.0,0.0,47.3,73.5,22.9,1,15,0,False,
MOSPI_618850,Nerchowk km 190.000 to Pandoh including Pandoh bypass  km221.305,Roads & Highways,NHAI,,1464.0,1651.67,1574.85,7.73,100.0,0.0,51.3,125.5,73.7,1,15,0,False,
MOSPI_611917,Poly Butadiene Rubber plant at Panipat,Petroleum,Indian Oil Corporation Limited [IOCL],,1459.0,2531.44,1643.7,11.69,89.0,2.0,36.5,54.0,21.0,1,15,0,False,
MOSPI_616588,Buramara - Chakulia 59.96 km PB9/SECR/2023-24,Railways,CAO/C/SER SER mor,,1459.0,1459.0,11.7,2.54,2.0,2.0,64.4,24.9,0.0,0,15,0,False,
MOSPI_618284,Widening/Improvement to 4-Lane with paved shoulder from Km 99930 to Km 143680 Design Chainage 96000 to 139750 of Paikan to Dhupdhara Sahar of Bilasipura-Guwahati Road on NH-17 in the state of Assam on EPC mode under Bharatmala Pariyojana in Economic Corridors Project Length  43.750km under NHO-NE Package-8,Roads & Highways,NHIDCL,,1458.0,1458.0,962.73,35.77,86.0,0.0,45.7,42.3,0.0,0,15,0,False,
MOSPI_705918,Allahabad division - Aligarh - Harduaganj Flyover,Railways,North Central Railway,,1457.0,1457.0,400.19,0.0,36.0,2.0,78.0,76.5,5.0,0,15,0,False,
MOSPI_618972,Devbhumi Dwarka [Okha] - Kanalus Doubling,Railways,Western Railway [WR] - II,,1457.0,1457.0,0.28,0.28,0.0,0.0,36.0,9.3,0.0,0,15,0,False,
MOSPI_618518,Davanagere - Haveri of NH-48 Old NH-4 from km. 260.00 to km. 338.923,Roads & Highways,NHAI,,1455.0,1805.84,1273.5,0.01,99.0,0.0,42.3,116.1,77.2,1,15,0,False,
MOSPI_705761,SHIMOGA - SHIKARIPURA - RANEBENNUR [96 Km],Railways,South Western Railway [SWR] - II,,1454.0,1454.0,111.67,5.49,14.0,0.0,98.4,83.9,7.0,1,15,0,False,
MOSPI_619108,4 Lane with PS from Des. Ch 0.000 to Des. Ch. 43.800 of Belgaum-Hungund-Raichur Section of NH-748A Package-1,Roads & Highways,NHAI,,1452.0,1256.55,490.31,0.0,40.0,2.0,40.1,31.1,3.7,0,15,0,False,
MOSPI_701400,Thoubal Multipurpose Project,Water Resources,Water Resources Department-MN,,1449.0,1822.24,1848.17,10.26,99.0,0.0,273.0,353.4,84.0,1,15,0,False,
MOSPI_618949,4L of Basukinath- Deoghar Section of NH-114A,Roads & Highways,NHAI,,1445.0,1553.76,781.51,58.03,91.0,1.0,39.2,48.3,8.6,1,15,0,False,
MOSPI_619220,Tumkur-Shimoga Pkg-III from Km 121.900 Banawara to Km 170.415 Bettadahalli of Old NH-206,Roads & Highways,National Highways Authority of India [NHAI],,1444.0,1834.81,890.55,17.58,97.0,-1.0,60.5,102.6,45.6,1,15,0,False,
MOSPI_701410,Relining of  Rajasthan feeder and Sirhind Feeder canal,Water Resources,Department of Water Resources-PB,,1441.0,2462.16,3012.69,12.33,80.0,0.0,64.8,127.4,60.0,1,15,0,False,
MOSPI_618634,6L of Veera Kaveri Raja Puram to Pondavakkam from km 61.380 to km 96.040 of NH 716B Pkg-III,Roads & Highways,NHAI,,1440.0,1439.77,808.62,0.0,99.0,0.0,45.8,65.5,19.7,1,15,0,False,
MOSPI_618520,4L of km 0.00 to km 42.00 of Dobbaspet to Doddaballapura Bypass section of NH-648 old NH-207] [Bangalore Ring Road Pkg 1],Roads & Highways,NHAI,,1439.0,1786.57,1294.84,65.85,99.0,0.0,32.2,73.1,41.4,1,15,0,False,
MOSPI_618831,4L from Km 95.400 Udaipura to Km 147.450 Bhogu on NH-75 Sec-II,Roads & Highways,NHAI,,1437.0,1301.54,419.62,0.01,29.0,1.0,42.5,41.8,5.7,0,15,0,False,
MOSPI_618828,4L from Km 219.600 Khajuri to Km 260.483 Wyndhamganj on NH-75 Sec-V,Roads & Highways,National Highways Authority of India [NHAI],,1436.0,1465.55,830.18,3.51,92.0,0.0,41.5,53.5,8.5,1,15,0,False,
MOSPI_618728,6L Greenfield Varanasi-Ranchi-Kolkata Highway from junction with NH-19 & Varanasi Ring Road near Rewasa village to junction with Chandauli-Chainpur road near Khainti village from Km. 0.000 to Km. 27.000 - Pkg-1,Roads & Highways,NHAI,,1433.0,1564.15,561.54,2.53,45.0,-3.0,44.1,41.8,5.7,0,15,0,False,
MOSPI_611659,Transmission system strengthening scheme for evacuation of power from solar energy zones in Rajasthan[8.1 GW] under phase-II- Part E,Transmission & Distribution,Power Grid Corporation of India Limited [POWERGRID],,1433.0,1433.0,1418.67,0.0,98.0,0.0,18.1,41.6,15.0,1,15,0,False,
MOSPI_705635,Trivandrum- Kanyakumari,Railways,CAO/CN/ERS SR mor,,1432.0,3785.45,3258.97,45.33,59.0,1.0,90.8,108.6,39.2,1,15,0,False,
MOSPI_618926,4L of Siwan- Masrakh section of Ram Janki Marg from Km 230.385 to Km 281.391 of NH-227A,Roads & Highways,NHAI,,1431.0,1927.04,504.03,1.14,11.0,1.0,50.9,48.8,24.0,1,15,0,False,
MOSPI_618933,Construction of 6 lane Indore western bypass from km 34000 to Km 64000 Pkg-II in the state of Madhya Pradesh on Hybrid Annuity Mode under NHO,Roads & Highways,NHAI,,1431.0,1431.0,662.93,0.81,18.0,0.0,47.3,30.3,0.0,0,15,0,False,
MOSPI_611974,Western Railway- Samakhiali-Gandhidham Quadrupiling 53 km PB34/CR/2023-24,Railways,CAOCWR WR mor,,1430.0,1430.0,748.46,166.36,50.0,5.0,40.2,36.7,12.0,1,15,0,False,
MOSPI_618651,4 Lane with PS from Des. Ch 43.800 to Des. Ch. 89.900 of Belgaum-Hungund-Raichur Section of NH-748A Package-2,Roads & Highways,NHAI,,1428.0,1293.94,594.55,0.0,59.0,10.0,36.3,30.8,4.1,0,15,0,False,
MOSPI_618964,4 Laning of Sandalpur to Nasrullaganj Pkg-1 section of NH-146B Length 43.2 Km.,Roads & Highways,NHAI,,1426.0,1426.0,197.81,0.33,12.0,1.0,33.3,17.5,0.0,0,15,0,False,
MOSPI_619098,Kozhikode Bypass Calicut Bypass Vengalam Jn. to Ramanattukara Jn.,Roads & Highways,NHAI,,1425.0,2139.18,1066.67,2.14,99.0,0.0,60.2,103.0,42.3,1,15,0,False,
MOSPI_618648,"Development of 6-lane Greenfield Southern Ludhiana Bypass from intersection with NH-44 near Village Rajgarh to intersection with Delhi Katra Expressway NE-5 near Village Ballowal, km 0000 to km 25240",Roads & Highways,NHAI,,1425.0,1425.0,162.39,17.25,6.0,2.0,39.4,21.7,0.0,0,15,0,False,
MOSPI_617284,Chunar-Chopan doubling project,Railways,North Central Railway,,1424.0,1424.0,151.57,28.48,18.0,1.0,55.2,36.7,0.0,0,15,0,False,
MOSPI_618790,Construction of four laning of Bakarpur- Manikpur road section starting from village Chitarsenpur km 0000 and terminating at SH-74 near Manikpur 38814 at NH-139W under Bharatmalapariyona,Roads & Highways,NHAI,,1422.0,1537.99,635.91,12.16,49.0,3.0,48.3,41.7,5.8,0,15,0,False,
MOSPI_400171,2G Ethanol Biorefinery at Bathinda,Petroleum,MinistryofPetroleumNaturalGas,,1421.0,1421.46,1293.34,1.99,94.0,-2.0,33.0,75.9,46.4,1,15,0,False,
MOSPI_709766,"City Gas Distribution Project at Kurnool, Guntur & Prakasam Districts",Petroleum,MinistryofPetroleumNaturalGas,,1420.0,1420.0,170.7,0.16,6.0,0.0,96.5,54.0,0.0,0,15,0,False,
MOSPI_619227,Network Expansion Scheme in Maharashtra for removal of Transmission constraints in Pune Region-I [765/400kV AIS Pune East],Transmission & Distribution,Power Grid Corporation of India Limited [POWERGRID],,1420.0,1420.0,38.9,30.95,4.0,4.0,24.0,6.1,0.0,0,15,0,False,
MOSPI_618401,"Construction of Intermediate Lane with Hard Shoulder of Hunli to Hayuliang Package-III from design Km 60.000 to Km 121.500 Design Length 61.500 km, Greenfield Section of Frontier Highway NH-913 in the State of Arunachal Pradesh on EPC Mode Pkg-3",Roads & Highways,NHIDCL,,1419.0,1419.0,93.19,93.19,2.0,0.0,52.6,30.6,0.0,0,15,0,False,
MOSPI_618731,6 Lane Greenfield Varanasi- Ranchi- Kolkata Highway from Chatra to junction with NH- 100 in Deoria village from km 222.000 to km 253.000 Pkg -9,Roads & Highways,NHAI,,1418.0,1418.0,143.72,0.0,0.0,0.0,63.6,41.6,0.0,0,15,0,False,
MOSPI_618502,Ahmedabad - Dholera Pkg II from km. 22.00 to km. 48.52 [Sindhrej Village - Vejallka Village],Roads & Highways,National Highways Authority of India [NHAI],,1415.0,1729.69,1427.49,72.56,100.0,0.0,44.5,76.3,29.3,1,15,0,False,
MOSPI_612183,Development of New Civil Enclave at Bihta,Aviation,Airport Authority of India [AAI],,1413.0,1413.0,15.53,5.97,4.0,1.0,31.0,24.6,0.0,0,15,0,False,
MOSPI_619210,Dharampuri-Lonand from km. 117.00 to 166.40 Pkg-IV on Mohol-Alandi Section,Roads & Highways,NHAI,,1412.0,1358.68,1474.28,2.87,97.0,0.0,31.9,68.0,36.5,1,15,0,False,
MOSPI_619199,Bangalore Chennai Expressway Phase-II Pkg-I from km.71.000 to Km 96.000 Bethamangala in the state of Karnataka to Byreddypalli,Roads & Highways,NHAI,,1410.0,1410.01,744.42,0.0,99.0,0.0,46.2,69.3,23.2,1,15,0,False,
MOSPI_618793,4L of Fazilka to Abohar section of NH-07 including construction of Greenfield Abohar & Fazilka Bypasses,Roads & Highways,NHAI,,1410.0,1674.04,913.89,32.59,67.0,0.0,37.1,42.1,16.6,1,15,0,False,
MOSPI_617961,Gaya-Hisua-Rajgir-Nalanda-Biharsharif section km0.00 to 92.935 NH-82,Roads & Highways,MoRTH,,1409.0,2138.16,0.0,0.0,97.0,0.0,69.5,151.8,83.8,1,15,0,False,
MOSPI_618476,Bangalore Chennai Expressway Phase-II Pkg-III from km.127.000 to Km 156.000 Bangarupalem to Gudipala section,Roads & Highways,NHAI,,1407.0,1407.33,868.62,0.01,99.0,0.0,46.3,69.7,22.9,1,15,0,False,
MOSPI_618206,Widening and Strengthening of Rafiabad-Kupwara-Chowkibal-Tangdhar-Chamkot NH-701 road from design Ch. From 0000 to 51000 to two lanes with paved shoulders under Project Beacon in the UT of Jammu & Kashmir on EPC mode Package-I.,Roads & Highways,MoRTH,,1405.0,1405.0,160.59,16.6,42.0,0.0,37.9,30.2,0.0,0,15,0,False,
MOSPI_618544,"4L twin tube tunnel including approaches from Digdol to Khuni Nallah North Bound connecting with existing major bridge on NB and South Bound connecting with Tunnel T4 ,Single tube tunnel of Ramban to Banihal Pkg-II of Old NH-1A New NH-44",Roads & Highways,NHAI,,1402.0,1020.99,1054.8,1.7,87.0,0.0,34.8,62.1,27.8,1,15,0,False,
MOSPI_701406,Rajiv Bhima Lift Irrigation Scheme,Water Resources,Irrigation and CAD-TG,,1402.0,2509.66,1839.76,0.0,100.0,0.0,153.0,233.5,75.0,1,15,0,False,
MOSPI_705799,Nagpur- Nagbhir Railway Line Gauge Conversion Project,Railways,MRIDC,,1400.0,1400.0,1472.0,0.0,80.0,0.0,75.0,83.5,0.0,0,15,0,False,
MOSPI_619140,6L of Naidupeta Junction - Turpukanupur Section from km 57.046 to km 91.927,Roads & Highways,NHAI,,1399.0,965.58,388.87,14.8,54.0,5.0,38.3,49.2,24.4,1,15,0,False,
MOSPI_618739,4L Greenfield Alignment  of Amas to Shivrampur from 0.000 Km. to 55.002 Km. of NH 119 D Pkg-I,Roads & Highways,NHAI,,1391.0,1427.43,642.43,37.94,55.0,1.0,37.8,55.4,28.0,1,15,0,False,
MOSPI_705919,Agra Fort-Bandikui Doubling Line Project,Railways,CAO/C/NCR,,1390.0,1390.0,529.92,52.88,56.0,2.0,60.9,51.5,0.0,0,15,0,False,
MOSPI_618516,6L from Sankeshwar Bypass to MH-KNT Border from Km. 555.017 to Km. 592.853 of NH-48 Pkg-II,Roads & Highways,NHAI,,1389.0,1066.86,1183.98,0.0,85.0,0.0,39.1,55.8,25.2,1,15,0,False,
MOSPI_618801,Construction of New Double Tier 4-lane Elevated Corridor from Chennai Port to Maduravoyal in Chennai District from Km -0342 to Km 20223 Package 1 from Km -0342 to Km 4604,Roads & Highways,NHAI,,1389.0,1388.59,275.2,6.97,23.0,0.0,38.2,42.0,34.4,1,15,0,False,
MOSPI_618896,4L of Sannur to Bikarnakatte section from Km 691.350 to Km 736.362 of NH-169 Karkala - Mangalore Package-III,Roads & Highways,NHAI,,1386.0,2038.71,1251.68,38.62,76.0,0.0,42.5,65.7,30.7,1,15,0,False,
MOSPI_705502,Wardha-Balharshah - 3rd line 132 km,Railways,CAOC/CR CR mor,,1385.0,2603.11,1894.7,52.99,86.0,0.0,117.8,126.3,1.9,0,15,0,False,
MOSPI_618390,"Construction, Operation & Maintenance of 2-L Bi-directional Silkyara Bend- Barkot Tunnel with escape passage including approaches Tunnel-4.531 & Approach road- 0.328 on Dharasu-Yamunotri section b/w Chainage 25.400km and 51.00km falling along NH-134 Old NH-94 on EPC mode",Roads & Highways,NHIDCL,,1384.0,1384.0,842.44,11.98,76.0,2.0,52.0,102.2,56.7,1,15,0,False,
MOSPI_705464,Bangalore-Satyamanglam New Line Project [260 Km] - Part Hejjala - Chamarajanagar [142 Km],Railways,South Western Railway [SWR] - II,,1383.0,1383.0,0.0,0.0,0.0,0.0,394.8,331.3,0.0,0,15,0,False,
MOSPI_602184,Rammam-III HEPP [3x40 MW],Power,National Thermal Power Corporation [NTPC],,1382.0,2865.56,1690.73,73.2,58.0,1.0,60.6,144.2,120.0,1,15,0,False,
MOSPI_615335,Transmission System Strengthening for Interconnections of  Bhadla-III & Bikaner III Complex [SPV Name POWERGRID BHADLA BIKANER TRANSMISSION LIMITED],Transmission & Distribution,Power Grid Corporation of India Limited [POWERGRID],,1382.0,1382.0,628.81,38.7,57.0,8.0,23.9,24.5,7.0,1,15,0,False,
MOSPI_400299,Pottangi Bauxite Mines Project,Steel,National Aluminium Company Limited [NALCO],,1381.0,1960.77,770.37,0.14,52.0,0.0,82.6,100.1,20.0,1,15,0,False,
MOSPI_705495,Bagalkot-Kudachi New Railway Line [142 km],Railways,South Western Railway [SWR] - II,,1378.0,1649.0,809.24,0.68,36.0,0.0,161.8,155.4,0.0,0,15,0,False,
MOSPI_709757,"CGD Project in Banka, Dumka, Godda, Jamtara, Pakur, Sahibganj GA ID 11A.02",Petroleum,Hindustan Petroleum Corporation Limited,,1377.0,1377.0,375.17,9.78,37.0,1.0,96.5,51.1,0.0,0,15,0,False,
MOSPI_619307,4L of Munger  Mirzachauki section from Km 157350 to Km 193931 Pkg-4,Roads & Highways,NHAI,,1377.0,1481.58,893.34,0.0,93.0,0.0,42.3,67.3,24.5,1,15,0,False,
MOSPI_706854,Boridand-Ambikapur 118.81 km Umbrella work PB57/2019-20/NR,Railways,CAOC/SECR SECR mor,,1376.0,1576.72,499.37,186.65,38.0,8.0,96.7,51.2,0.0,0,15,0,False,
MOSPI_619161,Access Controlled Highway of 4 Lane with Paved Shoulders from Tiruvallur Design Chainage Km 1756 to TN/AP Broder Design Chainage Km 6151 of NH-716 Chennai-Tirupati Package-1,Roads & Highways,NHAI,,1376.0,1247.7,181.78,1.1,46.0,5.0,33.7,30.3,3.1,0,15,0,False,
MOSPI_618787,"Upgradation to 4L PS  from Bhimasar, Junction of NH-41 to Anjar- Bhuj upto Airport Junction from Km 0.000 to Km 65.478 of NH-341",Roads & Highways,NHAI,,1373.0,1687.25,837.85,0.15,96.0,0.0,39.6,54.2,21.0,1,15,0,False,
MOSPI_618636,Akkalkot  MH/KN border New Greenfield corridor from Km 512.000 to Km 548.400 of NH-150C part of Akkalkot  KN/TS Border section Package  XIV,Roads & Highways,NHAI,,1371.0,1403.49,322.92,0.0,58.0,0.0,42.2,41.6,8.9,1,15,0,False,
MOSPI_619318,4/6L Greenfield Ludhiana Rupnagar highway from Jn. with NE-5 village near to ManewalLudhiana to Jn. with NH-205 near Bheora Village Rupnagar from Km. 0.00 to Km. 37.7 including spur to Kharar with Ludhiana bypass of NH-205K Pkg-1,Roads & Highways,NHAI,,1369.0,1382.48,533.33,3.01,15.0,0.0,42.5,63.6,36.0,1,15,0,False,
MOSPI_701662,IMC Rajpura - Patiala Development Project,Real Estate,National Industrial Corridor Development Corporation,,1368.0,1368.0,0.0,0.0,3.0,0.0,48.3,24.6,0.0,0,15,0,False,
MOSPI_618673,Development of 6L of Jhanki  Sargi Section  Road from km 0.000 to km 42.800 of NH-130CD Pkg-CG-1,Roads & Highways,NHAI,,1368.0,1129.14,715.32,0.07,99.0,0.0,34.2,57.8,28.5,1,15,0,False,
MOSPI_618650,4 Lane with PS from Des. Ch 89.900 to Des. Ch. 136.100 of Belgaum-Hungund-Raichur Section of NH-748A Package-3,Roads & Highways,NHAI,,1364.0,1219.62,306.09,3.79,24.0,2.0,38.7,32.1,10.2,1,15,0,False,
MOSPI_619218,4L Tumkur-Shimoga Pkg-I from Mallasandra to Karadi village of NH-206 from Km. 12.300 to Km. 65.195,Roads & Highways,NHAI,,1364.0,1692.12,1336.55,0.05,100.0,0.0,43.5,102.6,58.5,1,15,0,False,
MOSPI_619129,Mahabalipuram - Pondicherry Pkg-I [Mamallapuram to Mugaiyur],Roads & Highways,NHAI,,1361.0,1477.94,904.84,7.48,59.0,0.0,62.8,91.0,32.7,1,15,0,False,
MOSPI_618635,6L of Pondavakkam to Kannigaipair from km 96.040 to km 116.100 of NH 716B Pkg-IV,Roads & Highways,NHAI,,1360.0,1359.81,409.35,0.13,45.0,4.0,47.4,67.1,35.2,1,15,0,False,
MOSPI_618583,4L of Bahadurganj Araria section from Km 49.000 to Km 94.000 Package-II of NH-327E,Roads & Highways,National Highways Authority of India [NHAI],,1359.0,1358.77,713.95,0.0,100.0,0.0,35.8,68.0,4.1,0,15,0,False,
MOSPI_618844,Viluppuram Km.0.000 to Puducherry Km.29.000,Roads & Highways,NHAI,,1358.0,1162.44,526.41,0.01,98.0,0.0,68.8,102.5,34.2,1,15,0,False,
MOSPI_617764,North Dhadu Western Part OCP,Coal,NLC India Limited [NLCIL],,1354.0,1354.0,233.77,5.41,40.0,0.0,65.8,35.3,0.0,0,15,0,False,
MOSPI_616672,System Strengthening at Koppal-II and GadagII for integration of RE generation projects [SPV Name POWERGRID Koppal Gadag Augmentation Transmission Limited],Transmission & Distribution,Power Grid Corporation of India Limited [POWERGRID],,1354.0,1354.0,338.5,54.16,38.0,3.0,28.4,19.9,0.0,0,15,0,False,
MOSPI_701388,Bembla Irrigation Project,Water Resources,Department of water resources-MH - II,,1353.0,2685.41,2689.7,0.0,98.0,0.0,36.0,12.0,66.0,1,15,0,False,
MOSPI_618920,Access Controlled Highway of 4 Lane with Paved Shoulders from TN/AP Border Design Chainage Km 6151 to Puttur Design Chainage Km 81540 of NH-716 & 6 Lane with Paved Shoulders from Mallavaram to Renigunta,Roads & Highways,NHAI,,1347.0,1260.37,188.68,0.02,42.0,2.0,33.1,30.2,3.5,0,15,0,False,
MOSPI_618693,Bodhre - Dhule,Roads & Highways,NHAI,,1345.0,1292.7,837.67,45.98,98.0,0.0,41.7,67.3,25.1,1,15,0,False,
MOSPI_618709,4L of Left-Over Works of Hospet-Bellary -Karnataka/AP border from Km.280.080 Dec.Ch. to Km.375450Des.Ch. of NH-63 New-67,Roads & Highways,NHAI,,1340.0,992.6,929.02,6.95,93.0,1.0,26.3,42.3,34.9,1,15,0,False,
MOSPI_707420,Gaya Integrated Manufacturing Cluster IMC in Bihar,Real Estate,National Industrial Corridor Development Corporation,,1339.0,1339.0,0.0,0.0,5.0,0.0,55.2,24.6,0.0,0,15,0,False,
MOSPI_618287,"Widening/Improvement to 4-Lane with paved Shoulder from Ch. 25.633 Km to Ch. 52.470 Km Design Ch. 21.850 Km to Ch.48.670 Km for Package-2 of Bilasipura- Guwahati road NH-17 Section Near Mowatari, before Chapar Bypass to Tulungia junction with NH-17 in the state of Assam on HAM mode under NHO-NE Package-2",Roads & Highways,NHIDCL,,1339.0,1339.0,199.15,199.15,12.0,0.0,42.1,33.5,0.0,0,15,0,False,
MOSPI_618769,Walajahpet/Ranipet to TN/AP Border Section of from Km.106.800 to  Km.133.36 NH-4,Roads & Highways,NHAI,,1338.0,1214.7,240.77,0.0,16.0,0.0,33.7,21.3,0.0,0,15,0,False,
MOSPI_400103,Indiramma Flood Flow Canal Project,Water Resources,Irrigation and CAD-TG,,1331.0,5940.09,4491.08,0.0,92.0,0.0,284.9,365.4,84.0,1,15,0,False,
MOSPI_618792,4L Bhiwani-Hansi road section of NH-148B,Roads & Highways,NHAI,,1330.0,1144.21,455.86,0.84,100.0,0.0,37.4,46.4,8.4,1,15,0,False,
MOSPI_618641,4 Lane of CG/JH Border-Gumla from km 0.000 to km 32.370 of  NH-43 in the State of Jhrkhand,Roads & Highways,NHAI,,1326.0,1326.0,293.4,0.49,10.0,4.0,42.5,25.4,0.0,0,15,0,False,
MOSPI_618463,Vadodara Mumbai Expressway Kim to Ankleshwar Phase IA - Pkg V,Roads & Highways,NHAI,,1325.0,2807.48,1546.7,75.43,91.0,0.0,44.3,102.8,58.0,1,15,0,False,
MOSPI_618889,"4L of Bhangbar Near Ranital to Kangra Bypass Section of Old NH-88 New NH-303,503 up to Intersection with NH-154 from Km 175.270 to Km 193.400 Pkg-VB",Roads & Highways,NHAI,,1323.0,1829.49,1102.58,1.43,97.0,0.0,45.3,65.9,21.1,1,15,0,False,
MOSPI_400205,Sahjanwa - Dohrighat 81.17 km,Railways,CAOC/NER NER mor,,1320.0,1319.75,728.08,183.19,1.0,-3.0,115.9,85.4,0.0,0,15,0,False,
MOSPI_618309,Widening/lmprovement to 4-Laning and Greenfield alignment with Paved shoulder of Silchar-Badarpur  Churaibari section of NH-37 & NH-8 from Design chainage 38.600 End point of proposed Badarpur Bypass to Km. 62.800 Start point of proposed Nilambazar/Cheragi Bypass in the state of Assam on HAM Mode Package-4,Roads & Highways,NHIDCL,,1320.0,1320.0,185.17,185.17,23.0,-2.0,41.6,30.6,0.0,0,15,0,False,
MOSPI_618013,4-laning of  Puttaparthi-Koduru Section of NH-342,Roads & Highways,MoRTH,,1319.0,909.19,464.06,116.51,90.0,11.0,36.7,46.9,9.8,1,15,0,False,
MOSPI_618895,Kamalapuram to Oddanchatram from km. 0.00 to km. 35.822,Roads & Highways,NHAI,,1319.0,1319.42,649.83,0.14,94.0,2.0,47.9,91.8,44.3,1,15,0,False,
MOSPI_619073,4L of 42.000 to km 80.00 of Dodaballapur Bypass to Hoskote section of NH-648  Old NH-207 [Bangalore Ring Road Pkg 2],Roads & Highways,NHAI,,1318.0,1846.52,1367.2,62.55,99.0,0.0,35.8,78.5,43.3,1,15,0,False,
MOSPI_618745,4L of Vadugapatti to Therkuvenganallur Rajapalyam section from km 36.000 to km 71.600 of NH-744,Roads & Highways,National Highways Authority of India [NHAI],,1318.0,1137.16,932.02,5.46,100.0,0.0,37.5,54.6,14.2,1,15,0,False,
MOSPI_618323,Construction of Twin Tube Uni-directional Aizawl Bypass Tunnel of 2.5 km and its approaches of 2.1 km from km 10.600 to km 15.200 on Sarrang - Phaibawk section of NH-6 in the State of Mizoram on EPC Mode under NHO-NE  Package-2,Roads & Highways,NHIDCL,,1313.0,1313.0,0.11,0.11,0.0,0.0,58.7,32.2,0.0,0,15,0,False,
MOSPI_619107,4 Lane with PS from Des. Ch 136.100 to Des. Ch. 182.300 of Belgaum-Hungund-Raichur Section of NH-748A Package-4,Roads & Highways,NHAI,,1311.0,1123.35,227.73,0.43,15.0,2.0,43.7,31.2,6.7,1,15,0,False,
MOSPI_618839,Aunta - Simaria including Ganga Bridge,Roads & Highways,National Highways Authority of India [NHAI],,1309.0,2107.68,812.81,6.92,100.0,0.0,60.8,116.1,50.0,1,15,0,False,
MOSPI_618675,Development of 6L of Basanwahi  Marangpuri Section from km 99.500 to km 124.661 of NH-130-CD,Roads & Highways,NHAI,,1307.0,1303.63,489.55,7.92,71.0,4.0,42.8,53.8,17.5,1,15,0,False,
MOSPI_618485,Delhi-Amritsar-Katra Expressway Phase-I Pkg-IV from Junction with Jind-Karnal road NH-709A near Alewa village to Junction with Ambala-Kaithal-Hissar road NH-152 near Kharak Pandwa village Km 91400 to Km 120250,Roads & Highways,National Highways Authority of India [NHAI],,1307.0,1578.66,563.2,0.0,76.0,0.0,34.9,68.0,3.5,0,15,0,False,
MOSPI_701126,"Development of Dholera International Greenfield Airport , Gujarat",Aviation,Airport Authority of India [AAI],,1305.0,1551.0,1348.78,382.42,64.0,-5.0,48.5,51.1,0.0,0,15,0,False,
MOSPI_705394,Teteliya-Byrnihat 21.5 km,Railways,CAO/C-II/NFR NFR mor,,1305.0,1432.14,1272.35,13.55,87.0,1.0,60.0,237.5,187.0,1,15,0,False,
MOSPI_701173,AIIMS Majra Rewari Haryana,Healthcare,Ministry of Health and Family Welfare,,1299.0,1646.43,747.62,30.2,67.0,2.0,94.1,90.5,0.0,0,15,0,False,
MOSPI_619139,Construction of New Double Tier 4L Elevated Corridor from Chennai Port to Maduravoyal in Chennai District from km -0.342 to Km 20.593 and Package III from Km 9.700 to Km 14.185,Roads & Highways,NHAI,,1299.0,1299.36,193.34,4.22,17.0,0.0,38.2,42.0,34.4,1,15,0,False,
MOSPI_617939,6-Laning of Pune-Hyderabad Section of NH-65 from Km 493/0 to Km 524/0 from Sangareddy X Roads to Madinaguda in the State of Telangana,Roads & Highways,MoRTH,,1298.0,1298.0,0.0,0.0,46.0,1.0,39.2,41.7,1.0,0,15,0,False,
MOSPI_618501,Ahmedabad - Dholera Pkg I from km. 0.00 to km. 22.00 [Sardar Patel Ring Road - Sindhrej Village],Roads & Highways,National Highways Authority of India [NHAI],,1298.0,1421.05,1024.93,12.48,100.0,0.0,44.2,76.3,29.6,1,15,0,False,
MOSPI_617916,Work of 6 laning/Construction of elevated corridor from km 0/0 to 10/170 Narol Junction to Sarkhej junction including 4 lane Shastri Bridge on Sabarmati river on NH 47 in the State of Gujarat on HAM mode,Roads & Highways,MoRTH,,1295.0,1295.0,0.0,0.0,35.0,5.0,47.2,30.2,0.0,0,15,0,False,
MOSPI_618721,6L  Access Controlled Greenfield Highway from Chandrasekharapuram Ch. 228000 to Polavaram Ch. 260000of [NH-544G] Package-11,Roads & Highways,NHAI,,1293.0,1110.33,358.41,20.63,64.0,3.0,35.8,43.0,18.6,1,15,0,False,
MOSPI_476006,Amended BharatNet Program - HP,Telecommunications,Department of Telecommunications,,1292.0,1292.0,148.93,0.0,23.0,0.0,54.7,37.4,0.0,0,15,0,False,
MOSPI_705510,Bhadrak-Nergundi - 3rd line 80 km,Railways,CAO/C/ECOR ECoR mor,,1284.0,1600.0,1395.78,16.18,87.0,-5.0,152.8,174.3,14.0,1,15,0,False,
MOSPI_618582,4L of Galgalia - Bahadurganj section from Km 0.000 to Km 49.000 Package-I of NH327E,Roads & Highways,National Highways Authority of India [NHAI],,1283.0,1282.97,599.36,0.0,100.0,0.0,35.6,67.8,0.0,0,15,0,False,
MOSPI_617390,Sardega -Bhalumuda New Double line [37.24 Km],Railways,SECR,,1282.0,1282.0,130.14,2.07,5.0,1.0,42.6,24.1,0.0,0,15,0,False,
MOSPI_618696,Bellary to Byrapura Section km 253.600 to km 308.550 of NH-150A,Roads & Highways,National Highways Authority of India [NHAI],,1281.0,1689.6,349.37,0.0,100.0,0.0,43.0,101.7,10.3,1,15,0,False,
MOSPI_618580,Gohana - Sonipat PKG-2,Roads & Highways,NHAI,,1275.0,1957.44,1225.85,491.72,98.0,0.0,41.9,91.7,48.2,1,15,0,False,
MOSPI_618832,4L from Km 55.00 Kuru to Km 95.400 Udaipura on NH-75 Sec-I,Roads & Highways,NHAI,,1275.0,1275.0,253.64,22.02,11.0,1.0,46.8,31.0,0.0,0,15,0,False,
MOSPI_618873,4L PS from near Yalachahalli village KR Nagara - Yelawala Road junction to Srirangapatna Bypass Near Paschima Vahini from km 195.550 to Km 214.535 of NH-275 Pkg-V,Roads & Highways,NHAI,,1273.0,1203.2,462.59,0.0,16.0,-1.0,50.2,43.5,11.4,1,15,0,False,
MOSPI_618457,Delhi-Vadodara Greenfield Alignment NH-148N Pkg-10 Ch. 292.950 to Ch. 319.400 [End of Interchange on NH-166 near village Mui to Hardeoganj village near Indergarh],Roads & Highways,NHAI,,1273.0,1265.16,1150.13,0.01,95.0,0.0,41.8,81.7,40.3,1,15,0,False,
MOSPI_618936,Jagadhari - Tajewala from Km -0.175 to 32.337 km of NH-344,Roads & Highways,NHAI,,1270.0,919.43,712.77,3.88,68.0,0.0,34.3,53.5,25.7,1,15,0,False,
MOSPI_618678,6L Greenfield Baunsaguar - Baraja Section of NH-130-CD Road from km 293000 to km 338500 Package  OD-6,Roads & Highways,NHAI,,1266.0,1635.44,1001.24,31.93,100.0,1.0,33.1,60.6,27.0,1,15,0,False,
MOSPI_701661,Development of IMC Khurpia Farms under AKIC Project,Real Estate,National Industrial Corridor Development Corporation,,1265.0,1265.0,0.0,0.0,3.0,0.0,49.1,24.6,0.0,0,15,0,False,
MOSPI_618282,4-L Bilasipara-Guwahati Package-10,Roads & Highways,NHIDCL,,1265.0,1265.0,632.99,29.66,64.0,0.0,38.6,41.5,9.4,1,15,0,False,
MOSPI_701168,ALL India Institute of Medical Sciences-AIIMS  Madurai,Healthcare,PMSSY AND Institute of NATIONAL Importance,,1264.0,2021.51,540.92,18.2,54.0,2.0,44.4,92.9,50.0,1,15,0,False,
MOSPI_618460,Delhi-Vadodara Greenfield Alignment NH-148N Pkg-28 Ch.756052 to Ch.781282,Roads & Highways,NHAI,,1263.0,1266.98,934.98,69.11,100.0,0.0,38.2,72.2,29.4,1,15,0,False,
MOSPI_618402,"Construction of Intermediate Lane with Hard Shoulder of Hunli to Hayuliang from Design Km 0.000 to Km 53.000 Design Length 53.000 km, Greenfield Section of Frontier Highway NH-913 in the State of Arunachal Pradesh on EPC Mode Package-I",Roads & Highways,NHIDCL,,1262.0,1262.0,255.45,10.26,19.0,1.0,48.1,30.6,0.0,0,15,0,False,
MOSPI_618519,Bangalore Ring Road STRR-NH-948A- Package-I of Phase-III from Belagondapalli TN to TN/KNT border from km 144.480 to 179.969,Roads & Highways,NHAI,,1261.0,1218.47,777.0,0.0,93.0,0.0,38.0,54.0,19.5,1,15,0,False,
MOSPI_618312,Widening/lmprovement to 4-Lane with Paved Shoulder from existing road and Greenfield alignment form Design Ch. 62.800 start of proposed Nilambazar/Cheragi Bypass to Design Ch. 87.700 near Chandkhira Village of NH-8 on Silchar-Churaibari in the state of Assam on HAM Mode Package-5,Roads & Highways,NHIDCL,,1258.0,1258.0,186.86,186.86,14.0,0.0,43.8,30.6,0.0,0,15,0,False,
MOSPI_618315,4-Laning of Silchar - Dhanehari section from Existing Chainage km 263800 of NH 37 to km 12920 of NH 306 Design Chainage km 0000 to km 20000 on Silchar - Vairengte - Sairang road in the State of Assam under Bharatmala Pariyojna on EPC mode Package-1,Roads & Highways,NHIDCL,,1257.0,1257.0,632.2,57.17,60.0,0.0,40.8,42.5,8.2,1,15,0,False,
MOSPI_701597,Provision of 4G Mobile Services in Uncovered Villages of Arunachal Pradesh and 2 Districts of Assam,Telecommunications,Department of Telecommunications,,1255.0,1255.0,332.43,0.0,99.0,0.0,28.6,69.2,35.0,1,15,0,False,
MOSPI_618714,6L Access Controlled Greenfield Highway from Nallacheruvu palli Ch. 96300 to Yerragudipadu Ch. 129000 of [NH-544G]  Package-5,Roads & Highways,NHAI,,1253.0,1095.78,389.19,0.73,67.0,2.0,47.7,54.9,16.6,1,15,0,False,
MOSPI_619203,Vadape to Thane from km 539.202 to km 563.000 section of NH-3 new NH-848,Roads & Highways,NHAI,,1253.0,1371.27,491.86,0.05,87.0,6.0,39.8,101.7,63.4,1,15,0,False,
MOSPI_400152,RAMPUR BATURA OCP [4.0MTY],Coal,South Eastern Coalfields Limited [SECL],,1249.0,1249.0,498.6,0.24,44.0,0.0,80.3,85.8,0.0,0,15,0,False,
MOSPI_611967,Transmission Scheme for Solar Energy Zone in Ananthpuram 2500MW and Kurnool 1000MW,Transmission & Distribution,Power Grid Corporation of India Limited [POWERGRID],,1249.0,1249.0,1198.74,24.98,98.0,2.0,24.1,35.6,7.0,1,15,0,False,
MOSPI_705661,Katni Grade Separator/Bye Pass,Railways,Indian Railway Construction International Limited [IRCON],,1248.0,1248.0,1850.38,10.92,95.0,11.0,102.0,125.5,24.0,1,15,0,False,
MOSPI_619086,Chengapalli km 102.035 to Neelambur Km144.680 and Madukkarai Km 170.880 to Walayar K183.010 Package No. NS-2/BOT/TN-08,Roads & Highways,NHAI,,1247.0,285.55,7.24,0.31,100.0,0.0,40.6,202.9,163.8,1,15,0,False,
MOSPI_618649,4 Lane with PS  from Des. Ch 228.500 to Des. Ch. 273.400 of Belgaum-Hungund-Raichur Section of NH 748 A  Package-6,Roads & Highways,NHAI,,1246.0,1012.78,399.31,18.04,54.0,0.0,43.8,41.6,7.3,1,15,0,False,
MOSPI_618903,Maheshkunt -Saharsa-Purnea Pkg II,Roads & Highways,NHAI,,1245.0,1244.09,1230.43,9.78,94.0,0.0,44.4,113.5,69.6,1,15,0,False,
MOSPI_171218,Amended BharatNet Program - PB,Telecommunications,Department of Telecommunications,,1245.0,1245.0,0.0,0.0,27.0,0.0,54.5,37.4,0.0,0,15,0,False,
MOSPI_618891,4L PS from Kalar Bala Village to Nauni Chowk of NH 205 from Km 41.000 to Km 58.450,Roads & Highways,NHAI,,1244.0,786.91,145.72,28.22,31.0,1.0,39.8,31.9,3.9,0,15,0,False,
MOSPI_619094,Thorapalli - Agraharam - Jittandahalli Section from km 23.350 to km 60.100 [Hosur to Dhamrapuri Pkg-2],Roads & Highways,NHAI,,1244.0,1272.11,827.88,198.07,78.0,0.0,57.7,91.0,36.8,1,15,0,False,
MOSPI_618726,6L Greenfield Varanasi-Ranchi-Kolkata Highway from junction with Chandauli-Chainpur Road near Khainti village to junction with Bhabhua-Adhaura road near Palka village from Km. 27.000 to Km. 54.000 Pkg-2,Roads & Highways,NHAI,,1241.0,1341.52,252.44,8.06,27.0,2.0,54.4,41.8,0.0,0,15,0,False,
MOSPI_618652,Chakur Loha Section of NH-361 from km 114.600 to km 187.80,Roads & Highways,National Highways Authority of India [NHAI],,1241.0,3342.11,785.13,0.0,100.0,0.0,36.8,102.5,35.0,1,15,0,False,
MOSPI_618776,4L of Greenfield section from  Sirhind to Mohali,Roads & Highways,NHAI,,1238.0,1301.15,1391.6,8.08,99.0,2.0,37.5,53.7,16.8,1,15,0,False,
MOSPI_618797,"Widening Strengthening of 2-Lane with Paved Shoulder from MyajlarJaisalmer from Design Chainage 0000 to 98350 Section of NH-11 & SundraMyajlarAmbasingh ki Dhani Road from Design Chainage 46000 to 81601, part of MunabaoTanot Road Section of NH-70 along with Strengthening/Widening of Existing Connection of NH-70 & NH-11 of length 0.914 km in the State of Rajasthan under NHO on Hybrid Annuity Mode",Roads & Highways,NHAI,,1238.0,927.02,94.08,17.11,21.0,2.0,32.8,17.7,0.0,0,15,0,False,
MOSPI_618653,Loha-Waranga Section of NH-361 from km 187.800 to km 244.369,Roads & Highways,NHAI,,1236.0,3466.58,1503.59,0.04,96.0,0.0,36.8,102.5,69.3,1,15,0,False,
MOSPI_400425,MOONIDIH XV SEAM UG,Coal,BCCL - CIL,,1230.0,1230.0,800.25,3.94,84.0,0.0,91.6,181.1,89.6,1,15,0,False,
MOSPI_610315,IISER BERHAMPUR,Education,"Indian Institutes of Science Education and Research, Behr...",,1229.0,843.09,874.09,0.0,98.0,0.0,29.2,94.7,66.0,1,15,0,False,
MOSPI_618617,6L Amritsar-Bathinda Greenfield section from village Tiba on NE-5A to Jn. with Moga Jalandhar road NH-703 near Dharamkot from km 0.000 to km 39.000 of NH-754A Pkg-1,Roads & Highways,NHAI,,1229.0,1549.32,1014.98,45.95,72.0,0.0,43.5,65.5,37.0,1,15,0,False,
MOSPI_400116,Bargi Diversion Project Phase - III [km. 104 to km 154],Water Resources,Water Resources-MP,,1229.0,1399.7,2270.96,30.91,82.0,0.0,153.0,233.5,84.0,1,15,0,False,
MOSPI_619212,6L Access Controlled Greenfield Highway of Julekal village to Dinnedevarapadu village from Km 242.200 to Km 280.400 Pkg-2,Roads & Highways,NHAI,,1228.0,1315.87,539.17,0.0,71.0,0.0,35.2,55.6,27.8,1,15,0,False,
MOSPI_615916,AMLG GAURI PAUNI EXPANSION OC,Coal,WCL - CIL,,1225.0,1225.0,92.02,0.19,4.0,0.0,71.1,28.6,0.0,0,15,0,False,
MOSPI_618991,200 MW SPP part of 510 MW CPSU scheme,Power,NLC India Limited [NLCIL],,1221.0,1221.0,71.51,5.44,0.0,0.0,53.4,49.8,0.0,0,15,0,False,
MOSPI_709846,Part Replacement Pipeline Project  [PRPP],Petroleum,Oil and Natural Gas Corporation Limited [ONGC],,1219.0,1145.1,820.4,75.16,97.0,7.0,18.1,46.2,22.5,1,15,0,False,
MOSPI_701101,"Construction of New Domestic Terminal Building [Phase-I and II] and other allied structures at JPNI Airport, Patna",Aviation,Airport Authority of India [AAI],,1217.0,1216.9,1203.48,1.41,99.0,0.0,91.9,95.4,3.0,0,15,0,False,
MOSPI_705527,Sagauli-Valmiknagar,Railways,East Central Railway [ECR] - I,,1216.0,2222.0,2102.51,4.99,93.0,0.0,93.8,102.5,0.0,0,15,0,False,
MOSPI_617210,Tiupati Katpadi 104.39 kms,Railways,South Central Railway [SCR] - II,,1216.0,1216.0,62.2,62.04,0.0,0.0,47.4,17.0,0.0,0,15,0,False,
MOSPI_618681,6L Aluru - Jakkuva Section of NH-130CD Road from km 365.033 to km 396.800 Pkg. 1,Roads & Highways,NHAI,,1216.0,1241.66,703.33,0.0,100.0,0.0,37.5,67.1,29.1,1,15,0,False,
MOSPI_618644,4L of Ormanjhi-Gola section from Km 81.450 to Km 53.600 of NH- 320BPKG-II,Roads & Highways,NHAI,,1215.0,1462.19,993.6,0.02,87.0,0.0,39.7,54.5,18.4,1,15,0,False,
MOSPI_619164,Belgaum-Khanapur Pkg I Km 0.000-Km 30.800 of NH-4A,Roads & Highways,NHAI,,1214.0,1195.74,917.82,0.0,76.0,0.0,42.0,102.4,66.9,1,15,0,False,
MOSPI_400312,JHANJRA EXPANSION UG,Coal,Eastern Coal Fields Limited [ECL],,1210.0,1210.0,633.57,4.89,52.0,0.0,107.5,77.0,0.0,0,15,0,False,
MOSPI_612096,Construction of Balurghat-Hilli new BG Line,Railways,Northeast Frontier Railway [NFR],,1209.0,1181.57,518.15,16.19,18.0,1.0,195.0,188.5,0.0,0,15,0,False,
MOSPI_611602,"Modernization of Chennai Airport, Phase II, Part 2",Aviation,Airport Authority of India [AAI],,1207.0,1207.0,376.47,44.62,21.0,-5.0,86.6,100.1,8.0,1,15,0,False,
MOSPI_619045,Construction of New Double Tier 4L Elevated Corridor from Chennai Port to Maduravoyal in Chennai District from km -0.342 to Km 20.593 and Package IV from Km 14.185 to Km 20.593,Roads & Highways,NHAI,,1205.0,1210.21,88.16,2.16,9.0,0.0,38.2,42.0,34.4,1,15,0,False,
MOSPI_705912,Sawai Madhopur-Jaipur Railway Line Project,Railways,North Western Railway [NWR],,1204.0,1204.0,240.33,31.66,19.0,0.0,37.3,30.8,0.0,0,15,0,False,
MOSPI_618713,6L Access Controlled Greenfield Highway from Yerragudipadu Ch. 129000 to Audireddipalle Ch. 160000 of [NH  544G]  Package-6,Roads & Highways,NHAI,,1200.0,1019.69,282.16,0.13,47.0,2.0,35.8,43.0,21.6,1,15,0,False,
MOSPI_618958,2L with ES of Yagyi - Kalewa section from Milepost 40/0 to Milepost 115/5 in Myanmar,Roads & Highways,National Highways Authority of India [NHAI],,1200.0,1200.14,0.0,0.0,52.0,0.0,65.7,105.2,50.0,1,15,0,False,
MOSPI_618953,Umagaon-Saharsa Package-IV Koshi Bridge & approach Road - Bheja-Bakaur,Roads & Highways,NHAI,,1200.0,1223.94,1312.28,4.28,92.0,0.0,54.3,91.4,43.6,1,15,0,False,
MOSPI_618786,4L of Phagwara - Hoshiarpur,Roads & Highways,NHAI,,1196.0,1503.79,556.23,20.63,20.0,0.0,52.6,46.2,4.0,0,15,0,False,
MOSPI_701170,AIIMS Rajkot,Healthcare,PMSSY AND Institute of NATIONAL Importance,,1195.0,1195.0,805.48,12.45,94.0,0.0,86.6,92.1,9.0,1,15,0,False,
MOSPI_618527,Six Laning of Vijayawada Bypass from Gollapudi to Chinnakakani in Vijayawada - Gundugolanu Section from km. 30.00 to km. 47.881 Pkg-IV,Roads & Highways,National Highways Authority of India [NHAI],,1195.0,1757.82,862.59,9.45,100.0,0.0,47.5,79.8,29.2,1,15,0,False,
MOSPI_616230,PARASCOLE JAMBAD OCP,Coal,ECL - CIL,,1194.0,1194.0,11.81,0.39,0.0,0.0,148.0,21.5,0.0,0,15,0,False,
MOSPI_617877,Phase B Construction of Permanent Campus of IIT Bhilai,Education,"Indian Institute of Technology, Bhilai",,1189.0,1189.0,1.92,1.92,0.0,0.0,41.1,15.6,0.0,0,15,0,False,
MOSPI_400273,"Tarakeswar-Bishnupur with extension upto Dhaniakhali, Arambagh-Irphala, Irphala-Ghatal 11.2 km, Arambagh-Champadanga 23.3 km & Bishnupur-Uparsol 31.8 km and new material modification for Mynapur-Kamarpukur via Birsha 19 km",Railways,CAOC/ER ER mor,,1189.0,1878.82,1607.64,217.05,75.0,-5.0,216.0,305.5,83.0,1,15,0,False,
MOSPI_618930,4L PS from Ch. 94.030 in Jabugam Village  to Ch. 132.320 in Dhamasiya Village of NH-56 Pkg-III,Roads & Highways,NHAI,,1188.0,898.0,179.47,32.05,26.0,2.0,56.0,41.7,0.0,0,15,0,False,
MOSPI_618708,Widening/Development of Existing NH-85 from Km 0.000 to Km 124.636 section to 2L/LPS section in the state of Kerala on EPC Mode under Bharatmala Pariyojana,Roads & Highways,NHAI,,1187.0,1265.47,782.54,4.04,82.0,15.0,33.4,48.1,21.2,1,15,0,False,
MOSPI_619148,4L of Bhavnagar - Talaja Package-I from Km. 6.945 to Km. 54.990 of Old NH-8E,Roads & Highways,National Highways Authority of India [NHAI],,1186.0,1343.16,53.18,0.0,100.0,0.0,40.4,125.8,0.0,0,15,0,False,
MOSPI_619197,Delhi-Vadodara Greenfield Alignment NH-148N Pkg-27 Ch.729.700 to Ch.756.052,Roads & Highways,NHAI,,1186.0,1259.27,1045.08,7.75,99.0,2.0,41.2,72.2,29.8,1,15,0,False,
MOSPI_618935,4L  Ambala - Kalaamb from Km. -0.800 to Km. 33.015 of old NH-72,Roads & Highways,National Highways Authority of India [NHAI],,1184.0,1190.34,452.48,0.0,100.0,0.0,31.9,47.1,11.7,1,15,0,False,
MOSPI_618811,4L Access Controlled  Greenfield Highway Section Mancherial  Warangal from Pangidipalle village at Design Ch. 72.350 Km to Oorugonda village at Design Ch. 112.240 KmPackage-III,Roads & Highways,NHAI,,1184.0,1170.64,209.72,46.57,6.0,1.0,54.8,41.7,3.4,0,15,0,False,
MOSPI_618818,4L Access Controlled Greenfield Highway section on NH-163G Khammam Vijayawada from Remidicherla village at Design Ch. 280.200 Km to Jakkampudi village on NH-16 at Design Ch. 309.909 Km Package-III,Roads & Highways,NHAI,,1183.0,1225.14,228.68,0.0,6.0,0.0,49.6,41.9,7.8,1,15,0,False,
MOSPI_618313,Widening/lmprovement of Existing 2 lane to 4-Laning of Karimganj-Silchar section of NH-37 from Design Ch 0.000 near Silchar ISBT to Design Ch 15.970 near Kalinagar Pt I on NH-37 in Assam on HAM Mode Pkg-1,Roads & Highways,NHIDCL,,1182.0,1182.0,178.62,178.62,41.0,0.0,42.2,30.2,0.0,0,15,0,False,
MOSPI_619072,Bangalore/TN border to Hoskote,Roads & Highways,NHAI,,1182.0,1297.76,1153.14,2.98,95.0,0.0,36.0,55.0,21.5,1,15,0,False,
MOSPI_618504,Ahmedabad - Dholera Pkg IV from km. 71.06 to km. 109.019 [Start of DSIR zone - Adhelai Village],Roads & Highways,NHAI,,1182.0,1358.73,1222.79,0.14,98.0,0.0,43.3,76.3,32.6,1,15,0,False,
MOSPI_619097,Thalassery Mahe Bypass Km 170.600 to Km 189.200 of NH-17New NH-66 in Kerala,Roads & Highways,NHAI,,1181.0,1573.18,1534.73,0.0,100.0,0.0,32.7,108.2,75.0,1,15,0,False,
MOSPI_618901,4L PS Divided Carriageway  from Patan Near Rajpur to Gojariya From Km 52.000  to Km 128.940 of NH-68,Roads & Highways,NHAI,,1181.0,1098.23,934.16,10.31,87.0,0.0,39.1,57.4,20.8,1,15,0,False,
MOSPI_705779,"Phephna-Indara, Mau-Shahganj doubling excluding Indara-Mau",Railways,RVNL - I,,1178.0,1777.0,1489.5,0.0,85.0,0.0,91.1,111.5,14.9,1,15,0,False,
MOSPI_618625,Indore - Gujarat / MP Border from km. Km 9.500 to Km 171.000 of NH-59 in MP,Roads & Highways,National Highways Authority of India [NHAI],,1175.0,217.22,14.04,12.71,100.0,1.0,38.0,201.0,159.5,1,15,0,False,
MOSPI_705515,Budhapank-Salegaon via Rajatgarh - 3rd & 4th line 85 85 km,Railways,CAO/C/ECOR ECoR mor,,1173.0,3034.8,2213.72,75.63,86.0,-4.0,123.7,129.2,0.0,0,15,0,False,
MOSPI_602792,Gauge Conversion of Kendri-Dhamtari  including Abhanpur - Rajim Branch line 67.20 Kms - 2nd Material Modification to Raipur Titlagarh doubling.,Railways,SECR,,1171.0,1171.0,848.0,399.23,82.0,-5.0,164.0,182.5,9.0,1,15,0,False,
MOSPI_618698,Challakere to Hariyur section from km 358.500 to km 414.205 of NH-150 A,Roads & Highways,National Highways Authority of India [NHAI],,1168.0,1873.58,843.6,0.0,100.0,1.0,58.0,101.7,29.2,1,15,0,False,
MOSPI_976009,"Amended BharatNet Program - ARP, NGL, MNP",Telecommunications,Department of Telecommunications,,1168.0,1168.0,123.28,0.0,1.0,0.0,58.7,37.4,0.0,0,15,0,False,
MOSPI_611656,Transmission scheme for evacuation of 4.5GW RE injection at Khavda PS under Phase II- Part B,Transmission & Distribution,Power Grid Corporation of India Limited [POWERGRID],,1168.0,1167.0,1147.74,42.24,97.0,3.0,24.3,41.9,8.0,1,15,0,False,
MOSPI_618937,4L of Nagpur-Katol Section from Km. 13.00 to Km. 62.900 of NH-353J,Roads & Highways,NHAI,,1167.0,1432.82,1182.28,0.86,82.0,0.0,32.5,67.1,36.1,1,15,0,False,
MOSPI_616839,Gunupur - Therubali new line 73.62 km,Railways,CAO/C/ECOR ECoR mor,,1166.0,1165.73,1.95,1.95,0.0,0.0,64.4,24.9,0.0,0,15,0,False,
MOSPI_400158,Debottlenecking and Augmentation of Cryogenic facilities at Uran LPG Import Terminal,Petroleum,"Department of Water Resources, River Development & GR",,1165.0,1629.86,1012.27,54.15,90.0,1.0,34.3,64.8,22.0,1,15,0,False,
MOSPI_400167,Redevelopment of Santhal Field [Onshore-Mehsana Asset],Petroleum,Oil and Natural Gas Corporation Limited [ONGC],,1163.0,1162.56,1157.0,0.0,94.0,0.0,109.2,114.7,0.0,0,15,0,False,
MOSPI_618621,Indore - Edlabad Pkg-II [Tejajinagar to Balwara],Roads & Highways,NHAI,,1163.0,1530.82,824.5,13.34,87.0,0.0,34.2,54.2,21.5,1,15,0,False,
MOSPI_618898,Balance Works for Four laning of Vikravandi to Sethiyathope section from Km 0.0 to Km 65.96 of NH-45C in Tamil Nadu under NHDP Phase-IV on EPC mode,Roads & Highways,NHAI,,1163.0,834.46,264.13,29.08,38.0,4.0,29.0,19.7,0.0,0,15,0,False,
MOSPI_705437,Manoharabad-Kothapalli New Rail Line [151 km],Railways,South Central Railway [SCR] - II,,1160.0,2781.0,3073.41,32.55,72.0,0.0,128.4,122.0,9.0,1,15,0,False,
MOSPI_618107,Upgradation of Mehsana-Visnagar-vadnagar-Kheralu-Idar section from km 0/00 to 81/300 of NH 168G Mehsana to Idar in the State of GujaratTotal Length 81.300 Km on Hybrid Annuity Mode HAM,Roads & Highways,MoRTH,,1155.0,1155.0,421.58,42.98,23.0,7.0,51.7,30.6,0.1,0,15,0,False,
MOSPI_618734,6L Greenfield Varanasi- Ranchi- Kolkata Highway from junction  with  NH-320 in Lepo  village to Kamlapur villageJH/WB border  from km 358.500 to km 387.200 Pkg -13,Roads & Highways,NHAI,,1154.0,1319.18,330.27,22.25,25.0,2.0,54.0,41.6,0.0,0,15,0,False,
MOSPI_618945,4L of Kodad Design Km 0.00/Existing Km 185.00 of NH-65 to Khammam Design Km 31.800/Existing Km 29.400 of NH-365A,Roads & Highways,NHAI,,1149.0,1606.99,871.58,0.0,100.0,0.0,40.2,67.7,27.0,1,15,0,False,
MOSPI_618888,Rehabilitation and Up-gradation of existing road to 2L PS from End of Hamirpur Bypass near Chilbahal to Bhangbar section from Km. 138.295 to Km.175.270 of NH-88 Pkg-IV,Roads & Highways,NHAI,,1146.0,1358.62,987.35,0.12,97.0,1.0,37.5,54.2,20.1,1,15,0,False,
MOSPI_618695,Indore - Harda Pkg-III [Nanasa to Pidgaon Section from km 95.000 to km 142.445],Roads & Highways,National Highways Authority of India [NHAI],,1146.0,1240.64,626.02,0.01,98.0,0.0,45.1,80.5,32.3,1,15,0,False,
MOSPI_618814,4L Access Controlled Greenfield Highway section on NH163G Warangal-Khammam from Oorugonda village in Hanamkonda District at Design Ch. 112.240 Km to Venkatpur village in Warangal District at Design Ch. 150.240 KmPackage-I,Roads & Highways,NHAI,,1143.0,1140.82,160.19,12.99,0.0,0.0,50.5,41.6,11.6,1,15,0,False,
MOSPI_617946,Kashedi to Parshuram Ghat section of NH-66 from Km 161/600 - Km 205/400 - 4L  PS,Roads & Highways,MoRTH,,1143.0,1143.0,427.48,427.48,98.0,0.0,46.9,126.3,70.9,1,15,0,False,
MOSPI_619106,4 Lane with PS from Des. Ch 182.300 to Des. Ch. 228.500 of Belgaum-Hungund-Raichur Section of NH 748 A  Package-5,Roads & Highways,NHAI,,1142.0,868.65,255.41,1.17,41.0,3.0,43.8,41.7,9.3,1,15,0,False,
MOSPI_619104,4L/2L PS of Govindpur Raiganj - Chas - WB border section of from km. 0.00 to km. 56.889 of Old NH-32,Roads & Highways,National Highways Authority of India [NHAI],,1140.0,1154.8,6.64,0.0,100.0,0.0,44.3,125.6,0.0,0,15,0,False,
MOSPI_834015,Stamp Charge Battery No.12 By-product Plant at RSP,Steel,Steel Authority of India Limited (SAIL),,1140.0,1140.0,207.56,0.0,23.0,0.0,42.7,24.2,0.0,0,15,0,False,
MOSPI_618517,4/6L of Bangalore - Pune Section of bypass connecting Dharwad - Hubli from km. 403.80 to km. 433.20,Roads & Highways,NHAI,,1135.0,763.36,744.42,0.17,83.0,0.0,44.8,56.6,20.3,1,15,0,False,
MOSPI_617838,Augmentation of CCKPL and IDPL Pipelines capacity along with setting up of Palakkad TOP,Petroleum,Bharat Petroleum Corporation Limited [BPCL],,1130.0,1130.0,324.61,18.51,49.0,6.0,47.6,24.1,0.0,0,15,0,False,
MOSPI_618829,4L from km 196.87 Sankha to km 219.6 Khajuri on NH-75 [Rehla / Garhwa Bypass],Roads & Highways,National Highways Authority of India [NHAI],,1129.0,1129.48,527.11,0.0,93.0,0.0,36.2,71.5,0.0,0,15,0,False,
MOSPI_618812,4L Access Controlled Greenfield Section Mancherial  Warangal from Puttapaka village at Design Ch. 35.300 Km to Pangidipalle village at Design Ch. 72.350 KmPackage-II,Roads & Highways,NHAI,,1129.0,1145.41,210.45,1.0,9.0,1.0,52.7,43.8,6.6,1,15,0,False,
MOSPI_618813,4L Access Controlled Greenfield Section Mancherial  Warangal from Narva village at Design Ch. 3.834 Km to Puttapaka village at Design Ch. 35.300 Km Package-I,Roads & Highways,NHAI,,1128.0,1104.27,161.67,1.13,11.0,1.0,45.7,42.5,10.3,1,15,0,False,
MOSPI_618951,Hariharganj to Parwa Mode section from km 23.284 to km 57.049 of NH-98,Roads & Highways,NHAI,,1126.0,1186.56,830.06,0.0,91.0,0.0,41.0,71.5,30.0,1,15,0,False,
MOSPI_618966,Six laning with both sides Service Road of Ayodhya Bypass from Design Km 0000 near Ashram Tiraha on NH-46 to Km 16439 end at Ratnagiri Tiraha on Nh-146,Roads & Highways,NHAI,,1123.0,1103.22,173.6,31.89,22.0,2.0,41.4,30.6,0.0,0,15,0,False,
MOSPI_617224,Gorakhpur-Valmikinagar Doubling project,Railways,NER,,1120.0,1120.0,442.7,28.49,32.0,6.0,52.2,36.7,0.0,0,15,0,False,
MOSPI_618456,Delhi-Vadodara Greenfield Alignment NH-148N Pkg-14 Ch. 388.420 to Ch. 419.000 [Junction with NH- 76 to Junction with NH-12 near village Ummedpura],Roads & Highways,National Highways Authority of India [NHAI],,1119.0,1194.17,975.7,0.0,100.0,1.0,41.9,81.7,21.4,1,15,0,False,
MOSPI_617948,Kante - Wakad section of NH-66 4L  PS from Km.281/300 to 332/200,Roads & Highways,MoRTH,,1118.0,2020.56,375.93,87.97,90.0,0.0,43.9,126.0,72.6,1,15,0,False,
MOSPI_619130,Mahabalipuram - Pondicherry Pkg-II [Mugaiyur to Marakkanam],Roads & Highways,NHAI,,1116.0,1463.75,804.69,32.84,53.0,0.0,81.7,91.0,15.8,1,15,0,False,
MOSPI_618682,6L Korlam-Kantakapalle Section of NH-130CD Road from Km 421.100 to Km 445.100 Pkg-3,Roads & Highways,NHAI,,1113.0,1127.63,849.98,0.01,100.0,0.0,35.7,66.6,29.9,1,15,0,False,
MOSPI_618742,"Construction of 6-lane Greenfield corridor from Ramnagar to Kacchi Dargah NH-119D from Km 109700 to Km 122300, including widening of the existing NH-31 from Km 196700 to Km 198600, as part of the Amas-Darbhanga.",Roads & Highways,NHAI,,1113.0,1113.0,12.44,0.01,1.0,1.0,38.8,19.6,0.0,0,15,0,False,
MOSPI_618881,4L PS  bijni to mandi section from Km 202.815 to Km 208.000 of NH-20 New NH-154  of Pathankot-Mandi Package-VB,Roads & Highways,NHAI,,1113.0,1112.39,547.08,21.85,35.0,0.0,54.7,42.8,0.0,0,15,0,False,
MOSPI_619228,Transmission System Strengthening for integration of additional RE Potential at Davanagere [0.25 GW] and Bellary [2.75 GW],Transmission & Distribution,Power Grid Corporation of India Limited [POWERGRID],,1111.0,1111.0,22.22,8.78,1.0,0.0,23.9,7.1,0.0,0,15,0,False,
MOSPI_618246,Construction of New 4-Lane Bridge Parallel to existing Vikramashila Setufrom km 8920 to Km 13375including approach road 35m Naugachhia side &53 m Bhagalpur sideacross River Ganga on newly declared NH-131B at Bhagalpur in the State of Bihar,Roads & Highways,MoRTH,,1110.0,1110.0,522.58,522.58,53.0,1.0,81.7,73.9,22.8,1,15,0,False,
MOSPI_618478,Bangalore Chennai Expressway Phase-III  Package II Walajahpet to Arakkonam from Km 180.000 to Km 204.500,Roads & Highways,NHAI,,1107.0,1106.65,593.0,1.09,93.0,0.0,42.1,68.2,25.6,1,15,0,False,
MOSPI_618816,4L Access Controlled Greenfield Highway section on NH-163G Warangal-Khammam from Thallasenkesa village at Design Ch. 189.650 km to V.Vekatayapalem village in Khammam District at Design Ch. 220.480 KmPackage-III,Roads & Highways,NHAI,,1105.0,1098.05,168.28,0.11,10.0,0.0,51.2,41.6,0.0,0,15,0,False,
MOSPI_400065,Installation of 4th Slab Caster along with its Auxiliaries and a New Ladle Furnace in SMS-II at Rourkela Steel Plant,Steel,Steel Authority of India Limited [SAIL],,1105.0,1105.0,790.11,0.0,100.0,1.0,39.8,55.8,4.5,0,15,0,False,
MOSPI_619125,6L  Access Controlled Greenfield Highway from Somavarappadu Ch.314.600 to Muppavaram Ch.343240 of [NH-544G] Package-14,Roads & Highways,NHAI,,1104.0,943.66,267.61,8.54,45.0,0.0,35.8,42.9,20.6,1,15,0,False,
MOSPI_618756,Melur - Pilayarpatti - Karaikudi from km 99.920 of NH 38 to km 12.9 of NH 383 Ext.,Roads & Highways,NHAI,,1104.0,1085.41,956.44,0.01,98.0,1.0,38.8,92.8,53.5,1,15,0,False,
MOSPI_618962,4L of Budhni to Shahganj Bypass End Package-III of NH-146B from Km. 73.750 to Km. 102.000,Roads & Highways,NHAI,,1103.0,770.21,196.68,22.13,28.0,1.0,41.3,30.3,0.0,0,15,0,False,
MOSPI_619109,6L of Badakumari - Karki Section from Km 179.000 to km 226.500 of NH-130-CD Package  OD-3,Roads & Highways,NHAI,,1102.0,1374.43,713.46,0.06,100.0,0.0,36.6,65.7,28.6,1,15,0,False,
MOSPI_618827,4 Laning of NH-544D from Km 37.000 to km 69.000 of Muchukota- Bugga section Pkg-2,Roads & Highways,NHAI,,1098.0,1055.23,466.9,0.01,85.0,3.0,34.0,47.0,16.5,1,15,0,False,
MOSPI_618555,"Flyover at Km.544.650 including ROB, Service Roads ,Footpath for RCC drains on urban link to Nagpur -Raipur road Pardi octroi Naka to Itwari",Roads & Highways,National Highways Authority of India [NHAI],,1098.0,758.4,308.61,267.49,98.0,1.0,39.2,128.8,85.0,1,15,0,False,
MOSPI_619103,4/6 Laning of Raipur-Simga Pkg-I from km. 0.00 to km. 48.58,Roads & Highways,NHAI,,1097.0,1172.36,905.32,0.07,100.0,0.0,30.3,131.2,100.4,1,15,0,False,
MOSPI_705933,Nimach-Ratlam 133 km,Railways,CAOCWR WR mor,,1096.0,1770.58,1488.18,203.27,100.0,0.0,72.8,59.3,0.0,0,15,0,False,
MOSPI_619080,4L PS of Ambala Ring Road of New NH-44,Roads & Highways,NHAI,,1093.0,1225.41,595.59,4.92,93.0,4.0,31.4,42.6,11.1,1,15,0,False,
MOSPI_619292,4L Medinipur to Ballupur from Km. 458.65 to Km. 487.65 of NH-07Pkg-2,Roads & Highways,NHAI,,1093.0,1072.5,739.13,2.42,94.0,0.0,34.7,53.5,17.9,1,15,0,False,
MOSPI_618815,4L Access Controlled Greenfield Highway section on NH-163G Warangal-Khammam from Venkatpur village in Warangal District at Design Ch. 150.240 Km to Thallasenkesa village in Mahabubabed District at Design Ch. 189.650 kmPackage-II,Roads & Highways,NHAI,,1093.0,1083.11,408.59,30.63,78.0,4.0,36.7,41.6,11.4,1,15,0,False,
MOSPI_618718,6L  Access Controlled Greenfield Highway from Kavulakuntla Ch. 196000 to Narayanmpet Ch. 203500Package-09,Roads & Highways,NHAI,,1092.0,956.4,242.13,42.0,55.0,7.0,47.5,42.8,10.7,1,15,0,False,
MOSPI_618151,Widening to 4LPS of NH-548B from Km 118.450 Near Shirguppi to Km 128.450 Near Ankali in the State of Karnataka under NH O on EPC Mode Under Annual Plan 2022-23 NH-548B-KNT-2022-23-982,Roads & Highways,MoRTH,,1084.0,1084.0,1.71,1.71,0.0,0.0,74.5,42.1,0.0,0,15,0,False,
MOSPI_618624,Mangloor to Telangana Maharashtra Border,Roads & Highways,National Highways Authority of India [NHAI],,1083.0,1323.12,180.13,0.0,96.0,0.0,36.5,101.7,0.0,0,15,0,False,
MOSPI_619114,Indore - Harda Pkg-II [Raghavgarh to Nanasa from km. 29.30 to km. 92.30],Roads & Highways,NHAI,,1082.0,1146.63,369.46,0.2,40.0,0.0,38.3,44.3,20.2,1,15,0,False,
MOSPI_706763,Rajkot-Kanalus 111.20 km,Railways,CAOCWR WR mor,,1081.0,1205.18,1107.75,137.97,90.0,8.0,60.8,59.3,0.0,0,15,0,False,
MOSPI_618288,"Widening/lmprovement to 4-Lane with Paved Shoulder from Ch.5.580 Km to Ch.25.633 Km Design Ch.0.000 Km to Ch.17.737km Km 901.100 to Km 921.145 of old NH-31 of Bilasipara- Guwahati road NH-17 Section Near Chirakuta to near Mowatari, before Chapar Bypass  in the state ol Assam on HAM mode Package-1",Roads & Highways,NHIDCL,,1081.0,1081.0,163.12,163.12,35.0,2.0,41.9,31.2,0.0,0,15,0,False,
MOSPI_618916,4L of Bal. works of Patna - Gaya -Dobhi Pkg-III from km. 83.00 to km. 127.217 of Old NH-83,Roads & Highways,National Highways Authority of India [NHAI],,1077.0,799.7,774.78,0.0,92.0,0.0,38.2,83.9,29.7,1,15,0,False,
MOSPI_618744,4L of Thirumangalam to Vadugapatti section from km 0.000 to km 36.000 of NH-744,Roads & Highways,NHAI,,1077.0,791.6,685.52,6.03,96.0,0.0,35.6,54.4,18.3,1,15,0,False,
MOSPI_478482,Stamp Charge Battery No.7 Coke Dry Cooling Plant at RSP,Steel,Steel Authority of India Limited (SAIL),,1065.0,1065.0,73.91,0.0,0.0,0.0,30.7,7.2,0.0,0,15,0,False,
MOSPI_618759,4L PS Mydukur - Badvel from Km 585.820 to Km 630.960 of NH-67,Roads & Highways,NHAI,,1064.0,1103.87,585.79,0.29,90.0,0.0,39.8,51.7,13.4,1,15,0,False,
MOSPI_618872,4L PS from near Hunsur - KR Nagar Junction to near Yalachahalli village KR Nagara - Yelawala Road Junction fcrom Km 169.000 to Km 195.550 of NH-275 Pkg-IV,Roads & Highways,NHAI,,1063.0,952.03,272.55,0.01,20.0,2.0,50.6,43.2,10.9,1,15,0,False,
MOSPI_701408,Madhya Ganga canal Phase-II,Water Resources,Irrigation & Water Resources-UP,,1061.0,4417.21,4575.74,0.0,82.0,0.0,141.0,221.5,72.0,1,15,0,False,
MOSPI_618120,construction of Four-Lane of chausa-Buxar Bypass from Km 45.000 to Km 65.915 Package - 2 in the State of Bihar on EPC Mode.,Roads & Highways,MoRTH,,1060.0,1060.0,0.22,0.22,4.0,0.0,63.7,47.8,0.0,0,15,0,False,
MOSPI_618715,6L Access Controlled Greenfield Highway from Odulapalle Ch. 72000 to Nallacheruvu-palli Ch. 96300 of [NH-544G]Package-4,Roads & Highways,NHAI,,1059.0,946.1,403.17,0.0,77.0,1.0,37.0,44.4,14.8,1,15,0,False,
MOSPI_701383,Waghur Project,Water Resources,Department of water resources-MH - II,,1059.0,1758.51,1642.5,8.14,90.0,0.0,285.0,365.4,75.0,1,15,0,False,
MOSPI_618531,6L of Aurangabad to Bihar-Jharkhand border Chordaha section from km. 180.000 to km. 209.827 of NH-2 PKG-01,Roads & Highways,NHAI,,1054.0,786.81,202.27,0.0,38.0,0.0,70.2,67.1,0.0,0,15,0,False,
MOSPI_618912,Construction of Rudrapur Bypass Section from Km. 0.000 to 20.640 in the state of Uttar Pradesh & Uttarakhand,Roads & Highways,National Highways Authority of India [NHAI],,1052.0,1117.17,665.1,12.59,99.0,1.0,33.5,41.7,4.6,0,15,0,False,
MOSPI_400121,"Construction of Screening Plant-II for Donimalai and Kumaraswamy Iron Ore Mining Complex of NMDC Limited at Ballari Dt, Karnataka.",Steel,National Mineral Development Corporation Limited [NMDC],,1044.0,1044.0,649.52,21.23,70.0,5.0,140.9,141.6,0.0,0,15,0,False,
MOSPI_618557,4L of Indora Chowk to Pachpaoli and Agrasen Chowk - Ashoka Chowk,Roads & Highways,NHAI,,1039.0,918.53,696.83,11.62,84.0,0.0,39.4,41.9,2.5,0,15,0,False,
MOSPI_619298,Construction of 6 Lane Elevated corridor from KM 612582 to KM 617540 including construction of Service Roads in Kolhapur City on NH -48 in the State of Maharashtra on EPC mode under NHO,Roads & Highways,NHAI,,1039.0,1039.0,0.06,0.06,0.0,0.0,40.1,7.4,0.0,0,15,0,False,
MOSPI_602538,Installation of FGD for 4x210 & 2x250 MW MTPS U 1-6,Power,Damodar Valley Corporation,,1037.0,1106.0,1143.06,4.64,97.0,0.0,54.9,86.7,32.3,1,15,0,False,
MOSPI_705506,3rd Line Manmad - Jalgaon [160 Kilometres],Railways,Central Railway [CR] - II,,1035.0,1870.0,1865.44,21.9,100.0,0.0,91.1,111.5,8.0,1,15,0,False,
MOSPI_618503,Ahmedabad - Dholera Pkg III from km. 48.52 to km. 71.06 [Vejallka Village - Start of DSIR zone],Roads & Highways,NHAI,,1034.0,1155.41,1125.55,0.0,100.0,0.0,38.4,76.3,37.4,1,15,0,False,
MOSPI_400174,"New Sinter Plant at BSL, SAIL",Steel,Steel Authority of India Limited [SAIL],,1034.0,1752.3,1028.11,13.16,64.0,0.0,151.1,137.5,0.0,0,15,0,False,
MOSPI_618764,Moga - Bagha Purana - Bajakhana from km. 0.00 to km. 43.32,Roads & Highways,NHAI,,1033.0,1264.17,799.77,12.73,76.0,0.0,55.7,76.1,24.0,1,15,0,False,
MOSPI_618661,4L from km 0.000 to 42.040 Bhopal Ratnaigiri Tiraha to Vidisha Morikodi,Roads & Highways,NHAI,,1032.0,1038.18,179.87,1.57,20.0,3.0,36.8,22.9,0.0,0,15,0,False,
MOSPI_701344,Dhamra Haldia Pipeline Project,Petroleum,Gas Authority of India Limited [GAIL],,1031.0,1125.0,927.4,3.0,94.0,0.0,32.2,78.4,46.7,1,15,0,False,
MOSPI_701171,AIIMS Bibinagar,Healthcare,PMSSY AND Institute of NATIONAL Importance,,1028.0,1365.95,1028.94,38.96,88.0,1.0,90.4,92.9,6.0,1,15,0,False,
MOSPI_618497,Delhi Amritsar Katra Expressway Phase-II Pkg XVIII Development and Upgradation of Four lane Access Control Expressway from Design Chainage KM 530.00 to KM 545.300 Sidhra to Domel Section of NH-44,Roads & Highways,NHAI,,1026.0,975.38,631.2,24.74,70.0,2.0,35.0,44.8,19.3,1,15,0,False,
MOSPI_615919,N. EXTN. MUNGOLI NIRGUDA D OCP,Coal,WCL - CIL,,1025.0,1025.0,218.36,0.1,28.0,0.0,57.8,27.3,0.0,0,15,0,False,
MOSPI_619137,4L of Dwarka-Khambaliya-Devariya section from km 203.500 to km 176.500 and from km 171.800 to km 125.000 of NH-151A,Roads & Highways,National Highways Authority of India [NHAI],,1025.0,1753.95,882.1,0.1,100.0,0.0,42.4,91.7,45.8,1,15,0,False,
MOSPI_709829,UTKAL D AND E COAL BLOCK,Steel,National Aluminium Company Limited [NALCO],,1022.0,1022.0,0.0,0.0,0.0,0.0,36.0,12.0,0.0,0,15,0,False,
MOSPI_619117,Hassan km 184.912 to Maranahally km 230.060 of NH - 75 in Karnataka,Roads & Highways,NHAI,,1022.0,1091.4,1068.91,0.14,98.0,0.0,38.2,128.5,89.8,1,15,0,False,
MOSPI_619306,4L of Munger  Mirzachauki section from Km 95580 to Km 125000 Pkg-2,Roads & Highways,NHAI,,1021.0,1235.65,643.0,9.59,96.0,1.0,36.9,67.1,29.3,1,15,0,False,
MOSPI_400153,EPR ROHINI - KARKETTA OCP,Coal,Ministry of Coal,,1020.0,1020.0,85.45,0.11,22.0,-1.0,86.4,67.9,0.0,0,15,0,False,
MOSPI_618053,Muddanur to B. Kothapalli section of NH-716G from Km. 0/000 to Km. 56/500   56.500 Km    in the State of Andhra Pradesh on EPC mode Job no. 741,Roads & Highways,MoRTH,,1020.0,1020.0,0.0,0.0,34.0,3.0,33.8,23.0,0.0,0,15,0,False,
MOSPI_618160,"Construction of 2 lane Major Bridge including approaches over Brahmaputra between Majuli on North Bank and Jorhat on South Bank from km. 11.690 to km. 19.715 length of bridge 6,812.5m Package - II on NH-715K in the state of Assam Job no. 715/AS/2020-21/213",Roads & Highways,MoRTH,,1019.0,1019.0,0.0,0.0,3.0,1.0,32.4,17.6,0.0,0,15,0,False,
MOSPI_709791,City Gas Distribution Projects at Alipurduar and Cooch Behar,Petroleum,Bharat Petroleum Corporation Limited [BPCL],,1017.0,1017.0,238.41,5.91,44.0,0.0,87.3,44.8,0.0,0,15,0,False,
MOSPI_705567,Burhwal Gonda 3rd line,Railways,North Eastern Railway [NER],,1016.0,1118.0,1489.37,27.89,88.0,0.0,88.4,106.1,10.2,1,15,0,False,
MOSPI_619112,6L Kantakapalle  Sabbavaram Section of NH-130CD Road from Km 445.100 to Km 464.662 Pkg-4,Roads & Highways,NHAI,,1013.0,1012.57,702.4,0.08,85.0,1.0,43.3,66.6,26.9,1,15,0,False,
MOSPI_618938,4L of Rajura-Korpana-Adilabad Road upto M.S. Border from km 32.910 to km 89.090 of NH-353B,Roads & Highways,National Highways Authority of India [NHAI],,1013.0,1274.63,630.06,0.0,100.0,0.0,30.6,53.5,19.5,1,15,0,False,
MOSPI_618694,Indore - Harda Pkg-I [Indore to Raghav Garh from km. 0.25 to km. 26.903],Roads & Highways,NHAI,,1011.0,813.03,688.03,0.09,96.0,2.0,33.0,55.5,22.0,1,15,0,False,
MOSPI_709753,Haldia Panagarh Pipeline Project,Petroleum,Hindustan Petroleum Corporation Limited,,1010.0,1107.0,884.2,19.01,98.0,1.0,36.0,46.2,9.7,1,15,0,False,
MOSPI_618645,4L of Gola-BokaroJaina More section from Km 53.600 to Km 21.110 of NH-320PKG-1,Roads & Highways,NHAI,,1008.0,1030.64,617.85,7.95,78.0,0.0,39.9,54.6,16.2,1,15,0,False,
MOSPI_617947,Arawali Kante section of NH-17New NH-66 4L  PS from Km.241/300 to 281/300,Roads & Highways,MoRTH,,1007.0,1443.09,0.17,0.17,80.0,80.0,43.4,125.5,76.5,1,15,0,False,
MOSPI_617808,Inter-Regional Strengthening between SR Grid and WR Grid,Transmission & Distribution,Power Grid Corporation of India Limited [POWERGRID],,1007.0,1007.0,50.35,0.5,3.0,1.0,24.0,10.9,0.0,0,15,0,False,
MOSPI_606431,CONSTRUCTION OF PERMANENT CAMPUS FOR IIT PALAKKAD UNDER PHASE 1A,Education,INDIAN INSTITUTE OF TECHNOLOGY PALAKKAD,,1006.0,1217.4,686.2,5.51,86.0,0.0,59.2,110.5,48.8,1,15,0,False,
MOSPI_618667,4L of near Satai Ghat to Chowka section of NH-34 from D. Ch. 89.875 to D. Ch. 145.000 Package-3,Roads & Highways,NHAI,,1006.0,882.21,193.4,0.3,38.0,3.0,36.3,22.9,0.0,0,15,0,False,
MOSPI_618663,i 4L  Vidisha to Hinotiya from km 0.000 to Km 27.000 Vidisha  Mehulwa-Talbehat Pkg-I Section of NH- 346 and ii 4L Vidisha to Morikori from Km 39.000 to 59.476  section of NH-146,Roads & Highways,NHAI,,1004.0,941.12,434.04,35.91,90.0,0.0,39.0,47.9,12.4,1,15,0,False,
MOSPI_618810,4L of existing Beas  Baba Bakala - Dera Baba Nanak Section from start of Batala Bypass  till intersection with Ajnala Gurdaspur Highway NH 354 near Dera Baba Nanak  from Km. 31.300 to Km. 69.100  with Additional batala Bypass Pkg-II,Roads & Highways,NHAI,,1003.0,993.6,800.86,8.36,81.0,0.0,44.0,58.8,21.3,1,15,0,False,
MOSPI_618874,Four Laning of Trichy - Dindigul from km. 333.00 to km. 421.273 of NH-45,Roads & Highways,National Highways Authority of India [NHAI],,1003.0,435.81,9.74,0.31,100.0,0.0,42.8,236.9,191.5,1,15,0,False,
MOSPI_618957,4 laning of Champa - Korba from km 0.00 to km 38.2,Roads & Highways,NHAI,,1002.0,1304.47,944.68,0.05,99.0,0.0,34.9,67.2,31.8,1,15,0,False,
MOSPI_619153,4L of HP/Punjab Border - Mo from km. 11.00 to km. 42.00 of Old NH-20 New NH-154 Package-IA,Roads & Highways,NHAI,,1002.0,1363.04,819.72,0.01,69.0,1.0,37.7,65.7,31.5,1,15,0,False,
MOSPI_618622,4L of Indore - Boregaon Pkg-III [Balwara to Dhangaon] from km. 42.260 to km. 82.660 of NH347BG & 753L,Roads & Highways,NHAI,,1002.0,888.81,835.15,9.59,92.0,2.0,39.0,67.8,29.9,1,15,0,False,
MOSPI_705514,Jarapaada-Budhapank with flyover at Talcher Road - 3rd & 4th line 47 44 km,Railways,CAO/C/ECOR ECoR mor,,1000.0,928.54,758.57,279.74,25.0,-5.0,35.8,129.9,112.5,1,15,0,False,
MOSPI_400247,Kalinarayanpur-Krishnanagar Doubling Alongwith Krishnanagar - Chapra New Line And Naihati-Ranaghat 3rd Line.,Railways,Eastern Railway [ER] - I,,1000.0,1000.0,1066.85,1.77,76.0,2.0,139.1,133.6,13.0,1,15,0,False,
MOSPI_618283,4-L Bilasipara-Guwahati Package-9,Roads & Highways,NHIDCL,,1000.0,1000.0,505.47,14.83,60.0,0.0,39.2,42.3,9.6,1,15,0,False,
MOSPI_400162,BLOCK B EXPANSION  [3.5 TO 8.0,Coal,NCL - CIL,,999.0,999.0,684.46,139.12,51.0,0.0,44.3,85.8,48.0,1,15,0,False,
MOSPI_618619,Bypass on Western side of Gwalior City,Roads & Highways,NHAI,,999.0,999.0,195.31,0.2,0.0,0.0,33.4,17.5,0.0,0,15,0,False,
MOSPI_619119,Cuttack-Angul Section of NH-42 New NH-55 from km 0.400 to km 60.200 Pkg-I in the State of Odisha,Roads & Highways,NHAI,,999.0,1178.31,1128.52,0.08,99.0,0.0,32.7,106.7,74.5,1,15,0,False,
MOSPI_364934,Stamp Charge Battery No.12 By-product Plant at IISCO Steel Plant,Steel,Steel Authority of India Limited (SAIL),,999.0,999.0,70.37,0.0,19.0,0.0,42.2,19.7,0.0,0,15,0,False,
MOSPI_618668,4L of Chowka to Kaimaha near MP/UP Border section NH-34 from D. Ch. 145.000 to D. Ch. 197.266 excluding existing Chhatarpur bypass from D. Ch. 160.307 to D. Ch. 168.630 Package-4,Roads & Highways,NHAI,,996.0,846.68,312.98,24.29,49.0,4.0,35.1,22.9,0.0,0,15,0,False,
MOSPI_619092,4L of Jind-Gohana road Package-1 from km. 0.00 to km. 40.601 of NH-352 A under NHO,Roads & Highways,NHAI,,994.0,1606.82,1064.47,440.74,100.0,0.0,41.9,91.7,48.3,1,15,0,False,
MOSPI_618716,6L Access Controlled Greenfield Highway from Vankarakunta Ch. 45700 to Odulapalle Ch. 72000 of [NH-544G]Package-3,Roads & Highways,NHAI,,993.0,888.07,351.23,31.18,77.0,0.0,38.6,45.1,13.0,1,15,0,False,
MOSPI_618892,"4 Lane with Paved Shoulder from Dareota Village to Kalar Bala NH 205, Design Chainage -Km 33185 to Km 41000, Design Length-7.815 Km Package-IIB",Roads & Highways,NHAI,,993.0,993.0,5.27,0.12,1.0,1.0,36.6,15.3,0.0,0,15,0,False,
MOSPI_618202,Construction of 2 lane with paved shoulders Baramulla Bypass Greenfield bypass from existing Ch. Km 47020 to Km 56720 and Design Ch. From 48500 to 62600 Total length 14.100 km on road Srinagar Baramulla  Uri NH-01 in the UT of Jammu & Kashmir under Project.Package-III,Roads & Highways,MoRTH,,992.0,992.0,112.16,13.17,47.0,0.0,41.4,41.8,10.9,1,15,0,False,
MOSPI_619215,Cuttack-Angul Section of NH-42 New NH-55 from Km.60.200 to Km. 112.000 Pkg-II in the State of Odisha,Roads & Highways,NHAI,,991.0,1168.82,1083.8,0.04,100.0,0.0,34.4,106.7,72.8,1,15,0,False,
MOSPI_701404,Kanupur Irrigation Project,Water Resources,Irrigation and CAD-TG,,989.0,2301.28,2804.16,0.0,80.0,1.0,201.0,281.5,78.0,1,15,0,False,
MOSPI_618720,6L  Access Controlled Greenfield Highway from Audireddipalle Ch. 160000 to Mallapalle Ch. 176000Package-07,Roads & Highways,NHAI,,987.0,848.06,338.45,0.34,74.0,3.0,36.4,42.8,13.8,1,15,0,False,
MOSPI_618774,Ara - Mohania Pkg-II,Roads & Highways,National Highways Authority of India [NHAI],,985.0,827.51,798.12,0.0,100.0,0.0,35.1,73.1,28.5,1,15,0,False,
MOSPI_617933,Up-gradation to four lane/ Two lane with paved shoulders configuration of Kalyan - Murbad - Malshej Ghat - Nirmal Road NH- 61 km 15/200 to Km 38/00 and from Km. 58/00 to Km 84/00 Design length  48.58 km of NH-61 on EPC Mode in Thane District in the state of Maharashtra,Roads & Highways,MoRTH,,984.0,984.0,0.0,0.0,100.0,12.0,42.5,43.0,0.0,0,15,0,False,
MOSPI_604852,"Grass-root Terminal at Mirzapur, Uttar Pradesh",Power,Indian Oil Corporation Limited [IOCL],,980.0,980.45,308.35,12.8,77.0,1.0,50.0,47.5,0.0,0,15,0,False,
MOSPI_618203,"Construction of 4 lane with paved shoulder Pattan bypass Greenfield bypass from existing Ch. Km 24320 to Km 33760 and Design Ch. from Km 24400 to Km 35300, total length 10.900 km on road SrinagarBaramulla  Uri NH-01 in the UT of Jammu & Kashmir under Project BEACON, Border Roads Organization BRO on EPC mode. Package-II",Roads & Highways,MoRTH,,980.0,980.0,132.03,0.12,57.0,0.0,40.3,41.8,7.0,1,15,0,False,
MOSPI_618662,4L Vidisha Gyaraspur section of NH-146 from Design Chainage km 59475 existing chainage km 81240  to Design Chainage km 88361 existing chainage km 110.315,Roads & Highways,NHAI,,980.0,980.0,113.09,16.68,12.0,1.0,40.8,22.9,0.0,0,15,0,False,
MOSPI_612066,Rajasthan Metro Rail Project Phase 1C from Badi Chaupar to Transport Nagar via Galta Gate,Urban Transport,Jaipur Metro Rail Corporation,,980.0,980.0,103.03,0.0,0.0,0.0,18.7,11.3,0.0,0,15,0,False,
MOSPI_616225,CHUPERBHITA SIMLONG OCP MDO 6 MTY,Coal,Eastern Coal Fields Limited [ECL],,979.0,979.0,0.0,0.0,0.0,0.0,159.0,32.6,0.0,0,15,0,False,
MOSPI_616233,BALABHADRA OCP,Coal,MCL - CIL,,978.0,978.0,461.54,209.99,19.0,1.0,83.4,40.9,0.0,0,15,0,False,
MOSPI_618805,6L Connectivity to Port Road from Sabbavaram Sheelanagar-NH516C,Roads & Highways,NHAI,,977.0,977.0,155.51,27.72,7.0,1.0,37.4,20.5,0.0,0,15,0,False,
MOSPI_619126,6L  Access Controlled Greenfield Highway from Marripudi Ch. 285500 to Somavarappadu Ch. 314600 of [NH-544G] Package-13,Roads & Highways,NHAI,,976.0,798.71,370.82,37.88,73.0,0.0,35.7,42.9,14.6,1,15,0,False,
MOSPI_400138,CHANDRAGUPT OCP,Coal,CCL - CIL,,974.0,974.0,772.12,331.37,25.0,0.0,139.8,73.4,0.0,0,15,0,False,
MOSPI_701392,Krishna Koyana Lift Irrigation Project,Water Resources,Department of water resources-MH - II,,974.0,2774.9,1069.82,0.0,90.0,0.0,129.9,210.4,48.0,1,15,0,False,
MOSPI_615917,GAURIDEEP/GAURI CENTRAL OCP 7.,Coal,Western Coalfields Limited [WCL],,973.0,973.0,1.55,0.0,2.0,0.0,79.7,37.3,0.0,0,15,0,False,
MOSPI_618705,"4L Godibandha to Ballhar Chhak, Ballhar Chhak to Banarpal & Banarpal to Start of Angul bypass at Km.314.130 to Km.321.035 of NH53, at Km.75.200 to Km.84.000 of NH149 & at Km.84.000 to Km.86.100 of NH55",Roads & Highways,NHAI,,973.0,973.0,241.06,2.91,5.0,1.0,37.9,20.6,0.0,0,15,0,False,
MOSPI_618817,4L Access Controlled Greenfield Highway section on NH-163G Khammam Vijayawada from V. Venkatayapalem village at Design Ch. 220.480 Km to BrahmanapalliK village at Design Ch. 250.400 Km Package-I.,Roads & Highways,NHAI,,973.0,1021.96,271.03,0.08,46.0,2.0,48.1,42.0,3.4,0,15,0,False,
MOSPI_618632,6L Access Controlled Greenfield Highway of Nandinne village to Julekal village from Km 202.900 to Km 242.200 Pkg-1,Roads & Highways,NHAI,,972.0,1044.06,459.49,0.0,94.0,0.0,35.0,55.3,19.9,1,15,0,False,
MOSPI_701598,Provision of 4G based Mobile Services in Uncovered Villages and National Highways of Meghalaya,Telecommunications,Department of Telecommunications,,972.0,972.0,232.79,8.19,100.0,0.0,29.4,83.9,51.9,1,15,0,False,
MOSPI_611849,Devgarh Madariya - Nathdwara Gauge Conversion [82.54 Km] part of Marwar - Mavli Gauge Conversion [152 Km],Railways,North Western Railway [NWR],,969.0,969.0,411.0,135.26,45.0,-5.0,65.9,44.4,0.0,0,15,0,False,
MOSPI_611855,Nathdwara Mavli - Devgarh Madariya 82.542 km,Railways,CAOC/NWR NWR mor,,969.0,1100.0,816.16,71.01,75.0,2.0,64.2,43.7,0.0,0,15,0,False,
MOSPI_618941,4L of Bamni - Rajura - Warur - Devada upto M.S. Border of NH - 930D from km 19.000 to km 51.985,Roads & Highways,NHAI,,968.0,1187.19,826.96,0.0,78.0,0.0,47.9,53.5,9.2,1,15,0,False,
MOSPI_611660,Establishment of Khavda Pooling Station-2 KPS2 in Khavda RE Park KPS2 TRANSMISSION SYSTEM LIMITED,Transmission & Distribution,Power Grid Corporation of India Limited [POWERGRID],,967.0,967.0,936.24,24.27,97.0,1.0,21.4,41.9,11.0,1,15,0,False,
MOSPI_705562,Chhapra-Ballia - Patch doubling 65 km,Railways,CAOC/NER NER mor,,963.0,1010.84,1000.05,81.87,95.0,-1.0,143.9,162.5,15.1,1,15,0,False,
MOSPI_618584,4L of Kishanganj - Bahadurganj section from Km. 0.000 to Km. 23.649 & interchange at Start Point Length - 1.200 Km of NH-27,Roads & Highways,NHAI,,963.0,855.56,181.12,1.81,20.0,2.0,34.7,19.6,0.0,0,15,0,False,
MOSPI_612072,Barejadi Nandej Geratpur - Sanand - 4th line 38.20 km,Railways,CAOCWR WR mor,,962.0,961.67,548.14,23.54,23.0,1.0,49.8,43.4,16.0,1,15,0,False,
MOSPI_611751,AURANGABAD-ANKAI - DOUBLING PROJECT 98.25 Km,Railways,South Central Railway [SCR] - II,,961.0,961.0,1375.55,71.01,2.0,0.0,46.2,39.7,0.0,0,15,0,False,
MOSPI_618547,2L NH-1 from km 8.660 to km 33.775 Sumbal to Wayul to 4L dual carriageway NH standard as part of Srinagar Ring Road PhaseII [Design Ch. 41.907 to Ch. 66.609],Roads & Highways,NHAI,,961.0,643.64,474.55,14.58,55.0,2.0,43.6,46.3,11.7,1,15,0,False,
MOSPI_618944,Hyderabad - Maneguda,Roads & Highways,NHAI,,959.0,1218.49,431.45,23.39,24.0,2.0,61.6,59.3,5.9,0,15,0,False,
MOSPI_617252,Anand Nagar - Ghughuli via Maharajganj 53.37 km,Railways,CAOC/NER NER mor,,958.0,1501.1,888.5,248.33,12.0,-5.0,54.9,36.7,0.0,0,15,0,False,
MOSPI_618331,lmprovement to 4-Lane with Paved Shoulder from existing km 260000 Design Ch.4560 km to existing km Ch.233000 D. Ch.24560 of Silchar near Nutan Dayapur village - Budha Nagar Section Length-20.00 Km of NH-37 under Package Silchar-Jiribam Pkg-1 in the state of Assam on HAM Mode,Roads & Highways,NHIDCL,,958.0,958.0,214.64,49.41,47.0,0.0,47.7,31.7,0.0,0,15,0,False,
MOSPI_618149,Widening to two lane with paved shoulders from Km 0.00 to 102.310 Design Chainage of NH-548B Murrum-Maharashtra Border in the State of Karnataka,Roads & Highways,MoRTH,,957.0,957.0,288.23,0.08,60.0,0.0,47.0,43.0,0.0,0,15,0,False,
MOSPI_612845,Pachora-Jamner with extension upto Malkapur-Narrow gauge to broad gauge 84 km,Railways,CAOC/CR CR mor,,955.0,2093.82,294.53,280.54,10.0,0.0,60.2,48.7,0.0,0,15,0,False,
MOSPI_709808,PACHORA-JAMNER WITH EXTENSION UPTO MALKAPUR NG TO BG,Railways,CR,,955.0,2093.82,130.42,0.0,11.0,0.0,60.2,48.7,6.9,1,15,0,False,
MOSPI_618558,Improvement of Geometrics of Kalkallu to Gundla Pochanpalli from Km 454.00  to Km 471.00 of NH-44,Roads & Highways,NHAI,,955.0,903.17,454.5,27.07,36.0,0.0,34.7,54.4,26.2,1,15,0,False,
MOSPI_705863,Bahraich - Nanpara - Nepalganj Road Gauge Conversion,Railways,North Eastern Railway [NER],,950.0,550.0,511.18,4.16,90.0,4.0,61.0,74.5,2.0,0,15,0,False,
MOSPI_618762,Itarsi Km. 63.000 to Betul Km. 137.000 of NH-69 in Madhya Pradesh,Roads & Highways,NHAI,,950.0,788.33,663.67,0.0,100.0,0.0,29.7,108.5,77.8,1,15,0,False,
MOSPI_616840,RAS- MERTA CITY NEW LINE INCL BYPASS AT MERTA ROAD,Railways,North Western Railway [NWR],,947.0,947.0,1.36,0.0,0.0,0.0,36.0,12.0,0.0,0,15,0,False,
MOSPI_617245,Katihar-Kumedpur & Katihar-Mukuria 64.5 km Umbrella work PB57/2019-20/NR,Railways,CAO/C-II/NFR NFR mor,,943.0,1961.0,952.95,296.79,65.0,-1.0,60.2,48.7,0.0,0,15,0,False,
MOSPI_706844,Katihar - Kumedpur Doubling Line Project,Railways,GM/C/ NFR,,942.0,942.0,356.0,0.0,45.0,0.0,61.0,49.5,0.0,0,15,0,False,
MOSPI_618691,4 laning of Aligarh-Palwal Section from Km. 46.390 Design Chainage to Km. 69.110 Terminating at junction EPE Package-II from Kurana- Eastern Peripheral Expressway of NH-334D,Roads & Highways,NHAI,,939.0,903.94,250.21,3.35,17.0,5.0,41.4,30.0,0.0,0,15,0,False,
MOSPI_605156,Rangit-IV HE Project [120 MW]  executed by Jal Power Corporation Ltd. [JPCL] - A wholly owned subsidiary of NHPC Ltd. acquired through NCLT,Power,National Hydroelectric Power Corporation Limited [NHPC],,938.0,1828.11,1718.16,26.96,98.0,1.0,38.0,65.5,30.1,1,15,0,False,
MOSPI_618736,4L Elevated corridor of Kalimandir-Dimna Chowk-Baliguma Jamshedpur Section of NH-33 New NH-18 from km 241940 to km 251961 Length 10.021 km,Roads & Highways,NHAI,,936.0,832.2,328.76,18.41,50.0,3.0,36.2,30.3,0.0,0,15,0,False,
MOSPI_618928,"Improvement & Up-gradation of NH-734 Section of Moradabad-Thakurdwara Kashipur including Moradabad & Kashipur Bypasse Package-III  Kashipur Bypass Length 14.490 Km., Starts from Ch. 38770 and ends at Ch. 53260 existing Ch. 05560",Roads & Highways,NHAI,,936.0,717.5,386.34,16.49,54.0,0.0,31.4,43.4,18.5,1,15,0,False,
MOSPI_617240,Murarai - Barharwa 3rd line,Railways,Eastern Railway [ER] - II,,935.0,935.0,0.0,0.0,0.0,0.0,36.0,16.3,0.0,0,15,0,False,
MOSPI_618879,Rehabilitation and Upgradation to 2L PS configuration & Strengthening of Padhar to Bijni section from Km 180.000 to Km 202.815 of NH-154 Pkg-VA,Roads & Highways,NHAI,,931.0,930.86,666.12,0.84,100.0,1.0,52.8,51.2,0.0,0,15,0,False,
MOSPI_618822,Rehabilitation and Up gradation from 4 to 8 laning of Chandikhole  Paradip Section of NH-53 Old NH  5A from Km.0.00 to Km.18.00Package-1,Roads & Highways,NHAI,,930.0,869.45,398.91,0.0,92.0,-5.0,32.6,41.7,8.5,1,15,0,False,
MOSPI_612816,ITAPARA OCP,Coal,Eastern Coal Fields Limited [ECL],,929.0,929.0,132.43,0.0,8.0,0.0,75.0,32.6,0.0,0,15,0,False,
MOSPI_618788,4L Greenfield Jalbhera  Shahbad section from km. 0.000 to km. 22.850 of NH-152G,Roads & Highways,NHAI,,927.0,1173.66,550.65,6.14,87.0,0.0,38.0,53.5,15.0,1,15,0,False,
MOSPI_603210,Development of Jodhpur Pali Marwar Industrial Area JPMIA in Rajasthan,Real Estate,National Industrial Corridor Development Corporation,,922.0,922.0,0.0,0.0,6.0,1.0,46.9,24.6,0.0,0,15,0,False,
MOSPI_618350,Improvement & widening of existing NH-08 to 4-lane with Paved Shoulder from Champak Nagar to Khayerpur section design Km 242500 to Km 261610 in the state of Tripura on EPC basis under NHO-NE,Roads & Highways,NHIDCL,,921.0,921.0,404.6,404.6,48.0,0.0,33.2,32.8,6.0,1,15,0,False,
MOSPI_618821,Rehabilitation and Up gradation from 4 to 8 laning of Chandikhole  Paradip Section of NH-53 Old NH  5A from Km 18.00 to Km 39.00 in the State of Odisha on HAM mode Package-2,Roads & Highways,NHAI,,920.0,950.4,424.45,2.85,98.0,7.0,32.6,41.7,11.5,1,15,0,False,
MOSPI_618684,Outer Ring Road of Jabalpur Town from Manegaon to NH-45 Pkg-2,Roads & Highways,NHAI,,917.0,786.47,520.38,7.81,79.0,3.0,39.9,46.3,12.8,1,15,0,False,
MOSPI_612781,Rebuilding of COB 4 at Durgapur Steel Plant,Steel,Steel Authority of India Limited [SAIL],,917.0,917.0,244.78,10.73,37.0,2.0,48.6,36.1,0.0,0,15,0,False,
MOSPI_618712,6L Access Controlled Greenfield Highway from Kodur Ch. 0000 to Vanavolu Ch. 24300 of [NH-544G]  Package-1,Roads & Highways,NHAI,,913.0,798.25,357.89,0.0,88.0,1.0,37.0,44.4,13.8,1,15,0,False,
MOSPI_612194,Development of New Civil Enclave and associated works at Darbhanga Airport,Aviation,Airport Authority of India [AAI],,912.0,912.0,426.22,25.6,71.0,1.0,24.2,26.4,4.7,0,15,0,False,
MOSPI_400161,"PP Project, Pata",Petroleum,Gas Authority of India Limited [GAIL],,911.0,1299.02,1073.0,7.0,99.0,0.0,58.9,90.4,24.5,1,15,0,False,
MOSPI_618685,Outer Ring Road of Jabalpur Town from NH45 to Kushner Pkg-3,Roads & Highways,NHAI,,911.0,773.23,552.62,0.62,80.0,0.0,41.4,47.8,9.9,1,15,0,False,
MOSPI_619270,"Upgradation of 6 laned Jaipur- Kishangarh section of NH-48 from km 274100 to 363885 involving construction of flyovers and Service road in Rajasthan On Engineering, Procurement & Construction EPC Mode",Roads & Highways,NHAI,,911.0,911.0,0.0,0.0,0.0,0.0,33.9,6.1,0.0,0,15,0,False,
MOSPI_618871,4L PS from Near Guddehosur to Start of Kushalnagara Bypass to near Hemmige Village Periyapatna - Hassan Road Jn from Km. 122.200 to Km. 144.900 of NH-275  Pkg. II,Roads & Highways,NHAI,,910.0,896.42,325.85,12.64,15.0,1.0,58.1,43.4,4.9,0,15,0,False,
MOSPI_618735,4L of  Chandesara  to Khedakhajuriya  from Km. 0.000 to - 750 & Km 0.000 to km 41.400 of  NH-148NG Pkg-I,Roads & Highways,NHAI,,910.0,976.55,587.81,0.01,99.0,0.0,29.1,56.6,28.0,1,15,0,False,
MOSPI_617225,PCMC To Nigdi- Extension Of North South Corridor Of Phase-1,Urban Transport,Maharashtra Metro Rail Corporation Limited [MMRCL],,910.0,960.18,322.59,12.94,49.0,2.0,39.3,34.8,0.0,0,15,0,False,
MOSPI_618719,6L  Access Controlled Greenfield Highway from Mallapalle Ch. 176000 to Kavulakuntla Ch. 196000 Package-08,Roads & Highways,NHAI,,909.0,751.81,290.04,0.16,66.0,5.0,35.5,42.7,17.6,1,15,0,False,
MOSPI_618372,"Widening / Improvement to 4-Lane with Paved Shoulder  configuration of existing single lane road from Kachukhana Harichara  Paglagaunj to Dhubri - Phulbari Bridge approach Package-II of  Srirampur - Dhubri Section of NH-127B from existing Km 28.050 to Km  55.060 Design Km 27.650 to Km 54.154, Design Length26.504 Km under JICA ODA Loan assistance Phase-V [Srirampur - Dhubri Pkg-2]",Roads & Highways,NHIDCL,,909.0,909.0,638.5,0.81,100.0,0.0,33.7,54.2,5.9,0,15,0,False,
MOSPI_400074,KARO EXPANSION OCP,Coal,Ministry of Coal,,908.0,908.0,289.45,0.0,24.0,2.0,86.2,55.7,0.0,0,15,0,False,
MOSPI_618826,4 Laning of NH-544D from Km 0.000 to km 37.000 of Anantapur- Muchukota section Pkg-1,Roads & Highways,NHAI,,908.0,905.98,468.12,0.0,92.0,0.0,33.3,47.1,13.3,1,15,0,False,
MOSPI_618647,6L Access Controlled Ludhiana-Bathinda Greenfield highway from Jn. with Amritsar-Bathanda Greenfield Road NH-754A near Rampura Phul to Jn. with Moga-Barnala Road NH-703 near village Tallewal from Km 0.0 to Km 30.3 of NH-754AD Pkg-1,Roads & Highways,NHAI,,907.0,1020.52,687.82,0.07,82.0,0.0,50.7,62.7,13.6,1,15,0,False,
MOSPI_618508,Construction of Additional Structures including Approaches in Vadodara Surat Section of NH48 between existing Km. 108.000 to Km. 250.000,Roads & Highways,NHAI,,907.0,907.39,368.63,22.46,49.0,0.0,34.8,30.3,5.0,0,15,0,False,
MOSPI_618512,Tunnel at Khambataki Ghat Section and its approaches from existing Km. 771.730 to existing Km. 782.000,Roads & Highways,NHAI,,907.0,816.12,686.79,8.81,89.0,0.0,51.7,106.2,56.1,1,15,0,False,
MOSPI_400081,"National Sports University [NSU], Imphal [Manipur]",Education,Department of Sports & Youth Affairs,,906.0,611.74,577.32,0.95,98.0,1.0,26.4,51.1,23.4,1,15,0,False,
MOSPI_705735,Solapur-tuljapur-Osmanabad,Railways,Central Railway,,905.0,3295.74,1277.63,32.12,22.0,11.0,103.0,96.6,11.9,1,15,0,False,
MOSPI_618561,Improving the Alignment of Thoppur Ghat Section from Km 158.500 to Km 165.100 in Dharmapuri - Salem Section of NH-44,Roads & Highways,NHAI,,905.0,731.09,211.34,1.76,48.0,3.0,48.4,30.3,0.0,0,15,0,False,
MOSPI_618353,Widening & Upgradation to 2-lanes with paved shoulders road from  Tamenglong to Mahur NH-137 in the State of Assam starting from km 116.480  near Hangrum to km 136.500 near Hejaichak Package-8 on EPC mode under  NHO-NE Package 8,Roads & Highways,NHIDCL,,904.0,904.0,563.52,6.15,85.0,0.0,29.0,41.6,13.0,1,15,0,False,
MOSPI_705747,Parasnath-Madhuban-Giridih new line,Railways,East Central Railway [ECR] - I,,903.0,903.0,0.0,0.0,0.0,0.0,61.0,90.5,24.0,1,15,0,False,
MOSPI_618672,4-lanning of Gyaraspur to Rahatgarh section of NH-146 from Design Ch. 88361 to Ch 124470 in the state of MP on HAM mode,Roads & Highways,NHAI,,903.0,592.44,169.82,0.07,35.0,2.0,36.2,22.6,0.0,0,15,0,False,
MOSPI_618563,4L of Madurai Ring Road Phase 1 [Vadipatti-Thamrapatti] from km 0.00 - km 29.960,Roads & Highways,NHAI,,900.0,900.05,903.57,0.17,99.0,0.0,39.3,93.3,53.0,1,15,0,False,
MOSPI_701586,Setting up of a Floating Storage and Regasification Unit [FSRU] - Mumbai,Shipping,Mumbai Port Trust [MPT],,900.0,900.0,65.0,0.0,0.0,0.0,71.4,69.5,0.0,0,15,0,False,
MOSPI_618384,Widening and Up-gradation to 2- Lane with Paved Shoulder Configuration and geometric improvement from Km. 166. 000 to Km 208.000 Package-4 on Aizawl Tuipang Section of NH-54 in the State of Mizoram Package-4,Roads & Highways,NHIDCL,,899.0,899.0,191.59,0.0,99.0,-1.0,42.8,83.5,17.0,1,15,0,False,
MOSPI_618405,"Construction of Intermediate Lane of Pango to Jorging Road from 0000 to Design Km Design Km 40000 Design Length 40.00 Km, Pkg-l, Greenfield Alignment in the State of Arunachal Pradesh on EPC mode Pkg-1",Roads & Highways,NHIDCL,,898.0,898.0,255.52,255.52,40.0,0.0,42.0,32.0,0.0,0,15,0,False,
MOSPI_618861,Bakhtiyarpur-Rajauli Pkg-II from km. 54.405 to km.101.630,Roads & Highways,NHAI,,897.0,1397.47,914.25,0.0,98.0,0.0,34.0,72.2,37.7,1,15,0,False,
MOSPI_618833,Kodinar - Veraval Package VI from km. 221.610 to km. 263.00 of NH-8E & km. 120.900 to km. 121.150 of NH-8D,Roads & Highways,NHAI,,894.0,1127.42,730.04,272.98,99.0,0.0,53.4,126.9,71.3,1,15,0,False,
MOSPI_706922,Guwahati-Dibrugarh via Tinsukia & Simaluguri-Dibrugarh,Railways,Central Organisation for Railway Electrification [CORE],,890.0,889.36,391.73,0.0,89.0,0.0,36.0,71.5,45.9,1,15,0,False,
MOSPI_618351,Widening & Upgradation to 2 lanes with paved shoulders road from Tamenglong to Mahur NH-137 in the State of Assam starting from km 156.489 near P. Leikul to km 176.410 near Borowapu on EPC mode under NHO-NE Assam portion Package-10,Roads & Highways,NHIDCL,,890.0,693.15,605.43,0.57,90.0,0.0,29.0,41.5,13.0,1,15,0,False,
MOSPI_400173,MOHANPUR EXPANSION OC -PHASE I,Coal,Eastern Coal Fields Limited [ECL],,889.0,889.0,153.96,10.67,32.0,0.0,64.6,70.1,48.0,1,15,0,False,
MOSPI_701128,Construction of New Integrated Passenger Terminal Building at Udaipur Airport,Aviation,Airport Authority of India [AAI],,887.0,887.0,587.22,21.81,79.0,4.0,32.6,38.8,6.6,1,15,0,False,
MOSPI_618919,4L PS from Mandlem Existing Km. 38.000/Design Km.30.600 to Atmakur Existing Km.73.000/Design Km 66.115 of NH340C  Package2,Roads & Highways,National Highways Authority of India [NHAI],,887.0,913.03,374.39,0.0,100.0,1.0,31.8,41.6,0.0,0,15,0,False,
MOSPI_618104,Widening to two lane with paved shoulders from Km 0/000 to Km 79/300 of Kalwakurthy - Kollapur section of NH-167K in the state of Telangana under annual plan 2021-22 on EPC mode under NHO.,Roads & Highways,MoRTH,,887.0,887.0,620.25,0.0,90.0,3.0,39.4,53.5,13.6,1,15,0,False,
MOSPI_400087,Redevelopment of Sobhasan Complex,Petroleum,Oil and Natural Gas Corporation Limited [ONGC],,886.0,1347.61,1062.32,24.95,96.0,2.0,67.5,61.1,0.0,0,15,0,False,
MOSPI_618870,4L PS from near Hemmige Village Periyapatna - Hassan Road Jn. to near Hunsur - KR Nagar Jn section from Km. 144.900 to Km. 169.000 of NH-275  Pkg. III,Roads & Highways,NHAI,,884.0,1726.65,447.11,9.34,28.0,4.0,49.8,43.2,9.8,1,15,0,False,
MOSPI_617256,Rebuilding of Coke Oven Battery No.7 & 8 at Bhilai Steel Plant,Steel,Steel Authority of India Limited [SAIL],,884.0,884.0,693.83,74.96,95.0,1.0,23.0,33.5,11.0,1,15,0,False,
MOSPI_618101,Kondamodu to Perecherla Section Design Ch. Km 000 to Km 49917 of NH-167AG to to 4LPS,Roads & Highways,MoRTH,,882.0,882.0,0.0,0.0,38.0,0.0,30.1,23.0,0.0,0,15,0,False,
MOSPI_619003,Solan - Kaithlighat Section of NH-22 Now NH-5 from Km. 106.139 to Km.129.05,Roads & Highways,NHAI,,882.0,1519.53,1347.79,2.67,90.0,0.0,37.3,101.6,66.4,1,15,0,False,
MOSPI_619181,Rehabilitation and Up gradation from 4 to 8 laning of Chandikhole  Paradip Section of NH-53 Old NH  5A from Km.60.000 to Km.76.646 Package-4,Roads & Highways,NHAI,,882.0,1009.92,196.67,0.04,36.0,3.0,43.2,41.7,14.0,1,15,0,False,
MOSPI_618197,Widening to 2 lane with Paved Shoulders of Medak - Siddipet section from Km 0/0 to km 69/978 of NH-765DG in the State of Telangana under Annual plan 2021-22 on EPC mode,Roads & Highways,MoRTH,,882.0,882.0,383.75,36.02,74.0,0.0,36.3,55.8,23.0,1,15,0,False,
MOSPI_619145,Four Laning of Una to Kodinar from km. 180.478 to km. 221.610 Package-V,Roads & Highways,NHAI,,878.0,1126.66,1008.79,0.02,100.0,0.0,41.7,126.9,67.7,1,15,0,False,
MOSPI_617216,3rd Line between Gudur Renigunta 83.17 Km,Railways,South Central Railway [SCR] - II,,877.0,877.0,206.02,0.67,0.0,0.0,29.9,23.4,0.0,0,15,0,False,
MOSPI_618743,Trichy 135.800 to Karur 218.000 section of NH-67 - Trichy Bypass,Roads & Highways,National Highways Authority of India [NHAI],,877.0,360.88,66.59,0.0,100.0,0.0,213.8,237.2,0.0,0,15,0,False,
MOSPI_618321,Construction of 4-Laning of West Serawlg-Sairang section  of NH-6 from Existing Chainage km 142000 to km 158900 Design Chainage km 123400 to km 136260 on Silchar - Vairengte - Sairang road in the State of Mizoram under Bharatmala Pariyojna on EPC mode under NHO-NE Package-8,Roads & Highways,NHIDCL,,876.0,876.0,288.34,288.34,14.0,0.0,56.6,31.1,0.0,0,15,0,False,
MOSPI_618253,Construction of missing link from Birhu to Lathiani from Km 35/550 Design chainage Km 0.000 to Km 42/800 Design Chainage Km 8.153on NH-503A including Lathiani Bridge on back water of Govindsagar and its approaches in Himachal Pradesh.,Roads & Highways,MoRTH,,871.0,896.86,0.0,0.0,0.0,0.0,69.2,38.8,0.0,0,15,0,False,
MOSPI_618311,Widening/lmprovement to 4-Lane with Paved shoulder for existing as well as Greenfield alignment of Badarpur  Churaibari section of NH-8 from Design chainage 87.700 Chandkhira to Km. 106.500 Churaibari section Assam-Tripura border in the state of Assam on HAM Mode Package-6,Roads & Highways,NHIDCL,,870.0,870.0,158.08,158.08,41.0,0.0,36.1,30.4,0.0,0,15,0,False,
MOSPI_400148,AMADAND OCP[4.0MTY],Coal,Ministry of Coal,,869.0,869.0,325.4,0.31,75.0,0.0,60.8,126.3,72.0,1,15,0,False,
MOSPI_618380,Widening and Up-gradation to 2- Lane with Paved Shoulder Configuration and geometric improvement from Km. 125. 000 to Km 166 Package-3 on Aizawl Tuipang Section of NH-54 in the State of Mizoram Package-3,Roads & Highways,NHIDCL,,867.0,867.0,525.13,365.58,98.0,0.0,42.8,83.5,38.2,1,15,0,False,
MOSPI_619100,Dhangaon - Borgaon section km 81.000 to km 139.000 [Indore - Edlabad Pkg IV],Roads & Highways,NHAI,,866.0,1185.04,746.57,0.21,100.0,0.0,43.0,80.4,36.9,1,15,0,False,
MOSPI_618320,Construction of 4-Laning of N. Kawnpui N. Mualvum Mualkhang via Khamrang Village section Package-7 of NH-6 from Existing Chainage km 127200 to km 142000 Design Chainage km 111850 to km 123400 on Silchar - Vairengte - Sairang road in the State of Mizoram on EPC mode,Roads & Highways,NHIDCL,,866.0,866.0,190.01,190.01,19.0,0.0,56.5,31.1,0.0,0,15,0,False,
MOSPI_709771,"City Gas Distribution Project at Beed, Jalgaon and Jalna Districts",Petroleum,Indian Oil Corporation Limited [IOCL],,865.0,865.0,89.23,4.38,3.0,0.0,114.5,54.0,0.0,0,15,0,False,
MOSPI_619167,4 Laning with PS of Pathrapalli-Katghora km 53.3 to km 92.6 Pkg-II of Bilaspur Kathghora,Roads & Highways,NHAI,,865.0,1275.26,853.85,2.47,93.0,0.0,35.5,80.9,47.9,1,15,0,False,
MOSPI_619141,Construction of four lane access controlled highway from Chillakuru cross road to Turpu KanupurPart 1 of Package - II km 0.000 131.500 of NH - 16 to km 23.770 on New NH-516W including six lane flyover and approaches on NH-16 length km 1.050 and six lane access controlled from Turpu Kanupur to Port South Gate Part 2 of Package - II km 23.770 to km 35.015 on New NH-516W in the state of Andhra Pradesh on HAM Mode under Bharatmala Pariyojana Phase I,Roads & Highways,NHAI,,864.0,844.39,358.97,0.0,56.0,2.0,39.9,49.2,3.0,0,15,0,False,
MOSPI_618820,Rehabilitation and Up gradation from 4 to 8 laning of Chandikhole  Paradip Section of NH-53 Old NH  5A from Km.39.000 to Km.60.00 Package-3,Roads & Highways,NHAI,,862.0,938.55,395.96,5.93,92.0,0.0,32.6,41.7,15.5,1,15,0,False,
MOSPI_618766,Up-gradation to Four Lane with Paved Shoulder configuration of the highway starting from existing km 88.400 Savali Vihir to km 163.400 start of Ahmednagar bypass Design Length  75.000 km section of NH-160 in the State of Maharashtra under Bharatmala Pariyojana on EPC Mode,Roads & Highways,NHAI,,862.0,617.93,298.45,0.22,49.0,0.0,30.0,22.6,0.0,0,15,0,False,
MOSPI_611047,"Construction of NTB complex including apron, taxi track and other associated civil works and electrical & mechanical installations towards Tawi River side at CA Jammu.",Aviation,Airport Authority of India [AAI],,861.0,861.37,370.44,16.9,58.0,3.0,32.4,35.2,5.3,0,15,0,False,
MOSPI_400139,KOTRE BASANTPUR PACHMO OCP,Coal,Ministry of Coal,,861.0,625.4,464.57,8.09,43.0,-3.0,139.8,73.4,0.0,0,15,0,False,
MOSPI_618943,Salem - Ulundurpet section from km 0.313 to km 136.670 of NH-68,Roads & Highways,National Highways Authority of India [NHAI],,861.0,1019.85,140.31,3.02,100.0,0.0,48.9,237.0,185.0,1,15,0,False,
MOSPI_701350,Upgradation of Facilities of Numaligarh-Siliguri Product Pipeline [NSPL] for transportation of additional products from existing 1.72 MMTPA to 5.5 MMTPA,Petroleum,Ministry of Petroleum & Natural Gas,,860.0,860.0,636.92,0.0,99.0,0.0,42.0,62.8,12.4,1,15,0,False,
MOSPI_618352,Widening & Upgradation to 2 lanes with paved shoulders road from Tamenglong to Mahur NH-137 in the State of Assam starting from km 136.500 near Hejaichak to km 156.489 near P. Leikul Package-9 on EPC mode under  NHO-NE Package-9,Roads & Highways,NHIDCL,,860.0,614.43,559.69,0.18,88.0,0.0,29.0,41.5,11.0,1,15,0,False,
MOSPI_618399,Construction of Kishtwar bypass with 2 lane with paved shoulder from Design Km. 80.675 Dulhasti to km 95.550 Bandarkoot  of 14.88 km & a link road to Kishtwar town from 0000 to 1.871 of length1.871 Km on Khellani - Kishtwar - Chattroo section in UT of Jammu and Kashmir on EPC Mode Pkg-4,Roads & Highways,NHIDCL,,860.0,860.0,363.03,2.56,51.0,0.0,28.8,65.5,46.2,1,15,0,False,
MOSPI_400018,HURA C OCP,Coal,ECL - CIL,,859.0,859.0,455.95,0.0,63.0,0.0,79.7,49.2,0.0,0,15,0,False,
MOSPI_618906,4L of Amritsar-Ghoman - Tanda - Una Section from Km 8.270 to Km 54.000 of NH-503A Package-I,Roads & Highways,NHAI,,858.0,1443.47,772.91,18.47,69.0,1.0,41.9,68.7,33.3,1,15,0,False,
MOSPI_618585,6L of Gonde Km. 439.038 to Pimpri Sado Km. 459.905 section of NH-848 Old NH-3,Roads & Highways,NHAI,,857.0,718.84,160.05,17.67,40.0,2.0,37.4,30.6,6.8,1,15,0,False,
MOSPI_618550,Corridor Efficiency Improvement including removal of black spots in Lakhanpur - Samba section of NH-44 from Chainage Km. 16.300 to Km. 74.100,Roads & Highways,NHAI,,856.0,215.68,203.55,0.19,75.0,0.0,23.9,51.0,30.1,1,15,0,False,
MOSPI_701269,"Construction of 80,000 MT LPG Cavern at Mangalore",Power,Ministry of Petroleum & Natural Gas,,854.0,854.0,712.3,0.0,99.0,0.0,36.0,12.0,32.4,1,15,0,False,
MOSPI_618044,Upgradation of Shahdol- Sagartola Section of NH 543 from km 0000 to km 69400 to 2 lane with paved shoulders under Hybrid Annuity Mode HAM in the State of Madhya Pradesh,Roads & Highways,MoRTH,,851.0,851.0,0.0,0.0,0.0,0.0,49.7,31.4,0.0,0,15,0,False,
MOSPI_400109,Purna Barrage-2 [Ner Dhamana] Medium Irrigation Project,Water Resources,Department of water resources-MH - II,,848.0,888.43,690.49,0.0,70.0,1.0,39.0,113.5,72.0,1,15,0,False,
MOSPI_618354,Wideinig & Upgradation to 2-lanes with paved shoulders road from Tamenglong to Mahur NH-137 in the State of Assam starting from km 96.870 near Jiri River to km 116.550 near Hangrum Package-7 on EPC mode Package7,Roads & Highways,NHIDCL,,847.0,847.0,481.81,481.81,90.0,0.0,26.7,33.1,9.9,1,15,0,False,
MOSPI_618612,Deogarh near Dhandhaniya-Rajasthan/Gujarat Border Phase-I AJ/DRGB-Package-6,Roads & Highways,NHAI,,847.0,740.62,705.48,0.77,100.0,0.0,46.3,83.5,36.7,1,15,0,False,
MOSPI_618523,Bhadrak KM 136.500 to Baleshwar KM 199.141,Roads & Highways,NHAI,,845.0,1394.82,783.98,0.19,91.0,0.0,81.6,141.6,62.5,1,15,0,False,
MOSPI_619224,Augmentation of DUPL-DPPL Pipeline,Petroleum,Gas Authority of India Limited [GAIL],,844.0,844.0,1.2,0.59,8.0,1.0,33.0,14.8,0.0,0,15,0,False,
MOSPI_613002,Redevelopment of Chennai Egmore Station,Railways,Ministry of Railways,,842.0,842.0,340.0,0.0,0.0,0.0,46.2,51.7,0.0,0,15,0,False,
MOSPI_616594,Interception & Diversion with Rehabilitation of sewerage scheme at Agra under Hybrid annuity based PPP model-Namami Gange Programme,Water Resources,National Mission for Clean Ganga,,842.0,842.0,208.64,0.0,84.0,1.0,59.8,76.3,20.0,1,15,0,False,
MOSPI_619111,6L Jakkuva  Korlam Section of NH-130CD Road from km 396.800 to km 421.100 Pkg 2,Roads & Highways,NHAI,,841.0,840.51,573.9,0.01,100.0,1.0,37.6,67.1,28.5,1,15,0,False,
MOSPI_618161,Widening and Reconstruction of existing road to four lane from Km.56400 to Km 120300 i.e. from B.Kothapalli Junction to Gorantla excluding Kadiri Bypass from Km 70200 to Km 77105 of NH 716G in the State of Andhra Pradesh on EPC mode Job no. 742,Roads & Highways,MoRTH,,840.0,840.0,360.45,4.89,99.0,0.0,45.0,53.5,0.0,0,15,0,False,
MOSPI_619070,Tumkur-Chitradurga,Roads & Highways,National Highways Authority of India [NHAI],,839.0,47.44,8.42,0.18,100.0,0.0,43.5,196.9,150.9,1,15,0,False,
MOSPI_619131,Four Laning of Chettikulam to Natham section of NH-785,Roads & Highways,NHAI,,838.0,823.93,641.93,472.61,100.0,0.0,31.7,102.1,67.8,1,15,0,False,
MOSPI_618093,Up-gradation to 2 lane with Paved shoulder from Charbhuja at Design km 0.00 existing km 150.00 to Neechli Oden Nathdwara at Design ch. Km 88.800 existing km 55.950 of NH-162E on EPC mode.,Roads & Highways,MoRTH,,838.0,838.0,55.04,0.0,0.0,0.0,43.6,55.2,0.0,0,15,0,False,
MOSPI_709845,"Revamping of SV Stations, Gas Terminal & Kribhco Terminal",Petroleum,Oil and Natural Gas Corporation Limited [ONGC],,837.0,1119.86,469.99,18.38,71.0,1.0,45.0,45.5,0.0,0,15,0,False,
MOSPI_124199,Amended BharatNet Program - HR,Telecommunications,Department of Telecommunications,,837.0,837.0,83.68,0.0,0.0,0.0,67.6,37.4,0.0,0,15,0,False,
MOSPI_400369,BINA KAKRI AMALGAMATION EXPANS,Coal,NCL - CIL,,836.0,836.0,917.1,2.2,92.0,0.0,43.2,72.7,36.0,1,15,0,False,
MOSPI_709809,KALYAN-MURBAD VIA ULHASNAGAR  [UMBRELLA WORK],Railways,Central Railway [CR] - II,,836.0,836.0,9.29,0.0,1.0,1.0,36.0,12.0,0.0,0,15,0,False,
MOSPI_619229,"Integrated development of Outer Container Terminal and berth No. 1 though 5 NSD at KDS, SMPK on DBFOT basis through PPP mode",Shipping,Syama Prasad Mookerjee Port Kolkata,,832.0,832.0,0.0,0.0,0.0,0.0,41.2,17.7,0.0,0,15,0,False,
MOSPI_240484,Amended BharatNet Program - AS,Telecommunications,Department of Telecommunications,,832.0,832.0,83.16,0.0,0.0,0.0,67.6,37.4,0.0,0,15,0,False,
MOSPI_618747,Khammam-Devarapalle Pkg III [4L Access Controlled Greenfield from Chintagudem village to Recherla village Design Chainage 63117 to 105236],Roads & Highways,NHAI,,830.0,1227.07,649.55,0.0,99.0,0.0,44.1,67.7,23.1,1,15,0,False,
MOSPI_400043,Laying of POL Pipelines in Common Corridor for proposed grass root terminal at Vallur [Chennai],Power,Ministry of Petroleum & Natural Gas,,829.0,829.0,382.96,0.49,80.0,-1.0,51.9,55.5,10.0,1,15,0,False,
MOSPI_618796,Tanot -Ramgarh-Bhadasar-Jaisalmer NH-68 and BhadasarMokal-Sarkaritala up to Pakisthan Border NH-968 Pkg-BM/5,Roads & Highways,NHAI,,829.0,830.37,755.88,61.41,100.0,0.0,37.9,102.7,64.3,1,15,0,False,
MOSPI_618542,4L of existing Wayul  Ganderbal  Pandach Soura section of old NH-1 as a part of Srinagar Ring Road Phase  IIA,Roads & Highways,NHAI,,828.0,828.0,265.02,2.19,0.0,0.0,41.0,21.0,0.0,0,15,0,False,
MOSPI_400077,"Grass root POL Terminal at Vallur, Chennai",Power,Indian Oil Corporation Limited [IOCL],,827.0,887.71,649.51,2.5,90.0,-3.0,35.0,55.5,14.9,1,15,0,False,
MOSPI_619143,4L Access Controlled Greenfield Highway section on NH-163G Khammam  Vijayawada from BrahmanapalliK village at Design Ch. 250.400 Km to Remidicherla village at Design Ch. 280.200 KmPackage-II,Roads & Highways,NHAI,,826.0,862.58,175.85,0.0,26.0,0.0,48.1,41.8,3.2,0,15,0,False,
MOSPI_705492,Kadur - Chickamagalur - Sakleshpur [93km],Railways,South Western Railway [SWR] - II,,825.0,825.0,799.76,9.04,83.0,0.0,137.1,151.6,6.0,1,15,0,False,
MOSPI_616611,Sewage Treatment Plant  100MLD  and Sewerage Network 288 km in Digha-Patna under Hybrid annuity based PPP mode-Namami Gange Programme,Water Resources,National Mission for Clean Ganga,,824.0,824.0,403.34,6.63,59.0,3.0,100.6,109.1,9.0,1,15,0,False,
MOSPI_400178,DINESH[MAKARDHOKRA-III] OC,Coal,WCL - CIL,,823.0,823.0,792.0,0.52,41.0,0.0,85.6,79.1,0.0,0,15,0,False,
MOSPI_618205,"Construction of 4 lane with paved shoulder from Existing Ch. 14200 to 24320 Design Ch. 14200 to 24400, Ch. 33760 to 42780 Design Ch. 35300 to 44294 & Ch. 43440 to 47020 Design Ch. 44958 to 48500 Delina Flyover  including construction of flyover length 1.704 km of total length 22.736 kms in AOR of 760 BRTF on road SRINAGAR BARAMULA  URI NH-01 in the UT of Jammu & Kashmir under project BEACON, Border Roads Organization BRO  Package-IJob No NH-1-J&K-2022-23-110",Roads & Highways,MoRTH,,823.0,823.0,298.96,6.48,86.0,0.0,37.8,50.6,16.2,1,15,0,False,
MOSPI_618626,Four laning from Dive Ghat Km. 220.900 to Hadapsar Km. 234.150 of Mohol  Alandi section Pkg  VI of NH-965,Roads & Highways,NHAI,,820.0,400.0,141.4,18.6,70.0,5.0,34.0,33.0,5.9,0,15,0,False,
MOSPI_611614,Dedicated Test Track for RDSO Phase II,Railways,North Western Railway [NWR],,819.0,967.06,471.0,0.0,86.0,0.0,60.9,58.4,0.0,0,15,0,False,
MOSPI_705752,Gudha-Thatha Mithri Construction of Railway Track Project,Railways,North Western Railway [NWR],,819.0,967.06,471.0,65.61,98.0,3.0,92.0,89.5,0.0,0,15,0,False,
MOSPI_705362,"Jaynagar-Bijalpura, incl. extn. Bet, Bijalpura-Bardibas [Nepal]",Railways,East Central Railway [ECR] - I,,819.0,819.0,588.32,7.72,75.0,0.0,79.3,132.8,48.0,1,15,0,False,
MOSPI_618329,Construction of 4/6 Laning from Km 132.375 to Km 153.058 Total New Alignment length of 20.683 Km  of Daboka-Dimapur Section Dimapur Bypass Nagaland Portion of NH-36 & 39 in the State of Nagaland on EPC basis  under PhaseA of SARDP-NE,Roads & Highways,NHIDCL,,819.0,819.0,0.0,0.0,0.0,0.0,42.6,114.9,29.8,1,15,0,False,
MOSPI_618699,Pipli Bhavnagar-Package 1 from km 136.025 to km 169.328,Roads & Highways,National Highways Authority of India [NHAI],,819.0,1297.38,188.7,0.0,100.0,0.0,42.1,102.5,0.0,0,15,0,False,
MOSPI_618448,Construction of 2-Laning with Paved Shoulder of New Greenfield Alignment From Chochenpheri at Km 52000 to Helipad near Menla at Km 82000 of Rhenock-Menla Spur NH-717B Package-IIIA on EPC Basis under SARDP-NE Phase 'A' in the State of Sikkim.,Roads & Highways,NHIDCL,,817.0,786.6,474.96,442.68,64.0,1.0,38.0,71.3,41.3,1,15,0,False,
MOSPI_618880,Rehabilitation and Up-gradation to 4L configuration & Strengthening of Thanpuri to Paror section from Km 85.135 to Km 100.840 of NH-154 Pkg-IIC,Roads & Highways,NHAI,,816.0,666.79,496.91,10.18,57.0,2.0,41.0,50.3,16.8,1,15,0,False,
MOSPI_619123,6L  Access Controlled Greenfield Highway from Narayanmpet Ch. 203500 to Chandrasekharpuram Ch. 228000Package-10,Roads & Highways,NHAI,,814.0,678.21,223.35,0.3,66.0,0.0,35.5,42.7,17.6,1,15,0,False,
MOSPI_705638,Kumbalam-Turavur - Patch doubling 15.59 km,Railways,CAO/CN/ERS SR mor,,813.0,1171.46,395.03,102.88,30.0,15.0,47.9,41.4,0.0,0,15,0,False,
MOSPI_709858,OPTICAL TRANSPORT NETWORK [OTN] PH-4 IN BSNL,Telecommunications,BSNL,,811.0,811.0,786.86,0.56,100.0,0.0,17.9,30.9,3.5,0,15,0,False,
MOSPI_618809,4L of Beas-Mehta-Batala-Dera Baba Nanak from intersection with Jalandhar-Amritsar Highway NH-3 near Beas till start of Batala Bypass near Village Acchhal from Km. 0.000 to Km. 31.300 Pkg-1,Roads & Highways,NHAI,,810.0,966.99,670.85,1.13,68.0,0.0,46.2,61.0,23.3,1,15,0,False,
MOSPI_617937,Udgir Raavi Degloor Aadampur phata to Sagroli fata,Roads & Highways,MoRTH,,810.0,810.0,0.93,0.93,12.0,0.0,40.4,21.5,0.0,0,15,0,False,
MOSPI_400006,Jharsuguda-Barpali-Sardega Ph II Works- Rail Connectivity for Coal Loading Bulb at Barpali.,Railways,South Eastern Railway [SER] - I,,809.0,809.0,743.46,0.0,44.0,4.0,48.9,59.3,14.0,1,15,0,False,
MOSPI_618052,Gorantla - Hindupur section from Km 120/300 to 165/000 of NH716G in the State of Andhra Pradesh,Roads & Highways,MoRTH,,809.0,809.0,0.0,0.0,38.0,9.0,34.0,23.0,0.0,0,15,0,False,
MOSPI_618294,Improvement and Widening of National Highway No. 127B Darugiri - Songsak - Williamnagar Junction Section to two lane with paved shoulder from design Km 0000 to Km 36635 Design length 36.635 Km existing Km 112000 to Km 151060 of NH-1278 under Bharatmala Pariyojana Lot-1 Pkg-1B Meghalaya portion,Roads & Highways,NHIDCL,,801.0,801.0,176.55,0.43,27.0,1.0,53.9,41.5,0.0,0,15,0,False,
MOSPI_616841,Pushkar - Merta Katyasani  51.346 km,Railways,CAOC/NWR NWR mor,,800.0,799.64,242.08,17.37,7.0,-1.0,34.6,31.0,24.0,1,15,0,False,
MOSPI_400073,KONAR EXPANSION OCP,Coal,Ministry of Coal,,799.0,799.0,433.64,0.0,53.0,7.0,122.2,55.7,0.0,0,15,0,False,
MOSPI_618224,Rehabilitation and up-gradation to 2 lane with paved shoulder from existing chainage km 49150 to km 64535 Design chainage km 46.450 to km 55.800 including construction of Sungal Tunnel Total length of Tunnel 2.79 km under 13 TF on Akhnoor-Poonch road NH-144A under Project Sampark BRO in the UT of Jammu & Kashmir on EPC mode Package-II Job no  NH-144A-J&K-2019-20-78,Roads & Highways,MoRTH,,797.0,797.0,440.97,0.0,92.0,0.0,53.0,77.9,24.3,1,15,0,False,
MOSPI_619115,4L of Byrapura to Challakere Section from km 308.550 to km 358.500 of NH-150 A,Roads & Highways,National Highways Authority of India [NHAI],,797.0,1195.54,201.53,123.63,100.0,0.0,33.2,101.7,5.1,0,15,0,False,
MOSPI_618711,6L with access control provision Saharanpur bypass to Ganeshpur section from 13.89 Km to 41.820 Km of Delhi- Dehradun Economic Corridor package-2,Roads & Highways,NHAI,,797.0,560.03,508.43,0.75,99.0,0.0,30.2,52.6,21.9,1,15,0,False,
MOSPI_618746,Khammam-Devarapalle Pkg I [4L  Access Controlled Greenfield from Thallampadu village to Somavaram village Design Chainage 0000 to 33604],Roads & Highways,NHAI,,797.0,1337.18,684.62,0.11,97.0,1.0,45.2,67.7,23.2,1,15,0,False,
MOSPI_618688,Outer Ring Road of Jabalpur Town from  Amjhar Road including Airport Connectivity to barela Pkg-V,Roads & Highways,NHAI,,795.0,539.9,105.34,20.97,32.0,2.0,35.4,22.6,0.0,0,15,0,False,
MOSPI_619157,4 Laning of Talcher to end of Kamakhyanagar Bypass km 8.844 - km 15.725 of NH-149 and km 301.875 - km 335.946 of NH-53 Pkg-I,Roads & Highways,NHAI,,795.0,810.71,715.74,2.12,99.0,0.0,43.1,104.0,62.4,1,15,0,False,
MOSPI_705498,Kalyan-Kasara - 3rd line 67.62 km,Railways,CAOC/CR CR mor,,793.0,1395.5,1159.82,71.44,73.0,0.0,135.5,132.0,0.0,0,15,0,False,
MOSPI_618310,Widening/lmprovement to 4-L of Karimgani - sutarkandi section of NH 37 from design Ch 0020 Start of proposed Karimganj Bypass from NH -8 to design Chainage Km 14380 near Sutarkandi Spur Connectivity to Indo/Bangladesh Border on Silchar-Churaibari  in the State of Assam on HAM Mode Package-7,Roads & Highways,NHIDCL,,792.0,792.0,135.54,135.48,42.0,0.0,36.0,30.6,0.0,0,15,0,False,
MOSPI_618665,4L of Sagar - Mohari from Km.8 to Km.50 Pkg-I,Roads & Highways,National Highways Authority of India [NHAI],,791.0,660.38,454.77,0.23,99.0,0.0,37.0,66.4,25.8,1,15,0,False,
MOSPI_619213,6L of Hatibena - Badakumari Section from Km 146.50 to km 179.00 of NH-130-CD Package  OD-2,Roads & Highways,NHAI,,791.0,1070.63,733.61,0.03,100.0,0.0,36.6,67.1,30.0,1,15,0,False,
MOSPI_619158,4 Laning of Duburi Chandikhole from km 388.376 to km 428.074 Pkg-III,Roads & Highways,NHAI,,789.0,907.61,724.96,0.1,86.0,0.0,54.6,103.8,50.7,1,15,0,False,
MOSPI_618610,6L of Jodhpur Romana Bathinda - Mandi Dabwali Punjab Haryana Border section of NH-54 from km. 0.000 to km. 27.400 of NH-54,Roads & Highways,NHAI,,789.0,1318.91,719.18,30.5,99.0,0.0,62.7,75.9,12.7,1,15,0,False,
MOSPI_618148,Widening to 4LPS of NH-548B from Km 80.000 Near Murgundi to Km 140.200 Near Chikkodi excluding length from Km 118.450 to Km 128.450 in the State of Karnataka under NH O on EPC Mode under Annual Plan 2022-23 - Package  1 NH-548B-KNT-2022-23-979 dated 09.03.2023,Roads & Highways,MoRTH,,786.0,786.0,6.15,6.15,0.0,0.0,61.5,42.2,0.0,0,15,0,False,
MOSPI_619101,4L Shahpur to Muktainagar from Km. 186.000 to km 216.278  of NH 753L Pkg II of Boregaon Buzurg to Muktainagar,Roads & Highways,NHAI,,784.0,659.52,330.42,0.0,64.0,0.0,39.4,45.5,7.6,1,15,0,False,
MOSPI_618963,Construction work of 4-laning of Shahganj bypass end to Badi Package-IV of NH-146B from design km 102.000 to design km 142.357 Design length 40.357 km,Roads & Highways,NHAI,,784.0,836.64,318.16,0.01,52.0,2.0,36.8,30.6,0.0,0,15,0,False,
MOSPI_618948,4L of NH-80 section of Mirza Chauki to Farakka section from existing km 190.00 to design km 200.75 junction at km 3.100 of NH 133 B and from existing km 260.00 to existing km 283.00 design km 274.133 in the state of Jharkhand  package - II,Roads & Highways,NHAI,,782.0,782.0,224.06,21.37,9.0,3.0,35.1,18.6,0.0,0,15,0,False,
MOSPI_618452,"2-laning of Zorinpui - Longmasu section of NH-502A from km 0.000 to km 28.244 in the State of Mizoram on EPC mode under NHO-NE, stretch of IMBR",Roads & Highways,NHIDCL,,782.0,782.0,48.26,0.12,5.0,0.0,45.6,42.9,6.9,1,15,0,False,
MOSPI_617966,Rehabilitation and Upgrading to 2 lanes/2-lane with paved shoulders configuration and strengthening of of Birpur and Bihpur Section from km 0.0 to Km 106 of NH  106 under phase I of National Highways Interconnectivity Improvement Projects NHIIP ICB No.  NHIIP-BR-106-7 [NHIIP-BR-106-7],Roads & Highways,MoRTH,,781.0,961.33,0.04,0.0,100.0,0.0,69.0,152.4,85.0,1,15,0,False,
MOSPI_400151,NORTH URIMARI EXPANSION OCP,Coal,Ministry of Coal,,779.0,779.0,696.05,0.0,68.0,1.0,92.6,62.1,0.0,0,15,0,False,
MOSPI_618615,Sanchore - Santalpur from km 99.000 - km 130.073 of NH-754K AJ-RGBS-Package-4,Roads & Highways,NHAI,,778.0,835.55,767.83,3.83,100.0,0.0,36.6,78.9,41.2,1,15,0,False,
MOSPI_617988,Sangameswaram - Atmakuru section   from Km 96 to Km 124    & Velegodu- Nandyal section   including Nandyal Bypass      from Km 143/6 to 185/9       NH-167K,Roads & Highways,MoRTH,,776.0,644.14,0.0,0.0,42.0,6.0,33.4,23.0,0.0,0,15,0,False,
MOSPI_616856,Doubling between Bhadrachalam Road and Dornakal,Railways,South Central Railway [SCR] - II,,770.0,770.0,87.94,0.01,0.0,0.0,67.5,36.6,0.0,0,15,0,False,
MOSPI_617215,Doubling between Parbhani  Parli Vaijanath stations  64.71 Km,Railways,South Central Railway [SCR] - II,,770.0,770.0,197.62,0.56,0.0,0.0,51.8,33.3,0.0,0,15,0,False,
MOSPI_701377,Upper Tunga Irrigation Project,Water Resources,Water Resources-KA,,770.0,1606.07,1515.6,0.0,99.0,0.0,69.0,149.5,75.0,1,15,0,False,
MOSPI_618381,Widening and up-gradation to 2-lane with paved shoulder configuration and geometric improvements from km 250.00 Lunglei to km 298.00 on Aizawl-Tuipang section under JICA ODA Loan assistance Phase-I Package-6,Roads & Highways,NHIDCL,,769.0,769.0,168.78,0.0,98.0,-1.0,44.5,83.5,21.5,1,15,0,False,
MOSPI_709779,Capacity Expansion of Digboi Refinery from 0.65 to 1.0 MMTPA,Petroleum,Indian Oil Corporation Limited [IOCL],,768.0,740.0,250.84,25.64,60.0,1.0,44.3,50.6,16.8,1,15,0,False,
MOSPI_619166,Umagaon-Saharsa Package-V Bakaur-Parsarma-Bangaon-Bariyahi & Spur to Mahishi,Roads & Highways,NHAI,,768.0,968.42,509.32,6.3,100.0,0.0,38.2,47.3,8.5,1,15,0,False,
MOSPI_462136,"Amended BharatNet Program - MGH, MZM, TRP",Telecommunications,Department of Telecommunications,,768.0,768.0,0.0,0.0,0.0,0.0,68.2,37.4,0.0,0,15,0,False,
MOSPI_618521,Karaipettai to Walajapet from Km 71.015 to 107.091,Roads & Highways,NHAI,,767.0,766.51,613.76,0.26,94.0,0.0,30.1,97.2,66.1,1,15,0,False,
MOSPI_400352,JHARKHAND-LAIYO OCP,Coal,Ministry of Coal,,765.0,765.0,145.81,0.0,32.0,3.0,127.1,72.7,0.0,0,15,0,False,
MOSPI_660056,Amended BharatNet Program - KL,Telecommunications,Department of Telecommunications,,765.0,765.0,94.95,0.0,2.0,0.0,58.4,37.4,0.0,0,15,0,False,
MOSPI_618931,4L PS from Ch. 179.780 in Bitada/Movi Village to Ch. 208.900 in Nasarpore Village of NH-56 Pkg-V,Roads & Highways,NHAI,,764.0,566.96,82.38,2.82,10.0,2.0,56.8,42.4,0.0,0,15,0,False,
MOSPI_707410,Integrated Multi Modal Logistics Hub at Nangal Chaudhary in Haryana - Other Trunk Infrastructure Development Phase 1,Logistics Infrastructure,NICDC,,763.0,763.0,430.0,0.0,60.0,0.0,67.5,100.0,52.5,1,15,0,False,
MOSPI_618150,Rehabilitation and Up-gradation of i. Deogaon phata to Digras phata Ch. 0/000 to 15/000 & Selu to Borgavhan Ch 20/900 to 35/800 [Length 29.9km] ii. Injegaon Dhamoni to Pohner Phata Ch.58/200 to Ch. 83/700 [Length25.5 km] and iii. Pohner phata to Pathri Design Ch. 42/700 to 58/200 [Length 15.5 km] sections of NH-548B to Two lane with paved shoulder configuartion in the state of Maharashtra on EPC mode Total project length  70.9 Km.,Roads & Highways,MoRTH,,762.0,762.0,0.0,0.0,15.0,0.0,37.7,30.0,0.0,0,15,0,False,
MOSPI_618333,Widening to 2 lane with Paved shoulder of lmphal to Jiribam section of NH-37 from Design Ch. from km 169570 Near Nungkao vlllage under Tamenglong District to km 205974 near Jiribam Bridge under Jiribam district  under NHO-NE PKG-7,Roads & Highways,NHIDCL,,760.0,760.0,428.13,3.83,93.0,0.0,35.8,44.4,11.6,1,15,0,False,
MOSPI_400094,J. ChokhaRao LIS CADWM Project,Water Resources,Irrigation and CAD-TG,,760.0,13445.4,0.0,0.0,0.0,0.0,36.0,12.0,39.0,1,15,0,False,
MOSPI_705774,Aligarh -Daud Khan Flyover Construction & 3rd Railway Line Project,Railways,CAO/C/NCR,,758.0,779.49,511.12,26.61,83.0,0.0,70.0,89.5,25.9,1,15,0,False,
MOSPI_617246,Up-gradation of Blast Furnace No. 3 at Durgapur Steel Plant,Steel,Steel Authority of India Limited [SAIL],,758.0,758.0,316.01,29.65,62.0,20.0,37.7,24.2,0.0,0,15,0,False,
MOSPI_618379,Widening and Up-gradation to 2- Lane with Paved Shoulder Configuration and geometric improvement from Km. 208. 000 to Km 250.000 Package-5 on Aizawl Tuipang Section of NH-54 in the State of Mizoram Package-5,Roads & Highways,NHIDCL,,753.0,753.0,125.64,0.02,95.0,0.0,42.8,83.5,38.2,1,15,0,False,
MOSPI_618614,Sanchore - Santalpur from km 67.000 - km 99.000 of NH-754K AJ-RGBS-Package-3,Roads & Highways,National Highways Authority of India [NHAI],,752.0,765.25,569.58,0.15,99.0,0.0,41.7,78.9,34.2,1,15,0,False,
MOSPI_618717,6L Access Controlled Greenfield Highway from Vanavolu Ch. 24300 to Vankarakunta Ch. 45700 of [NH-544G]  Package-2,Roads & Highways,NHAI,,751.0,626.91,261.4,11.17,87.0,1.0,37.9,44.4,12.0,1,15,0,False,
MOSPI_619146,Kagvadar - Una Package-IV,Roads & Highways,NHAI,,751.0,955.78,833.12,469.7,98.0,0.0,42.9,126.9,82.5,1,15,0,False,
MOSPI_400115,Bargi Diversion Project Phase - IV [km. 154 to km 197],Water Resources,Water Resources-MP,,751.0,893.35,814.02,30.92,75.0,0.0,141.0,221.5,75.0,1,15,0,False,
MOSPI_400186,TILABONI UG,Coal,Eastern Coal Fields Limited [ECL],,749.0,749.07,53.97,0.0,12.0,0.0,73.9,43.5,0.0,0,15,0,False,
MOSPI_705762,Construction of New BG line between Hassan [Alur] to Belur [ Km 27.34],Railways,CAOC/SWR SWR mor,,749.0,749.0,3.64,2.49,0.0,0.0,94.4,86.9,8.0,1,15,0,False,
MOSPI_400023,Construction of New BG line between Hassan to Belur [27 Km],Railways,South Western Railway [SWR] - II,,749.0,749.0,3.43,2.49,0.0,0.0,110.0,90.5,23.0,1,15,0,False,
MOSPI_705741,Jeypore - Navarangpur 38 km,Railways,CAO/C/ECOR ECoR mor,,748.0,747.91,15.93,0.02,1.0,-1.0,132.9,110.4,17.0,1,15,0,False,
MOSPI_617320,New B.G Railway Line between Jeypore & Navarangpur [38 Km] with Electrification,Railways,Indian Railway and Govt of Odisha,,748.0,748.0,7.21,1.5,0.0,0.0,98.6,110.4,0.0,0,15,0,False,
MOSPI_705482,Dholpur - Sirmuttra Gauge Conversion,Railways,North Central Railway,,747.0,747.0,509.8,17.85,50.0,0.0,36.0,53.5,96.0,1,15,0,False,
MOSPI_619124,6L Access Controlled Greenfield Highway from Polavaram Ch. 260000 to Marripudi Ch. 285500 of [NH-544G]Package-12,Roads & Highways,NHAI,,747.0,626.83,250.93,8.31,70.0,0.0,35.7,42.9,15.6,1,15,0,False,
MOSPI_618286,Construction of New 2-Lane Bridge with its approaches from km 0000 to Km 4385 across River Brahmaputra on NH-17 at Jogighopa in Assam on EPC mode,Roads & Highways,NHIDCL,,747.0,747.0,435.79,8.88,81.0,0.0,38.0,60.2,25.2,1,15,0,False,
MOSPI_617943,4-laning of Navelim to Cuncolim Section of NH-66 from Km 554.245 to Km 561.480 on HAM Mode,Roads & Highways,MoRTH,,747.0,747.0,0.0,0.0,0.0,0.0,46.0,20.8,0.0,0,15,0,False,
MOSPI_706950,Hospet-Hubli-Vasco da Gama Line Electrification Project,Railways,RVNL,,744.0,1122.62,1163.32,0.18,100.0,0.0,92.3,133.9,39.0,1,15,0,False,
MOSPI_400095,Gosikhurd CADWM Project,Water Resources,Department of water resources-MH - II,,744.0,744.0,459.06,0.64,54.0,0.0,33.0,113.5,78.0,1,15,0,False,
MOSPI_619295,Four/Six laning of Bhaniyawala-Jollygrant-Rishikesh spur section of NH-07 from Km. 0.000 to Km 19.780,Roads & Highways,NHAI,,742.0,664.92,13.35,0.88,0.0,0.0,57.9,43.4,0.0,0,15,0,False,
MOSPI_618363,Construction of 2-laning with hard shoulder configuration of Chhumkhum to Tlabung from Design Chainage Km 37.420 to Km 74.950 of NH-302 in Mizoram under Bharatmala Pariyojana on EPC mode [Pkg-B],Roads & Highways,NHIDCL,,741.0,741.0,494.49,62.24,61.0,0.0,18.4,62.6,47.7,1,15,0,False,
MOSPI_400117,Arjun Sahayak Project,Water Resources,Irrigation & Water Resources-UP,,741.0,2465.68,3218.3,0.0,100.0,0.0,36.0,12.0,0.0,0,15,0,False,
MOSPI_618890,2L PS of Hamirpur Bypass from Km 121.175 to Km.138.295 of NH-103&3,Roads & Highways,NHAI,,739.0,754.82,369.94,0.35,94.0,1.0,38.1,48.7,14.1,1,15,0,False,
MOSPI_618707,Additional works under BM1 to ensure road safety under 6L of Bengaluru  Mysuru Access control with close toll from Km.17.300 to  Km.136.300 of NH-275,Roads & Highways,NHAI,,738.0,738.0,32.83,14.92,13.0,3.0,38.3,22.2,3.9,0,15,0,False,
MOSPI_618838,4L of Karwar Km. 281.980 of NH-62 Nagaur road to Dangiyavas of Jodhpur Ring Road Pkg-II,Roads & Highways,NHAI,,737.0,512.77,470.4,6.42,100.0,0.0,33.0,57.6,23.1,1,15,0,False,
MOSPI_400102,Sri Ram Sagar Project Stage - II,Water Resources,Irrigation and CAD-TG,,736.0,949.87,971.47,0.0,97.0,0.0,284.9,365.4,72.0,1,15,0,False,
MOSPI_400254,Sakri-Hasanpur 79 km,Railways,CAO/Con/North/MHX ECR mor,,735.0,802.45,615.69,26.32,80.0,-4.0,12.5,33.0,26.9,1,15,0,False,
MOSPI_705363,Sakri-Hasanpur Road New  Rail Line Project,Railways,East Central Railway [ECR] - I,,735.0,735.0,605.0,0.0,78.0,0.0,309.0,329.5,2.8,0,15,0,False,
MOSPI_618221,Rehabilitation and upgradation to 2 lane with paved shoulder from existing chainage Km 166.100 to Km 192.98 design chainage Km 146.700 to Km 162.800 including construction of Bhimber Gali Tunnel Total Length of Tunnel 1.100 Km under 31 BRTF on Akhnoor-Poonch Roads on EPC mode NH-144A Package-VII,Roads & Highways,MoRTH,,735.0,735.0,0.0,0.0,60.0,10.0,58.5,60.0,12.0,1,15,0,False,
MOSPI_400280,Phase II extension of MRTS from Velachery to St Thomas Mount,Railways,Ministry of Railways,,734.0,734.01,486.53,1.62,100.0,0.0,212.3,226.0,2.2,0,15,0,False,
MOSPI_400177,AMALGAMATED YEKONA I & YEKONA,Coal,WCL - CIL,,727.0,727.0,564.25,1.0,81.0,0.0,115.6,133.1,24.0,1,15,0,False,
MOSPI_618367,Improvement and Widening to 2-lane with paved shoulder of road from design Km 72.000 Pati Chhari to design Km 107.654 Harina Total length 35.654 Km on Teliamura to Harina section of NH 208 in the state of Tripura on EPC mode under JICA ODA Loan Phase VI Package-4,Roads & Highways,NHIDCL,,727.0,727.0,259.36,45.86,9.0,0.0,35.3,32.2,6.3,1,15,0,False,
MOSPI_618199,"Rehabilitation, Upgradation & Widening of existing Highway to Rigid Pavement 2 Lane with Paved Shoulder of NH 965DD from Lonand Shirval-Bhor Mandangad-Pchral Section ShindewadiPhata to Varandah Ghat Dist Border from Km 33/550 to 92/550 in the state of Maharashtra on EPC mode.",Roads & Highways,MoRTH,,723.0,723.0,168.06,168.06,54.0,2.0,41.3,42.8,3.0,0,15,0,False,
MOSPI_705588,Janghai-Pratapgarh- Amethi,Railways,CAO/C/II/NR,,722.0,1194.0,1729.27,37.75,70.0,0.0,88.6,106.1,12.0,1,15,0,False,
MOSPI_618324,Construction of 2-lane Aizawl Bypass from km 15.200 to km 34.500 Package-3 on Sairang - Phaibawk section of NH-6 in the State of Mizoram under Bharatmala Pariyojna on EPC Mode under NHO-NE,Roads & Highways,NHIDCL,,721.0,721.0,102.62,102.62,15.0,0.0,68.4,42.5,0.0,0,15,0,False,
MOSPI_619294,Road Safety Improvement of existing four lane section of Dehradun-Lal Tappar-Nepali Farm Section of NH-7 and Nepali Farm-Motichur NH-34 on EPC Mode in Uttarakhand under NHO.,Roads & Highways,NHAI,,721.0,388.19,10.86,8.16,5.0,0.0,38.5,15.5,0.0,0,15,0,False,
MOSPI_618318,4-Laning of Kolasib - Sethawn section Package-5 of NH-6 from Existing Chainage km 86000 to km 107850 Design Chainage km 77500 to km 95500 on silchar - vairengte - sairang road under Bharatmala Pariyojna on EPC mode under NHO-NE Vairengte - Sairang Pkg-5,Roads & Highways,NHIDCL,,720.0,720.0,259.85,12.71,12.0,0.0,67.6,57.9,0.0,0,15,0,False,
MOSPI_617955,Widening to two lane with paved Shoulders from Km 40.00 to Km 75.00   Existing chainages    of Mangalore - Tumkur section of NH-73 in the State of Karnataka on EPC Mode under Annual Plan 2021-22   Job No NH-73-KNT-2021-22-945,Roads & Highways,MoRTH,,719.0,719.0,312.83,3.84,85.0,1.0,35.8,53.5,21.2,1,15,0,False,
MOSPI_619293,Construction of 4 Lane Access Controlled Bypass for Dehradun on NH307 from Design Chainage km 0050 Jhajra on NH-07 to Design Chainage km 12220 Asharori on EPC Mode in the State of Uttarakhand under NHO,Roads & Highways,NHAI,,716.0,337.11,191.78,12.75,63.0,5.0,40.5,33.3,0.0,0,15,0,False,
MOSPI_400154,EPR PUNDI OCP,Coal,Ministry of Coal,,713.0,713.0,236.58,0.0,10.0,0.0,76.6,70.1,0.0,0,15,0,False,
MOSPI_400223,Tiruchchirappalli-Nagore-Karaikal with extension of Nagapattinam-Velankani-Tiruthiraipundi incl. new material modification of Karaikal - Peralam 23 km new line,Railways,CAOC/SR SR mor,,713.0,1748.55,1267.74,622.5,80.0,-1.0,352.2,369.7,36.0,1,15,0,False,
MOSPI_618749,Khammam-Devarapalle Pkg V [4L Access Controlled Greenfield from Gurvaygudem village to Devarapalle village Design Chainage 132664 to 162126,Roads & Highways,NHAI,,712.0,926.48,566.96,143.92,100.0,0.0,45.6,69.3,22.1,1,15,0,False,
MOSPI_400353,DHUPTALA OC [SASTI UG TO OC ],Coal,WCL - CIL,,711.0,711.0,174.66,0.04,19.0,0.0,109.6,91.1,0.0,0,15,0,False,
MOSPI_618666,4- Laning of Mohari to Satai Ghat section NH-934 from Km 50300 to Km 89875 Total length 39.575 km Package-2 in the State of Madhya Pradesh on EPC Mode,Roads & Highways,NHAI,,711.0,539.08,518.99,13.22,100.0,4.0,48.5,49.2,0.0,0,15,0,False,
MOSPI_425828,Stamp Charge Battery No.12  Coke Dry Cooling Plant at IISCO Steel Plant,Steel,Steel Authority of India Limited (SAIL),,707.0,707.0,132.26,0.0,12.0,0.0,42.2,19.7,0.0,0,15,0,False,
MOSPI_618295,Improvement/Widening of New NH-217 Dainadubi-Darugiri section to Two lane with paved shoulder in Meghalaya from design Km 0000 to Km 40840 existing Km 8600 to Km 53000 of Old NH-62 under BMP Lot-1 Pkg-1B Meghalaya portion,Roads & Highways,NHIDCL,,706.0,706.0,0.0,0.0,46.0,0.0,47.9,41.8,0.0,0,15,0,False,
MOSPI_619061,Construction of 4 lane with PS Idar-Badoli bypass section from design km 81/300 to km 95/500 of NH 168G in the State of Gujarat,Roads & Highways,MoRTH,,705.0,705.0,0.0,0.0,7.0,3.0,37.3,17.6,0.0,0,15,0,False,
MOSPI_618106,Widening and Strengthening to 2/4 lane with paved shoulders of Mahabubnagar  Chincholi section from Km 0/0 to Km 60/255 of NH-167N in the state of Telangana under Annual plan 2021-22 on EPC modepackage-I under NHO Job No.167N-TS-2021-22-75,Roads & Highways,MoRTH,,704.0,704.0,304.65,0.0,91.0,0.0,35.8,55.7,16.4,1,15,0,False,
MOSPI_618772,6L of Kumarajapet to Veera Kaveri Raja Puram from km 43.800 to km 61.380 of NH-716B Pkg-II,Roads & Highways,NHAI,,703.0,799.36,405.81,0.0,100.0,1.0,56.6,67.1,10.5,1,15,0,False,
MOSPI_618201,"Widening and strengthening to 2 lane with paved shoulder from existing Ch. Km 56720 to Km 100820 and Design Ch. From Km 62600 to Km 106360 Total Length43.760 Km on SRINAGAR -BARAMULA  URINH-01 in the UT of Jammu & Kashmir under project BEACON, Border Roads Organization BRO on EPC mode.",Roads & Highways,MoRTH,,702.0,702.0,0.0,0.0,51.0,2.0,38.2,36.1,7.4,1,15,0,False,
MOSPI_617927,Widening to 2LPS between Km 0/0 to 56/0 Khokhara Gujarat Border Vijayanagar Antrasuba Mathasur road of NH 58 in the State of Gujarat,Roads & Highways,MoRTH,,699.0,699.0,0.0,0.0,10.0,0.0,29.5,30.0,0.0,0,15,0,False,
MOSPI_618362,Construction of 2-laning with hard shoulder of Lunglei to Chhumkhum from Design Chainage Km 0.000 to Km 37.420 of NH-302 [Lunglei-Tlabung] Package-A,Roads & Highways,NHIDCL,,698.0,698.0,557.98,1.07,65.0,0.0,21.0,65.5,42.0,1,15,0,False,
MOSPI_618835,4L of Bal Works of Talaja - Mahuva from 54.990 km. to 100.450 km. of Old NH-8E Package-II,Roads & Highways,National Highways Authority of India [NHAI],,698.0,735.51,418.41,0.15,100.0,0.0,25.2,72.9,0.0,0,15,0,False,
MOSPI_618878,Rehabilitation and Upgradation to 4L configuration & Strengthening of Sihuni to Rajol  from Km 51.000 to Km 72.000 of NH-154 Package-IIA,Roads & Highways,NHAI,,697.0,776.59,496.48,3.38,99.0,0.0,42.3,54.0,12.1,1,15,0,False,
MOSPI_612855,Transmission System for Evacuation of Power from Potential Energy Renewable Zone in Khavda Area of Gujarat under Ph-IV [7GW] Part E2,Transmission & Distribution,Power Grid Corporation of India Limited [POWERGRID],,697.0,697.0,592.45,19.38,82.0,0.0,24.0,27.5,4.0,0,15,0,False,
MOSPI_618455,Development of External Trunk Connectivity and Internal Infrastructure Works at Multi Model Logistics ParkMMLP at Jogighopa in the State of Assam on EPC Mode Package-I Road and Utility Works,Roads & Highways,NHIDCL,,694.0,694.0,310.1,1.25,100.0,0.0,25.9,79.4,30.0,1,15,0,False,
MOSPI_618454,"Earthwork in Formation, Road Work, Construction of Bridges, Blanketing, P. Way Linking works including Supply of P. Way Fittings and Track Ballast in connection with Construction of Railway Siding from Jogighopa Railway Station to MMLP at Jogighopa from Ch. 00 to 3760 on Item Rate basis Package -3, Railway Siding from Jogighopa Railway Station to MMLP",Roads & Highways,NHIDCL,,694.0,694.0,41.78,1.61,93.0,0.0,27.9,79.4,27.7,1,15,0,False,
MOSPI_708662,Establishment of 600 bed super specialty hospital with optional development of Medical college and further expansion on PPP basis.,Healthcare,Mumbai Port Trust [MPT],,693.0,693.0,58.0,0.0,11.0,11.0,82.6,85.1,18.0,1,15,0,False,
MOSPI_617987,Nandyala-Kurnool/Kadapa Border section of NH-167K i.e. Km 186/000 to Km 250/000Design Ch.186000 to 248010 to 2LPS,Roads & Highways,MoRTH,,692.0,692.0,0.0,0.0,50.0,4.0,34.6,23.0,0.0,0,15,0,False,
MOSPI_616605,Pollution Abatement Works for River Kali Meerut under Meerut Municipality Interception & Diversion with STP,Water Resources,National Mission for Clean Ganga,,691.0,691.0,34.79,0.0,45.0,-5.0,55.8,76.3,28.3,1,15,0,False,
MOSPI_701371,Durgawati Reservoir Project,Water Resources,Irrigation and CAD-TG,,691.0,971.96,978.51,0.0,87.0,0.0,36.0,12.0,60.0,1,15,0,False,
MOSPI_619009,Upgradation to Two Lane with Paved Shoulders from Km 0.000 to Km 41.920 Green Field Alignment of Gowrelly to Valigonda Section of NH-930P in the State of Telangana on EPC Mode under Annual Plan 2022-23,Roads & Highways,MoRTH,,690.0,690.0,0.0,0.0,0.0,0.0,65.0,45.6,0.0,0,15,0,False,
MOSPI_611951,Transmission system for evacuation of power from REZ in Rajasthan 20GW under Phase-III Part E1,Transmission & Distribution,Power Grid Corporation of India Limited [POWERGRID],,689.0,689.0,686.67,0.0,100.0,1.0,38.9,57.5,14.0,1,15,0,False,
MOSPI_602582,Dhaulasidh Hydro Electric Project [66 MW],Power,Satluj Jal Vidyut Nigam [SJVN] Thermal Limited,,688.0,1763.31,1275.68,116.01,81.0,1.0,61.1,71.5,16.8,1,15,0,False,
MOSPI_618535,Construction of Six lane elevated flyover including reconstruction/rehabilitation of existing pavement from Km 406100 to Km 411150 Length  5.05 Km at Gobindpur area in the Barwa Adda Panagarh section of NH-19 from Km.398.240 to Km.521.120 including Panagarh Bypass in the State of Jharkhand on EPC Mode.,Roads & Highways,NHAI,,688.0,442.52,67.84,1.25,20.0,4.0,37.7,19.6,0.0,0,15,0,False,
MOSPI_619214,4L of Channarayapatna Bypass and Hassan Bypass with structures in Devihalli - Hassan section,Roads & Highways,NHAI,,688.0,684.54,600.43,14.37,82.0,0.0,32.7,76.5,45.4,1,15,0,False,
MOSPI_612883,Establishment of Permanent Campus of NIT SIkkim at Khamdong-Gangtok District,Education,NIT Sikkim,,686.0,610.76,283.56,0.0,38.0,0.0,48.0,31.1,0.0,0,15,0,False,
MOSPI_705765,Gomoh - Flyover for DN trains,Railways,East Central Railway [ECR] - I,,686.0,686.0,634.71,3.19,67.0,1.0,97.8,103.5,0.0,0,15,0,False,
MOSPI_618806,Improvement of 4L road to 6L road and 4L dedicated Port Roads for the Port connectivity road from Convent junction to Sheelanagar Junction,Roads & Highways,NHAI,,686.0,680.21,493.92,15.4,79.0,0.0,36.8,43.8,10.5,1,15,0,False,
MOSPI_618420,"Construction of 2 lane with paved shoulder of Shillong Western Bypass starting from NH-06 near Ladumsaw existing km 60.900 of old NH-40 to NH-106 old NH-44E, Package-II km 12800 to km 24700 under SARDP-NE Phase A in the State of Meghalaya on EPC Mode",Roads & Highways,NHIDCL,,686.0,686.0,435.15,77.83,50.0,0.0,41.6,42.0,0.0,0,15,0,False,
MOSPI_604863,Development of Surface Facilities for production and evacuation of Crude Oil and Natural Gas from Nadua and East Khagorija,Petroleum,Oil India Limited,,683.0,726.93,601.12,1.29,94.0,0.0,25.6,104.1,82.0,1,15,0,False,
MOSPI_617827,"Pipeline Rehabilitation Project, Phase-II",Petroleum,Oil India Limited,,680.0,680.0,13.53,0.88,29.0,0.0,60.0,20.9,0.0,0,15,0,False,
MOSPI_617944,Kashedi ghat tunnel NH-66 [Bhogaon Khurd - Kashedi section] 4 lanes under NHDP on EPC mode,Roads & Highways,MoRTH,,680.0,701.46,0.0,0.0,98.0,0.0,30.6,95.7,0.0,0,15,0,False,
MOSPI_400301,Multi Product Pipeline from Irugur to Devangonthi,Power,MinistryofPetroleumNaturalGas,,678.0,1732.0,1206.36,51.04,86.0,2.0,51.5,166.2,115.1,1,15,0,False,
MOSPI_400235,"Setting up a common user Petroleum Terminal at Jammu, J&K for resitement of existing PSU OMC's Depots from Jammu City",Power,Bharat Petroleum Corporation Limited [BPCL],,677.0,715.89,576.69,17.24,91.0,4.0,24.0,41.5,10.1,1,15,0,False,
MOSPI_618308,Construction of 4-Lane Panchgram Bypass from Design Chainage km 15500 on NH-37 Old NH-53 at Kalinagar Pt.-I Village to Design Chainage km 27300 at crossing with NH-6 Old NH-44 Near Siddeswar Pt.-I Village on Silchar - Churaibari stretch in the State of Assam on EPC Mode under Bharatmala Pariyojana in Economic Corridors Silchar- Churaibari Package-2,Roads & Highways,NHIDCL,,676.0,728.97,339.78,339.78,57.0,0.0,46.8,42.0,1.6,0,15,0,False,
MOSPI_619265,Rehabilitation & Upgradation of Thorrur to Nehru Nagar section to Two Lane with Paved shoulders from Km 109/420 to Km 178/500 of NH 930P in the state of Telangana on EPC mode under Annual Plan 2022-2023,Roads & Highways,MoRTH,,675.0,675.0,0.0,0.0,0.0,0.0,41.2,19.6,0.0,0,15,0,False,
MOSPI_618344,Widening to 2-lane with Hard shoulder of Churachandpur to Tuivai Section of NH-102B from Design Chainage 69.875 Km to 121.769 Km in the State of Manipur on EPC mode Package-3,Roads & Highways,NHIDCL,,673.0,673.0,563.39,0.12,86.0,1.0,28.8,65.5,40.2,1,15,0,False,
MOSPI_618368,Improvement and Widening to 2-lane with paved shoulder of road from design Km 36.000 Rangamati to design Km 72.000 Pati Chhari Total length 36.000 Km on Teliamura to Harina section of NH 208 in the state of Tripura on EPC mode under JICA ODA Loan Phase VI Package-3,Roads & Highways,NHIDCL,,671.0,671.0,183.24,183.24,15.0,1.0,31.8,32.2,8.9,1,15,0,False,
MOSPI_611970,Samlaya-Timba Road 53.53 km,Railways,CAOCWR WR mor,,670.0,670.17,195.1,93.1,25.0,13.0,85.8,43.4,0.0,0,15,0,False,
MOSPI_616229,AMAL GONDEGAON GHATROHANA EXPN,Coal,Western Coalfields Limited [WCL],,669.0,669.0,2.95,0.0,3.0,0.0,54.6,24.1,0.0,0,15,0,False,
MOSPI_705583,Anand Vihar-Tilak Bridge - 3rd & 4th line 9.77 km,Railways,CAOC/NR NR mor,,667.0,701.88,393.68,59.96,23.0,0.0,129.8,171.3,57.0,1,15,0,False,
MOSPI_618551,Greenfield connectivity from Govindsar village on Delhi Amritsar Katra Expressway to Talwara village on NH-44 Pathankot by-pass,Roads & Highways,NHAI,,667.0,690.47,217.52,2.46,29.0,1.0,32.2,22.2,0.0,0,15,0,False,
MOSPI_618526,6L of Gundugolanu Design km 1023.280 to Kalaparru Design km 1050.680 of NH-5 New NH-16,Roads & Highways,NHAI,,666.0,665.59,643.95,131.85,96.0,0.0,33.0,94.5,61.0,1,15,0,False,
MOSPI_618556,"Construction of 26 VUPs, Major Bridge, Service Road etc. on Lalitpur-Sagar-Lakhnadon section of NH-44 NS",Roads & Highways,NHAI,,666.0,665.91,574.39,14.94,97.0,0.0,37.1,43.4,5.2,0,15,0,False,
MOSPI_611800,Surda Underground Copper Mining Project,Steel,Hindustan Copper Limited [HCL],,665.0,665.0,23.43,3.63,1.0,0.0,73.6,55.1,0.0,0,15,0,False,
MOSPI_618359,Widening/Improvement to 4-Lane with Paved Shoulder from km 55000 Nagabang Gamsuk to km 82514 Oyan in the State of Assam and Arunachal Pradesh on EPC mode under Bharatmala Pariyojna of Length 27.514 Km Package-3,Roads & Highways,NHIDCL,,665.0,665.0,380.59,0.0,97.0,0.0,47.5,41.5,0.0,0,15,0,False,
MOSPI_618840,Simaria Km. 206.050 to Khagaria Km. 266.282,Roads & Highways,NHAI,,664.0,891.64,814.22,0.24,98.0,0.0,40.0,129.5,90.9,1,15,0,False,
MOSPI_618902,Maheshkunt-Saharsa-Purnea Pkg I km 0.00 to km. 90.00 of NH-107,Roads & Highways,NHAI,,662.0,1311.22,1126.22,1.02,90.0,0.0,57.7,114.6,57.4,1,15,0,False,
MOSPI_618863,Barhi-Koderma Section of NH31 km 0.00 - km 27.5,Roads & Highways,NHAI,,662.0,826.59,825.2,0.25,98.0,0.0,89.2,114.6,24.9,1,15,0,False,
MOSPI_618613,Deogarh near Dhandhaniya-Rajasthan/Gujarat Border Phase-I AJ/DRGB-Package-7,Roads & Highways,NHAI,,662.0,597.77,561.75,0.75,99.0,0.0,45.4,83.5,37.5,1,15,0,False,
MOSPI_707419,IMC at Prayagraj,Real Estate,National Industrial Corridor Development Corporation,,658.0,658.0,75.63,0.0,28.0,5.0,33.6,24.6,0.0,0,15,0,False,
MOSPI_618369,Improvement and Widening to 2-lane with paved shoulder of road from existing Km 438.170 Khowai Chowmuhani to existing Km 439.410 South Pulinpur of NH-08 and from design Km 0.000 South Pulinpur to design Km 36.00 near Rangamati of NH 208 on Khowai  Teliamura- Harina section Total length 37.24 in the state of Tripura on EPC mode under JICA ODA Loan Phase VI Package-2,Roads & Highways,NHIDCL,,657.0,657.0,301.86,301.86,61.0,1.0,31.8,32.2,6.9,1,15,0,False,
MOSPI_618047,"Widening, Reconstruction & Up-gradation to 2 lane with Paved Shoulder/Four Lane configuration for the work of Ahmednagar to Sabalkhed & Ashti to Chinchpur Section of NH-561 from Design km 2915 to km 37728 & Design km 55100 to km 70000 in the State of Maharashtra on EPC mode. Length  49.713 km",Roads & Highways,MoRTH,,657.0,657.0,0.0,0.0,89.0,6.0,38.4,30.0,0.0,0,15,0,False,
MOSPI_400035,"Grass Root Rail-fed Depot at Sekerkote, Agartala as resitement of existing Dharmanagar Depot",Power,Indian Oil Corporation Limited [IOCL],,656.0,656.0,541.81,4.64,98.0,1.0,39.1,50.6,9.0,1,15,0,False,
MOSPI_618153,Satara to Mhaswad,Roads & Highways,MoRTH,,653.0,653.0,7.34,0.01,98.0,0.0,30.2,115.6,85.0,1,15,0,False,
MOSPI_618687,Outer Ring Road of Jabalpur Town from Barela to Manegaon Pkg-1,Roads & Highways,NHAI,,652.0,651.88,500.97,17.79,90.0,0.0,30.1,48.5,17.6,1,15,0,False,
MOSPI_611963,"Construction & Development of Infrastructural Facilities in the main campus of NIT Uttarakhand at Sumari, Pauri Garhwal",Education,National Institute of Technology Uttarakhand,,651.0,651.0,401.56,9.69,63.0,1.0,87.0,74.5,0.0,0,15,0,False,
MOSPI_618211,Improvement/construction of 2-lane with paved shoulder of Askote Llipulekh road from Tawaghat village to Budhi village design km. 56935 to km 95748 and from end of Tunnel portal to Kali Mandir design km 113828 to km. 133078 [total design length  58.063 km] under project Hirak of BRO in the state of Uttarakhand under Bharatmala Pariyojna on EPC Mode,Roads & Highways,MoRTH,,650.0,650.0,0.0,0.0,31.0,1.0,54.2,51.9,0.0,0,15,0,False,
MOSPI_617909,Construction of Rewa Bypass to 4-lane with paved shoulder along with service road from Ratahara Chowk to Chorhata Chowk Road section of NH-30 from km 00.000 to 19.200 in the State of Madhya Pradesh on Hybrid Annuity Mode HAM.,Roads & Highways,MoRTH,,648.0,648.0,0.0,0.0,50.0,0.0,35.4,30.0,0.0,0,15,0,False,
MOSPI_400096,Omkareshwar CADWM Project,Water Resources,Water resource-mp,,648.0,648.09,208.06,0.0,49.0,-1.0,33.0,113.5,75.0,1,15,0,False,
MOSPI_617282,"C/o 184 MS Flats for Hon'ble MPs at BKS Marg, New Delhi",Construction,Central Public Works Department [CPWD],,647.0,646.52,545.86,5.82,100.0,0.0,39.9,55.8,4.4,0,15,0,False,
MOSPI_705632,Vijayawada - Kazipet Byepass line,Railways,South Central Railway [SCR] - II,,647.0,904.0,1249.39,6.75,94.0,-1.0,104.7,124.8,11.6,1,15,0,False,
MOSPI_619297,Upgradation of Existing Two Lane Carriageway to Two Lane Carriageway with Paved Shoulder from Ch. 665686 Existing Km. 665.686 in Khanpur Village in Vansda Taluka to Ch. 710470 Existing Km. 710.483 in Karvad Village in Vapi Taluka Length 44.784 Km Section of NH-56 in the State of Gujarat on EPC Mode,Roads & Highways,NHAI,,647.0,647.0,9.24,0.0,0.0,0.0,29.0,6.8,0.0,0,15,0,False,
MOSPI_709820,OMKARESHWAR FLOATING SOLAR POWER PROJECT [90 MW],Power,Satluj Jal Vidyut Nigam [SJVN] Thermal Limited,,646.0,646.0,0.0,0.0,0.0,0.0,36.0,12.0,0.0,0,15,0,False,
MOSPI_618803,Development of 4L Road from Samarlakota to Achampeta Junction as part of Kakinada Port Connectivity to NH-16 Rajanagaram Junction in East Godavari District,Roads & Highways,NHAI,,646.0,750.2,680.09,0.03,93.0,1.0,35.3,48.3,16.5,1,15,0,False,
MOSPI_618760,4L Greenfield a Malout bypass from ch. Km 44.500 to ch. Km 35.500 on NH-07 and Ch. Km 0.000 to Km 6.984 on NH-09 bMandi Dabwali Bypass from Ch. 38.450 Km to  Km 27.910 Pkg-02,Roads & Highways,National Highways Authority of India [NHAI],,646.0,556.09,549.2,0.0,98.0,0.0,31.6,58.1,21.9,1,15,0,False,
MOSPI_706860,Barauni-Bachwara 16 km - 3rd & 4th line incl Barauni yard remodelling 32 km Umbrella work PB57/2019-20/NR,Railways,CAO/Con/North/MHX ECR mor,,645.0,485.58,228.43,174.3,38.0,-5.0,33.8,47.3,15.0,1,15,0,False,
MOSPI_709856,MPLS-IP BASED ACCESS AND AGGREGATION NETWORK [MAAN] IN BSNL ALONG WITH TEST AND MEASURING EQUIPMENT,Telecommunications,BSNL,,645.0,645.0,522.88,114.98,90.0,-2.0,36.0,12.0,12.0,1,15,0,False,
MOSPI_617412,"Construction of One Tower of Office Complex  and another Tower of Residential quarters  i/c internal water supply, sanitary installation and all development and bulk services, Horticulture works on EPC Mode-I basis i/c comprehensive operation  and maintenance of Civil, E&M services for 7 years after completion of original construction work for Ranga Reddy, Secunderabad, Medchal, AuditI, Audit-II Commissionerates of Central Tax at Khajaguda, Serilingampally, Hyderabad.",Construction,Central Public Works Department - CPWD,,644.0,644.0,188.69,12.9,26.0,3.0,42.3,29.9,0.0,0,15,0,False,
MOSPI_618190,Widening to two lane with paved shoulders of 'Bodhan Basar Bhainsa ' section from Km 38/900 to 95/300 of NH-161BB in the state of Telangana under Annual Plan 2021-22 on EPC Mode under NH  O.,Roads & Highways,MoRTH,,644.0,644.0,403.48,0.18,99.0,0.0,36.4,54.4,17.5,1,15,0,False,
MOSPI_618220,Reconstruction and widening to 2 lane with paved shoulder from existing chainage km 102000 to km 134950 Design chainage km 90150 to km 116980 including construction of Naushera Tunnel Total length of tunnel 0.700 km under 31 TF on Akhnoor-Poonch road NH-144A in the UT of Jammu & Kashmir under Project Sampark BRO on EPC mode Package-V Job no  NH-144A-J&K-2020-21-104,Roads & Highways,MoRTH,,642.0,572.51,0.0,0.0,100.0,1.0,40.5,66.4,20.4,1,15,0,False,
MOSPI_617942,Construction of Six lane Elevated Corridor from Km. 508.000 to Km. 513.150 including approaches on NH-66,Roads & Highways,MoRTH,,641.0,641.0,0.0,0.0,99.0,2.0,35.7,40.7,6.0,0,15,0,False,
MOSPI_619075,6L of Bhubaneswar - Jagatpur - Chandikhole Section of NH-16,Roads & Highways,National Highways Authority of India [NHAI],,639.0,632.89,52.23,50.16,97.0,0.0,64.3,211.5,142.9,1,15,0,False,
MOSPI_705505,Wardha-Nagpur - 4th line 78.70 km,Railways,CAOC/CR CR mor,,638.0,1194.59,1090.49,29.26,88.0,0.0,104.4,112.8,10.0,1,15,0,False,
MOSPI_618955,2L PS of Majhauli to Charout section from km. 0.00 to km. 63.655,Roads & Highways,NHAI,,638.0,1067.51,1096.16,0.07,100.0,0.0,45.4,103.7,57.9,1,15,0,False,
MOSPI_618383,Widening and up-gradation to 2-lane with paved shoulder configuration and geometric improvements from km 339.00 to km 380.00 Siaha on Aizawl-Tuipang section under JICA ODA Loan assistance Phase-I Package-8,Roads & Highways,NHIDCL,,637.0,637.0,547.01,445.12,100.0,1.0,47.5,83.5,33.5,1,15,0,False,
MOSPI_617899,Widening and Strengthening to 4LPS/2LPS from km 0.000 to 35.800 Kuakhia - Mangalpur section of NH 20 in the state of Odisha on Annual Plan 2021-22,Roads & Highways,MoRTH,,636.0,636.0,296.5,0.28,56.0,0.0,46.3,53.5,9.8,1,15,0,False,
MOSPI_617836,Coke Drum Structure Package,Petroleum,Ministry of Petroleum & Natural Gas,,635.0,635.28,543.0,0.0,71.0,2.0,36.4,44.8,9.0,1,15,0,False,
MOSPI_617978,"Rehabilitation, upgradation & widening of existing highway to 2L/4LPS Rigid Pavement of NH 160 section- Phaltan to Mhaishal near Karnataka Border including Tasgaon Bypass, from existing chainage Km 301/430 to Km 458/415 in the State of Maharashtra- Package-II & Package III combined- starting from existing chainage Km 341/300 to Km 394/130 and design chainage Km 340/250 at Dahiwadi Village to Km 392/950 ending at Vita Village in the State of Maharashtra on EPC Mode.",Roads & Highways,MoRTH,,632.0,632.0,213.18,25.59,85.0,0.0,38.4,30.1,0.0,0,15,0,False,
MOSPI_400169,Redevelopment of Linch Field,Petroleum,Oil and Natural Gas Corporation Limited [ONGC],,631.0,845.42,622.24,4.4,94.0,2.0,47.2,64.8,19.0,1,15,0,False,
MOSPI_618105,Widening and strengthening to 4 lane / 2-lane with paved shoulders of Mahabubnagar - Chincholi section from km 60/255 to Km 102/834 of NH-167N in the State of Telangana on EPC mode.,Roads & Highways,MoRTH,,631.0,631.0,125.34,0.0,47.0,16.0,43.1,54.3,12.8,1,15,0,False,
MOSPI_617278,KOLARPIMPRI EXPANSION OC [2.5,Coal,Western Coalfields Limited [WCL],,630.0,630.0,0.61,0.0,0.0,0.0,69.8,27.3,0.0,0,15,0,False,
MOSPI_617980,Construction of six lane elevated corridor from km 7.950  Uppal to km 14.200 of NH-163 to De-Congest the urban limits of Hyderabad-Bhoopalapatnam section on EPC mode in the state of Telangana,Roads & Highways,MoRTH,,627.0,627.0,24.4,5.1,54.0,1.0,27.2,101.6,90.0,1,15,0,False,
MOSPI_617257,Rebuilding of Coke Oven Battery No.6 at Bokaro Steel Plant,Steel,Steel Authority of India Limited [SAIL],,627.0,627.0,347.42,5.16,68.0,2.0,36.0,34.0,12.5,1,15,0,False,
MOSPI_618404,Construction of lntermediate Lane Road with hard shoulder from design chainage Km 0.000 to Km 53.040 Existing Length68.500 Km & Total Design length 53.04 km of Tato to Monigong section of NH-913 Frontier Highway on Nafra Bomdila to Vijaynagar along China border in state of Arunachal pradesh on EPC mode,Roads & Highways,NHIDCL,,626.0,626.0,269.64,269.64,23.0,1.0,47.2,33.3,0.0,0,15,0,False,
MOSPI_618327,Widening/Improvement to 4-Lane with Paved Shoulder from KM 113300 to Km 146230 Design Chainage 113830 to 145712 of Kwaram Taro Village - Dillai Section in Assam on EPC Package-6,Roads & Highways,NHIDCL,,626.0,626.0,0.0,0.0,0.0,0.0,34.1,60.2,8.6,1,15,0,False,
MOSPI_618697,4LPS Access Controlled Highway of Bellary Bypass Balance work from Ch. 254750 to Ch. 266837 and construction of 4LPS from Ch. 277.690 to Ch. 278.690 at D. Hirehal Village Balance work of NH 150A of Bellary  Byrapura Section,Roads & Highways,NHAI,,626.0,284.05,113.26,1.05,39.0,1.0,29.7,31.2,14.5,1,15,0,False,
MOSPI_618616,4L of Dhrol bypass section of NH-151A Approx. length 5.7 Km & widening upto 4 laning of missing link of Amran section of NH-151A Approx. length 6.55 Km from existing Ch. 42000 to 48500 of ongoing Dhrol-Bhadra-Pipaliya section of NH-151A,Roads & Highways,NHAI,,626.0,455.54,151.99,11.94,35.0,3.0,34.9,30.3,0.0,0,15,0,False,
MOSPI_618074,Pre construction activity of NH 122B from km 0 to 72.348 and  Improvement to two lane with paved shoulders of NH 122B from km 29.730 to km 72.348 in state of Bihar under EPC mode,Roads & Highways,MoRTH,,624.0,624.0,154.25,0.0,95.0,-1.0,33.0,55.2,20.7,1,15,0,False,
MOSPI_709790,Replacement and Extension of Jetty Pipelines [REJP] at KR,Petroleum,Bharat Petroleum Corporation Limited [BPCL],,622.0,372.0,459.74,239.74,93.0,-2.0,37.0,42.5,0.0,0,15,0,False,
MOSPI_709838,Commercial Polymer Flooding Project in Bechraji field,Petroleum,Oil and Natural Gas Corporation Limited [ONGC],,621.0,739.02,280.45,28.71,50.0,2.0,34.3,55.8,30.0,1,15,0,False,
MOSPI_618421,"Construction of 2-Lane with paved shoulder of Shillong Western Bypass starting from NH-06 near Ladumsaw Existing km 60.900 of old NH-40 to NH106 old NH-44E, km 0000 to km 12800 Package-I under SARDP-NE PHASE A in the State of Meghalaya on EPC Mode Greenfield alignment",Roads & Highways,NHIDCL,,620.0,620.0,332.95,28.45,75.0,2.0,41.9,42.3,0.0,0,15,0,False,
MOSPI_617912,Construction of 6 lane flyover from Khapari ROB to Mihan Interchange design chainage km 8760 to 11450 L- 2.69 km and upgradation of existing 4L PS road to 6LPS with service road by flexible pavement design chainage km 11450 to 14500 L-3.05 [total project length 5.74 km] in section of Nagpur - Hyderabad NH-44 Old NH-7 in Nagpur district in the state of Maharashtra on HAM mode.,Roads & Highways,MoRTH,,620.0,620.0,18.35,18.35,8.0,0.0,42.6,30.0,0.0,0,15,0,False,
MOSPI_612877,Establishment of NIT Puducherry Permanent Campus [Phase-I and Phase-II],Education,"National Institute of Technology, Puducherry",,618.0,544.34,543.74,0.0,100.0,1.0,183.4,203.9,17.0,1,15,0,False,
MOSPI_618671,4-lanning of Rahatgarh to Berkhedi section of NH-146 from Design Ch 124470 to Ch. 134.549,Roads & Highways,NHAI,,618.0,342.69,53.19,0.06,15.0,3.0,32.7,17.5,0.0,0,15,0,False,
MOSPI_618086,"Widening to Two Lane with Paved Shoulders from KB Cross to Chunchanahalli ie., Design Ch. 485240 Km   Existing Km 494.000    to Design Ch. 523393 Km   Existing km 533.152    & From Design Ch. 530393   Existing Km 540.175    to Design Ch. 534476   Existing Km 544.200    at Nelligere of NH-150A on EPC mode under Annual Plan 2022-23  NH-150A-KNT-2022-23-977 dated 08.03.2023",Roads & Highways,MoRTH,,617.0,617.0,8.03,0.44,48.0,0.0,46.2,42.3,0.0,0,15,0,False,
MOSPI_619128,Khammam-Devarapalle Pkg II [4L Access Controlled Greenfield from Somavaram village to Chintagudem village Design Chainage 33604 to 63117],Roads & Highways,NHAI,,616.0,981.64,524.11,0.08,98.0,0.0,43.7,67.7,23.6,1,15,0,False,
MOSPI_705364,Khagaria-Kusheshwar Asthan [42Km] new line project,Railways,East Central Railway [ECR] - I,,614.0,1384.16,491.56,0.36,56.0,0.0,68.4,88.9,26.9,1,15,0,False,
MOSPI_618371,"Widening/Improvement to 4-Lane with Paved Shoulder configuration of existing single lane road from Srirampur near Bhairiguri Village to Kachukhana Harichara Paglagaunj Package-I of Srirampur - Dhubri Section of NH-127B from existing Km 0.000 to Km 28.050 Design Km 0.000 to Km 27.650, Design Length27.650 Km under JICA ODA Loan assistance Phase-V -Balance work",Roads & Highways,NHIDCL,,614.0,614.0,384.6,0.36,90.0,0.0,56.5,54.2,0.0,0,15,0,False,
MOSPI_618545,"4L of Km.165.092 to Km.171.855 North Bound and from Km.166.895 to Km.173.638 South Bound, excl.  certain reaches of North Bound and South Bound of Ramban to Banihal Pkg-III of Old NH-1A New NH-44",Roads & Highways,NHAI,,614.0,444.76,306.05,42.3,43.0,0.0,36.5,61.9,34.9,1,15,0,False,
MOSPI_618189,Widening to two lane with paved shoulder of NH-73New spur road Ujire - Dharmasthala - Periyashanthi in the State of Karnataka under NHO on HAM Mode Job No. NH-73Spur-KNT-2023-24-996,Roads & Highways,MoRTH,,614.0,614.0,66.04,66.04,25.0,2.0,45.9,32.2,0.0,0,15,0,False,
MOSPI_618686,Outer Ring Road of Jabalpur Town from Kushner to Amjhar Road including Airport Connectivity Pkg-IV,Roads & Highways,NHAI,,613.0,509.82,363.91,22.01,80.0,4.0,42.3,48.7,8.8,1,15,0,False,
MOSPI_701107,Construction of New Integrated Terminal Building and associated works including apron to park 3 code E type of aircraft or 6 code C type of aircraft at Vijayawada Airport.,Aviation,Airport Authority of India [AAI],,612.0,824.28,572.99,45.25,90.0,2.0,26.6,74.9,50.2,1,15,0,False,
MOSPI_617231,East Central Railway - Construction of Bulb line at Nabinagar Ankorah 17.49Km PB45/ECoR/2024-25.,Railways,CAO/Con/South/MHX ECR mor,,612.0,612.0,0.0,0.0,0.0,0.0,48.8,27.3,0.0,0,15,0,False,
MOSPI_400145,CHHAL OC SEAM III [6 MTY],Coal,South Eastern Coalfields Limited [SECL],,611.0,611.0,580.56,0.74,85.0,0.0,99.4,153.0,45.0,1,15,0,False,
MOSPI_619136,Rehabilitation and Upgradation of  Chorma - Bairgania Section of National Highway No 227F to 2 lane with paved shoulders from Design Ch.0.000 to Ch. 34.566,Roads & Highways,NHAI,,611.0,628.65,337.4,0.7,100.0,0.0,43.1,50.5,6.4,1,15,0,False,
MOSPI_618913,4-L of Rajamunda to Barkote Section of NH-23 from km. 287.200 to km. 337.185,Roads & Highways,National Highways Authority of India [NHAI],,610.0,630.97,114.77,0.0,97.0,1.0,43.6,106.6,42.6,1,15,0,False,
MOSPI_709772,"City Gas Distribution Project at East Mednipore, West Mednipore & Jhargram Districts",Petroleum,Indian Oil Corporation Limited [IOCL],,609.0,609.0,64.44,0.82,3.0,0.0,111.2,53.8,0.0,0,15,0,False,
MOSPI_618807,"4L Greenfield Road connecting North and South industrial cluster of Khandaleru Creek near Krishnapatnam port at Thamminapatnam to Mollur  from Km 0.0 to Km 16.046, Part I & 6L  extension of dedicated port road of NH-67 Km 18.0 to Km 19.3, Part II",Roads & Highways,NHAI,,609.0,559.98,579.22,26.34,84.0,2.0,37.0,48.7,16.2,1,15,0,False,
MOSPI_619093,4L Ismailabad to Ambala Section of NH-152 Lot-4/Package-1,Roads & Highways,NHAI,,609.0,454.34,308.0,0.0,76.0,0.0,33.2,42.5,14.8,1,15,0,False,
MOSPI_615860,Godavarikhani Coal Mine - 5,Coal,Singareni Collieries Company Limited [SCCL],,607.0,607.0,201.0,0.17,71.0,0.0,69.0,86.5,12.0,1,15,0,False,
MOSPI_618092,Up-gradation to 2 lane with paved shoulder from Neechli Oden Nathdwara at Design Km 88.800 existing km 55.95 to Bhatewar at Design Km 142.028 existing km 0.00 of NH-162E in the State of Rajasthan on EPC mode.,Roads & Highways,MoRTH,,607.0,607.0,437.05,132.43,34.0,-5.0,43.2,42.6,0.0,0,15,0,False,
MOSPI_618382,Widening and up-gradation to 2-lane with paved shoulder configuration and geometric improvements from km 298.00 to km 339.00 on Aizawl-Tuipang section under JICA ODA Loan assistance Phase-I Package-7,Roads & Highways,NHIDCL,,606.0,750.32,0.01,0.0,100.0,0.0,54.0,83.5,14.0,1,15,0,False,
MOSPI_618026,Rehabilitation and upgradation to two lane with paved shoulders from Km 0/000 to 72/6 of NH-365 Nakrekal to Tanamcherla section under NHDP IV in the state of Telangana under EPC mode,Roads & Highways,MoRTH,,605.0,605.0,585.2,0.0,100.0,0.0,28.1,110.6,79.0,1,15,0,False,
MOSPI_618511,Upgradation & rehabilitation of Service Roads on both sides in urban areas of Pune City on PuneSatara section of NH48,Roads & Highways,NHAI,,605.0,388.78,66.39,0.1,24.0,1.0,29.1,20.1,0.0,0,15,0,False,
MOSPI_618210,Rehabilitation and upgradation of Askot-Lipulekh on EPC Basis for Phase-I Existing Km 72.00 to 107.620 Design Chainage Km 21330 to Km 56935 under Project Hirak of BRO in the state of Uttarakhand under Bharatmala Pariyojna Phase-I on EPC Mode Length-35.605 Km CA No EPC/MORT&H/HRK/01/2021-22,Roads & Highways,MoRTH,,604.0,604.0,0.0,0.0,81.0,0.0,38.4,71.9,31.9,1,15,0,False,
MOSPI_619147,4L of Bal Works of  Mahuva to Kagvadar from 100.450 Km. to 140.470 Km. of NH-8E Pkg- III,Roads & Highways,National Highways Authority of India [NHAI],,603.0,628.49,624.41,0.09,100.0,0.0,25.1,72.9,39.8,1,15,0,False,
MOSPI_705639,Ernakulam-Kumbalam doubling project [7.71 Km],Railways,SR-ERS,,601.0,595.39,313.97,1.34,28.0,3.0,59.9,41.4,0.0,0,15,0,False,
MOSPI_705489,Madurai- Tuticorin New Line,Railways,Ministry of Railways,,601.0,2084.48,641.26,290.05,0.0,-5.0,124.0,185.5,77.0,1,15,0,False,
MOSPI_701991,Kalyan Station Precinct Imporvement Project,Urban Transport,ministry of housing and urban affairs,,600.0,723.7,530.04,6.28,85.0,1.0,63.2,100.7,35.0,1,15,0,False,
MOSPI_618436,4-Laning of Jamugurihat to end of Biswanath Chariali By-Pass from Km 182.000 to Km 208.000 of NH-52 on EPC mode in state of Assam under SARDP-NE,Roads & Highways,NHIDCL,,599.0,599.0,434.89,2.27,100.0,0.0,50.6,137.5,73.4,1,15,0,False,
MOSPI_618319,"4-Laning of Sethawn - N. Kawnpui section Package-6 of NH-6 from Existing Chainage km 107850 to km 126315 Design Chainage km 95500 to km 111850 on Silchar-Vairengte- Sairang road, Vairengte - Sairang Pkg-6",Roads & Highways,NHIDCL,,596.0,596.0,189.39,16.25,7.0,0.0,60.6,56.8,0.0,0,15,0,False,
MOSPI_612898,Construction of Permanent Campus of National Institute of Technology Arunachal Pradesh,Education,"National Institute of Technology, Arunachal Pradesh",,593.0,593.0,551.3,0.69,80.0,0.0,203.4,203.9,0.0,0,15,0,False,
MOSPI_900874,Jhajha - Batia 20 km Umbrella work PB23/2018-19/NR,Railways,CAO/Con/South/MHX ECR mor,,588.0,588.18,26.52,24.14,0.0,0.0,109.5,91.0,22.0,1,15,0,False,
MOSPI_617373,Jhajha-Batai New Line Project,Railways,East Central Railway [ECR] - I,,588.0,588.0,3.05,0.31,0.0,0.0,48.6,42.1,0.0,0,15,0,False,
MOSPI_617922,Construction of Jharsuguda Bypass including Land acqusition on NH-49 from km 258.636 to km 283.300 design chainage 258.636 to km 289.876 under NHO in Annual Plan 2022-23 for the state of Odisha Job No.NH-49-OD-2022-23-655,Roads & Highways,MoRTH,,587.0,587.0,52.58,0.07,25.0,2.0,69.3,59.6,0.0,0,15,0,False,
MOSPI_618751,2L PS of Hinotiya-Mehulwa section of NH-346 from Km. 27.000 to Km 75.700 Vidisha  Mehulwa-Talbehat Pkg-II Section of NH- 346,Roads & Highways,NHAI,,582.0,592.71,273.7,0.16,69.0,0.0,35.0,47.1,18.6,1,15,0,False,
MOSPI_617801,Provision of ICT Augmentation & Bus Reactor at Bhuj-II PS,Transmission & Distribution,Power Grid Corporation of India Limited [POWERGRID],,582.0,582.0,17.45,0.0,7.0,1.0,21.0,17.9,6.4,1,15,0,False,
MOSPI_400033,BHATADI EXPANSION OC,Coal,Western Coalfields Limited [WCL],,581.0,581.0,112.17,0.0,34.0,0.0,97.6,79.1,0.0,0,15,0,False,
MOSPI_400105,Urmodi Irrigation Project,Water Resources,Department of water resources-MH - II,,581.0,895.81,713.46,0.0,76.0,0.0,62.9,113.5,54.0,1,15,0,False,
MOSPI_618336,Widening to 2 -Lane with Paved shoulder of Imphal to Jiribam section of NH-37 from Design Chainage 66.110 km to 101.280 Km Existing Chainage km 67.496 to km 103.557 on EPC Mode in Manipur PKG-4,Roads & Highways,NHIDCL,,580.0,580.0,408.21,3.41,86.0,0.0,27.9,60.4,36.1,1,15,0,False,
MOSPI_701122,Development of New Integrated Civil Enclave at Agra Airport,Aviation,Airport Authority of India [AAI],,579.0,579.0,224.58,7.16,45.0,2.0,24.5,26.9,4.9,0,15,0,False,
MOSPI_618387,Construction of 2-laning with Hard shoulder of Ukhrul Tolloi - Tadubi section of NH-102A from Design Chainage km 9450 to km 50850 in the State of Manipur on EPC mode under NHO-NE Package-2,Roads & Highways,NHIDCL,,579.0,579.0,278.6,11.49,80.0,0.0,35.8,42.3,10.0,1,15,0,False,
MOSPI_618562,Dindigul Bypass - Samyanallore from km. 373.275 to km. 426.00,Roads & Highways,National Highways Authority of India [NHAI],,579.0,295.5,1.4,0.0,100.0,0.0,43.2,254.7,0.0,0,15,0,False,
MOSPI_618196,Widening to 2 lane with Paved Shoulders of  Siddipet-Elkathurthy section  from Km 69/978 to km 133/619 of NH-765DG in the State of Telangana under Annual plan 2021-22 on EPC mode,Roads & Highways,MoRTH,,579.0,579.0,0.0,0.0,85.0,0.0,35.1,55.9,18.3,1,15,0,False,
MOSPI_616612,Sewage Treatment Plant  50MLD  and Sewerage Network 150 km in Kankarbagh Patna under Hybrid annuity based PPP mode Namami Gange Programme,Water Resources,NMCG1,,579.0,579.0,174.61,2.82,55.0,1.0,100.6,109.1,0.0,0,15,0,False,
MOSPI_702612,In-Situ Slum Redevelopment Project in Uttar Pradesh,Real Estate,"PMAY, Ministry of Housing and Urban Affairs",,577.0,577.0,141.94,0.0,0.0,0.0,36.0,12.0,0.0,0,15,0,False,
MOSPI_619057,Construction of 4-Lane Badarpur Bypass from Design Chainage km 27300 at crossing with NH-6 Old NH-44 Near Siddeswar Pt.-I Village to Design Chainage km 38600 on NH-37 Old NH-44 at Kandigram Chaita Village on Silchar - Churaibari stretch in the State of Assam on EPC Mode under Bharatmala Pariyojana in Economic Corridors Silchar- Churaibari Pkg-3,Roads & Highways,NHIDCL,,574.0,574.0,330.98,12.16,71.0,0.0,41.3,42.5,7.7,1,15,0,False,
MOSPI_618207,Widening to 2-lane with Hard Shoulder configuration of Mana Ch. 0.00 to Mana Pass Ch. 50.987 road on NH-07 under Bharatmala Pariyojna in the state of Uttarakhand under Annual Plan 2022-23 length 50.987,Roads & Highways,MoRTH,,574.0,574.0,0.0,0.0,21.0,0.0,59.5,46.9,12.0,1,15,0,False,
MOSPI_617938,Rehabilitation And Upgradation to four lane with paved shoulder configuration from km 24350 to km 61875 Jawale - Borgaon Kale of NH-63 in the State of Maharashtra on EPC mode under Annual Plan 2024-25 Total length - 37.525 Km.,Roads & Highways,MoRTH,,574.0,574.0,7.54,0.05,20.0,0.0,26.9,20.8,0.1,0,15,0,False,
MOSPI_707215,National Maritime Heritage Complex [NMHC] Phase-I,"Tourism, Hospitality & Wellness",Indian Port Rail & Ropeway Corporation Ltd. [IPRCL],,573.0,1238.05,656.38,19.47,80.0,1.0,92.7,90.7,0.0,0,15,0,False,
MOSPI_618907,2L/4L of Hoshiarpur to Una section including Hoshiarpur Bypass of NH 503A,Roads & Highways,NHAI,,571.0,481.88,257.79,0.0,26.0,0.0,50.0,41.9,0.0,0,15,0,False,
MOSPI_400104,Punpun Barrage Project,Water Resources,Water Resources-BR,,571.0,658.12,469.66,21.98,44.0,0.0,36.0,12.0,75.0,1,15,0,False,
MOSPI_400180,BONJEMEHARI EXPANSION OCP,Coal,Eastern Coal Fields Limited [ECL],,570.0,570.11,98.58,9.62,17.0,0.0,55.7,61.2,48.0,1,15,0,False,
MOSPI_618748,Khammam-Devarapalle Pkg IV [4L Access Controlled Greenfield from Recherla village to Gurvaygudem village Design Chainage 105236 to 132664],Roads & Highways,National Highways Authority of India [NHAI],,569.0,752.02,355.88,33.65,100.0,0.0,46.1,69.7,8.1,1,15,0,False,
MOSPI_618145,Widening to two lane with paved shoulder of Rampachodavaram - Koyyuru section of NH 516E from Km 43700 to Km 113820  in the State of Andhra Pradesh on EPC mode Job No. 737,Roads & Highways,MoRTH,,568.0,568.0,303.13,4.31,99.0,0.0,33.3,53.8,15.9,1,15,0,False,
MOSPI_603945,Integrated Anandpur Barrage Project,Water Resources,Water Resources-OR,,567.0,2990.05,2810.1,33.87,63.0,0.0,273.0,353.4,78.0,1,15,0,False,
MOSPI_617958,Widening & Strenthening from km132.895 to km 190.15 NH-80,Roads & Highways,MoRTH,,566.0,566.0,293.89,1.54,73.0,-5.0,43.1,65.5,24.9,1,15,0,False,
MOSPI_618306,"Widening/Improvement to 2 lane with earthen shoulder of Choithar to Marrem Khullen section of NH-202 of Imphal Ukhrul Jessami Economic Corridor from Design Chainage km 53.110 to km 95.700  in the State of Manipur on EPC mode under Bharatmala Pariyojana, under NHO-NE  Package-5",Roads & Highways,NHIDCL,,564.0,564.0,173.58,0.6,14.0,0.0,48.0,41.5,5.0,0,15,0,False,
MOSPI_705253,Kurnool Coach Midlife Rehabilitation Project,Railways,South Central Railway [SCR] - II,,563.0,560.72,959.27,9.93,75.0,0.0,54.5,124.0,73.0,1,15,0,False,
MOSPI_618328,4-Laning of Balance work of Dimapur-Kohima Road from design km 152.490 to km 166.700 Existing km 156.000 to km 172.900 Excluding Dimapur & Kohima Bypass under SARDP-NE Package-III,Roads & Highways,NHIDCL,,563.0,794.75,542.85,6.89,84.0,0.0,113.9,125.5,12.1,1,15,0,False,
MOSPI_618222,Widening and Strengthening up gradation to 2 lane with paved shoulder from existing chainage Km 192.98 to Km 229.820 design chainage Km 162.800 to Km 198.18 under 31 BRTF on Akhnoor-Poonch Road NH-144A in the UT of Jammu and Kashmir under Project Sampark Border Roads Organisation BRO on EPC Mode Package-VIII Job No NH-144A-J&K-2022-2023-111,Roads & Highways,MoRTH,,562.0,562.0,158.68,0.16,71.0,0.0,39.0,47.3,14.8,1,15,0,False,
MOSPI_618419,"Construction of 2-Lane with paved shoulders of Shillong Western Bypass starting from NH-06 near Ladumsaw existing Km 60.900 of old NH40 to NH106 old NH 44E Package-III, from km 24700 to km 38256 under SARDP-NE PHASE A in the state of Meghalaya on EPC Mode Greenfield alignment",Roads & Highways,NHIDCL,,562.0,562.0,340.17,85.63,52.0,0.0,41.7,42.1,0.0,0,15,0,False,
MOSPI_618317,4-Laning of chhimluang-Kolasib from section pkg-4 of NH-306 & NH-6 existing chainage km 59700 to km 86000 design chainage km 61000 to km 77500 on Silchar-vairengte-sairang road in the state of Mizoram under Bharatmala Pariyojna on EPC mode Vairengte - Sairang Pkg-4,Roads & Highways,NHIDCL,,562.0,562.0,223.99,223.99,17.0,0.0,60.6,56.8,0.0,0,15,0,False,
MOSPI_702949,Jhansi Water Supply Infrastructure Phase-II Project,Water Resources,Ministry of Housing & Urban Affairs,,562.0,562.0,4045.35,922.08,91.0,0.0,76.5,114.0,29.0,1,15,0,False,
MOSPI_611927,Kurnool - Setting up facilities for coach midlife rehabilitation workshop,Railways,WPO/Patna,,561.0,561.0,276.66,0.0,65.0,0.0,119.9,152.4,0.0,0,15,0,False,
MOSPI_612186,350 Bedded [Upgradable to 500 beds] ESI Hospital at Sanand,Healthcare,Employee's State Insurance Company [ESIC],,558.0,558.0,63.62,0.0,15.0,4.0,44.5,50.9,14.1,1,15,0,False,
MOSPI_617279,Transmission System for evacuation of power from Mahan Energen Limited Generating Station in Madhya Pradesh [SPV Name - POWERGRID MEL Power Transmission Limited],Transmission & Distribution,Power Grid Corporation of India Limited [POWERGRID],,558.0,558.0,180.9,0.0,18.0,3.0,30.0,15.4,0.0,0,15,0,False,
MOSPI_617819,"City Gas Distribution [CGD] Project in Kondagaon, Bastar, Sukma, Narayanpur, Bijapur & Dantewada GA",Petroleum,GAIL Gas,,557.0,557.04,11.63,1.3,2.0,0.0,96.0,51.1,0.0,0,15,0,False,
MOSPI_619113,4L of Padalur - Trichy section from km. 285.00 to km. 325.00 of NH - 45 Pkg VI-C,Roads & Highways,NHAI,,556.0,235.8,235.51,235.59,100.0,0.0,40.9,248.6,201.1,1,15,0,False,
MOSPI_618305,Widening/Improvement to 2 lane with earthen shoulder of Marrem Khullen to Jessami section of NH-202 of Imphal - Ukhrul - Jessami Economic Corridor from Design Chainage km 95.700 to km 140.180  in the State of Manipur on EPC mode under Bharatmala Pariyojana under NHO-NE  Package-6,Roads & Highways,NHIDCL,,555.0,555.0,225.73,4.71,26.0,2.0,44.3,41.6,7.8,1,15,0,False,
MOSPI_618007,Jaynagar-Narahia Section km 156.500 to km 219.945 Lot-III,Roads & Highways,MoRTH,,553.0,706.39,0.0,0.0,99.0,0.0,33.3,127.4,81.6,1,15,0,False,
MOSPI_618186,"Rehabilitation and Up-gradation of Valigonda to Thorrur Section to Two Lane with Paved Shoulders from Km 39.180 to Km 108.300 of NH-930P in the State of Telangana on Engineering, Procurement and Construction EPC Basis",Roads & Highways,MoRTH,,549.0,549.0,325.77,0.0,95.0,0.0,35.7,56.3,21.1,1,15,0,False,
MOSPI_616671,Transmission System under ISTS for evacuation of Power from Kudankulam Unit-3&4 [2x1000 MW]  [SPV Name POWERGRID Kudankulam Tarnsmission Limited],Transmission & Distribution,Power Grid Corporation of India Limited [POWERGRID],,548.0,548.0,208.24,0.0,24.0,4.0,23.7,20.1,3.0,0,15,0,False,
MOSPI_618010,Development to 4-lane with paved shoulder for the road section Talwandi Sabo-Raman road to refinery Road junction with Bathinda Dabwali Road of NH-254 from existing Km 131.600 to Km 155.650 Design Km 131600 to km 155600 in the State of Punjab. Job No NH-254-PB-2022-23-565,Roads & Highways,MoRTH,,547.0,547.0,0.0,0.0,45.0,0.0,43.3,41.6,0.0,0,15,0,False,
MOSPI_619095,Balance works of 4L Panvel  Indapur section of NH66 old NH17 from km 42.300 kasu to km 84.600 Indapur,Roads & Highways,NHAI,,546.0,472.1,420.83,0.13,97.0,15.0,23.1,51.0,27.5,1,15,0,False,
MOSPI_618090,Sarsam - Kothari of NH-161A - 2L  PS from Km.33/00 to 90/00,Roads & Highways,MoRTH,,546.0,546.0,0.0,0.0,97.0,0.0,28.2,114.8,40.1,1,15,0,False,
MOSPI_617940,"Rehabilitation and Upgradation of LB-Nagar to Malkapur section to 6-Lane main carriageway with service roads, drains cum footpath, including VUPs and widening of Minor bridge & road safety provisions from Km. 15/00 to Km 40/00 of NH-65 Old NH-9 under NH O for the year 2020-21 in the state of Telangana on EPC Mode.",Roads & Highways,MoRTH,,545.0,545.0,290.36,0.0,83.0,1.0,39.9,65.7,29.3,1,15,0,False,
MOSPI_618560,Improvement of Geometrics of Thondupally to Kothur from Km 22.300 to Km 34.14 of NH-44,Roads & Highways,NHAI,,542.0,527.43,74.01,1.78,17.0,0.0,30.5,54.4,24.4,1,15,0,False,
MOSPI_705500,3rd Line Wardha - Sewagram - Nagpur,Railways,Central Railway [CR] - II,,540.0,916.53,842.78,0.46,88.0,0.0,123.9,132.4,10.0,1,15,0,False,
MOSPI_618588,4L Mitigation Measure structures on CH/MH Border to Wainganga Bridge Section of NH-6 New NH-53,Roads & Highways,NHAI,,540.0,468.92,464.29,0.01,100.0,0.0,33.0,67.2,33.8,1,15,0,False,
MOSPI_618137,Rehabilitation and Up-gradation of Jarud - Sirsala section of NH-361F km 59500 to km11500 to Two lane with paved shoulder/ Four Lane in the state of Maharashtra on EPC mode Length  55.5 Km.,Roads & Highways,MoRTH,,540.0,540.0,158.38,19.26,68.0,11.0,37.7,30.0,0.0,0,15,0,False,
MOSPI_701719,Rehablitation in Junavadaj Area Smart City Project,Real Estate,ministry of housing and urban affairs,,539.0,539.0,623.44,23.68,98.0,0.0,76.2,126.5,48.8,1,15,0,False,
MOSPI_617997,Widening of existing 2 lane to 4 lane with paved shoulder from Designed km 25.15 to km 56.70 Except Km 52.70 to 53.50 of NH-169  Nellisara Camp to Thirthahalli  of NH-169 on Shimoga-Mangalore section in the state of Karnataka on EPC mode under Annual plan 2022-23 NH-169-KNT-2022-23-978 dated 08.03.2023,Roads & Highways,MoRTH,,539.0,539.0,20.63,6.0,6.0,0.0,59.6,42.3,0.0,0,15,0,False,
MOSPI_709773,"City Gas Distribution Project at Jammu, Udhampur, Reasi, Samba and Kathua Districts",Petroleum,Indian Oil Corporation Limited [IOCL],,538.0,538.0,4.45,0.13,1.0,0.0,150.5,54.0,0.0,0,15,0,False,
MOSPI_619301,Construction of Approach Road to Rail-cum- Road Bridge across river Ganga at Munger Ghat  NH-333 B,Roads & Highways,NHAI,,538.0,633.91,573.97,0.07,100.0,0.0,94.0,157.6,63.1,1,15,0,False,
MOSPI_618754,Upgradation of 2L/4L with Paved Shoulder of Shirwal-Lonand Section from KM 159900 To KM 188025 of NH-965DD Section I and 2L With Paved Shoulder of Lonand-Satara Section from KM 51500 To KM 96246 Of NH-965D Section II in Satara District in the State of Maharashtra on EPC Mode under NHO-,Roads & Highways,NHAI,,538.0,307.24,160.77,0.5,44.0,3.0,27.5,18.3,0.0,0,15,0,False,
MOSPI_400182,SIDULI [OC & UG],Coal,ECL - CIL,,535.0,535.17,5.74,0.03,15.0,0.0,106.3,99.8,36.0,1,15,0,False,
MOSPI_617895,Construction of Mangaldoi Bypass NH-15 starting at Ch 26400 and terminating at Ch 41505 under Rangia NH Division  L 15.105 Km in the State of Assam. Job No. 15/AS/2021-22/234,Roads & Highways,MoRTH,,535.0,535.0,209.27,0.0,76.0,0.0,37.0,53.5,19.4,1,15,0,False,
MOSPI_617979,"Rehabilitation, upgradation & widening of existing highway to 2L/4LPS Rigid Pavement of NH 160 section- Phaltan to Mhaisal near Karnataka Border including Tasgaon Bypass, from existing chainage Km 301/430 to Km 458/415 in the State of Maharashtra. Package-I starting from existing chainage Km 301/430 at Phaltan Village  Junction of Phaltan  Baramati Road Design Chainage -301/430km & ending at existing chainage Km 341/300  Dahiwadi Village Bus Stop Design chainage Km 340466km in the S",Roads & Highways,MoRTH,,534.0,534.0,0.0,0.0,74.0,2.0,38.4,30.0,0.0,0,15,0,False,
MOSPI_618882,Construction of additional 3-Lane Bridge over River Ganga for connection between Buxar and Bharauli on NH-922 in the State of Uttar Pradesh and Bihar on Hybrid Annuity Mode,Roads & Highways,NHAI,,532.0,444.92,47.11,0.35,22.0,2.0,47.2,30.0,0.0,0,15,0,False,
MOSPI_617985,Widening to two lane with paved shoulders from Km 0/0 to 64/020 Pamarru to Akiveedu,Roads & Highways,MoRTH,,530.0,588.65,248.31,248.31,74.0,4.0,43.5,77.5,42.4,1,15,0,False,
MOSPI_617976,Work of development and construction of elevated corridorfrom km 38/660 to km 42/690 Iscon junction to start point of approach of sanand flyover of NH-147 in the sate of Gujarat,Roads & Highways,MoRTH,,530.0,530.0,58.29,0.0,90.0,10.0,38.7,41.7,0.0,0,15,0,False,
MOSPI_618376,Improvement/Widening to 2-Lane with Paved Shoulder between Shillong-Dawki road up to Bangladesh Border from design Km 10.670 to Km 37.550 under JICA ODA Loan assistance Phase-II -Balance Work-Pkg-2,Roads & Highways,NHIDCL,,526.0,526.0,0.0,0.0,53.0,2.0,72.8,74.1,4.8,0,15,0,False,
MOSPI_619291,4L Poanta SahebMednipur from Km. 435.65 to km. 458.65 of NH-07Pkg-1,Roads & Highways,NHAI,,525.0,657.32,319.77,0.0,94.0,0.0,37.0,53.5,14.5,1,15,0,False,
MOSPI_618664,Berkhedi to Godpehra on NH-44 Sagar link road,Roads & Highways,NHAI,,525.0,471.31,385.98,0.02,93.0,1.0,33.0,55.4,25.9,1,15,0,False,
MOSPI_618794,Amritsarairport Junction - Ramdas from km. 100.835 to km. 139.813 Pkg - IV,Roads & Highways,NHAI,,525.0,416.58,395.48,1.34,96.0,0.0,32.5,68.5,36.4,1,15,0,False,
MOSPI_618341,Up-gradation to 2-lane with paved shoulders of Ngopa - Pawlrang section of NH 102B of Aizawl - Imphal Economic Corridor from Existing Chainage km 32.796 to km 72.030 [Design Chainage km 31.280 to km 68.170] in the State of Mizoram under Bharatmala Pariyojna on EPC mode under NHO-NE Package-2  Keifang- Tuivai Pkg-2,Roads & Highways,NHIDCL,,524.0,524.0,394.29,0.0,95.0,0.0,41.1,59.8,15.2,1,15,0,False,
MOSPI_618982,Talabira II & III OCP - FMC,Coal,NLC India Limited [NLCIL],,522.0,522.0,334.44,9.7,75.0,1.0,43.3,46.5,6.7,1,15,0,False,
MOSPI_612853,Gurdaspur Jammu Pipeline,Petroleum,Gas Authority of India Limited [GAIL],,522.0,521.9,326.4,7.3,91.0,6.0,36.0,38.1,0.0,0,15,0,False,
MOSPI_618559,6L of existing 4L from Gundlapochampally  to Bowenpally from km 471.300 to  km 481.331 of NH-44,Roads & Highways,NHAI,,522.0,528.21,257.31,0.78,50.0,0.0,31.1,56.6,29.0,1,15,0,False,
MOSPI_617409,Railway Manufacturing Unit,Railways,RVNL - II,,521.0,521.0,492.12,0.04,91.0,1.0,126.0,122.5,0.0,0,15,0,False,
MOSPI_618654,4L Greenfield Rudhi to Deshgaon Pkg V of Betul-Khandwa/Deshgaon,Roads & Highways,NHAI,,521.0,469.68,199.48,3.31,64.0,0.0,35.0,46.4,22.6,1,15,0,False,
MOSPI_618611,Sangariya near Chautala-Rasisar near Bikaner section of NH-754K Phase-I AJ/SR-Package-7,Roads & Highways,NHAI,,521.0,548.42,450.59,0.01,100.0,0.0,52.8,91.3,38.1,1,15,0,False,
MOSPI_705244,Coach Production Factory Upgradation Project,Railways,CPM/ICF,,520.0,520.0,192.25,0.0,0.0,0.0,48.9,105.3,0.0,0,15,0,False,
MOSPI_705526,Samastipur-Darbhanga Doubling Railway Project,Railways,East Central Railway [ECR] - I,,519.0,519.0,536.32,0.0,93.0,1.0,112.4,129.9,7.0,1,15,0,False,
MOSPI_618326,Widening/Improvement to 4-Lane with Paved Shoulder from KM 38500 to Km 51246 Design Chainage 38500 to 50959 with proposed Daboka Bypass of Daboka-Parokhaowa of NH 29 on EPC under NHO-NE Package-1,Roads & Highways,NHIDCL,,517.0,517.0,322.98,322.98,100.0,2.0,34.8,44.3,6.8,1,15,0,False,
MOSPI_618031,Balance work of Construction of Two/Four lane with paved shoulder from Km 422.000 to 523.600  Chitradurga to Shivamogga  of NH-13 in the state of Kanataka on EPC mode.,Roads & Highways,MoRTH,,517.0,517.0,333.48,0.0,0.0,0.0,59.9,68.4,0.0,0,15,0,False,
MOSPI_619253,Construction of 4 lane Bypass to Nalgonda Town lrorn Km 000 Existing Ch. 181590 to Km 14.00 Existing Ch. 28/685 ol Nakrekal to Nagarjunsagar Section of NH -565 in the State of Telangara on EPC under Annual Plan 2024 -25,Roads & Highways,MoRTH,,516.0,516.0,0.0,0.0,56.0,7.0,35.2,22.5,0.0,0,15,0,False,
MOSPI_617818,"City Gas Distribution [CGD] Project in Gajapati, Kandhamal, Boudh, & Sonepur GA",Petroleum,GAIL Gas,,515.0,514.91,25.77,0.87,6.0,0.0,118.0,54.5,0.0,0,15,0,False,
MOSPI_400172,CHITRA EAST OC,Coal,ECL - CIL,,514.0,514.0,276.0,1.72,53.0,0.0,91.6,97.1,24.0,1,15,0,False,
MOSPI_617253,Revamping of old sub-systems of Blast Furnace 3 at Bokaro Steel Plant,Steel,Steel Authority of India Limited [SAIL],,514.0,514.0,412.95,4.55,99.0,2.0,22.8,37.2,10.9,1,15,0,False,
MOSPI_618091,Widening to two lane with paved shoulders from Km 0/000 to Km 45/946 of Nizampet-Narayankhed-bidar section of NH-161B in the state of Telangana under Annual Plan 2021-22 on EPC mode under NHO,Roads & Highways,MoRTH,,513.0,513.0,152.49,1.04,46.0,0.0,46.7,53.6,13.0,1,15,0,False,
MOSPI_618395,"Construction & Upgradation to 2-lane with paved shoulder from Design Ch. Km 51700 at Premnagar km 66315 to Km 66535 New Thatri at Start of Km 83rd, Tunnel Km 82665 of 14.835 Km design length on Chenani-Sudhmahadev-Goha Khellani-Kishtwar-Vailoo Donipawa-Ashajipora section of NH-244 in the UT of J&K on EPC Mode under NHO-Gen Pkg - 2",Roads & Highways,NHIDCL,,512.0,512.0,164.66,8.97,53.0,0.0,22.9,65.5,44.2,1,15,0,False,
MOSPI_617911,Rehabilitation and upgradation Umaria to Shahdol section of NH-78 from Existing Km. 68/4 to Km. 142/2 to 2LPS including construction of Birshinghpur and Shahdol Bypass on EPC mode under NHDP-IVA,Roads & Highways,MoRTH,,512.0,613.16,0.0,0.0,94.0,0.0,29.0,138.5,109.0,1,15,0,False,
MOSPI_617920,Widening and Strengthening to 2LPS including LA from km 318.970 to 353.450 Balikuda-Mulkani Section of NH-55 under NHO in Annual Plan 2022-23 in the State of Odisha. Job No. NH-55-OD-2022-23-656,Roads & Highways,MoRTH,,512.0,512.0,7.64,7.64,3.0,0.0,64.2,55.7,0.0,0,15,0,False,
MOSPI_400160,RAJRAPPA RCE OCP,Coal,CCL - CIL,,511.0,511.0,489.2,0.49,76.0,0.0,75.2,200.7,132.0,1,15,0,False,
MOSPI_618330,Construction of 4/6 Laning from existing Km 159.400 of NH-36 to existing Km 102.500 of NH-39 and upto end point of Assam portion [Design Km 118.050 to design Km 132.375] Total New Alignment length of 14.325 Km  of Daboka -Dimapur Section Dimapur Bypass in the state of Assam under SARDP-NE 'Phase-A' on EPC mode Assam Portion,Roads & Highways,NHIDCL,,511.0,511.0,647.21,0.0,100.0,0.0,56.6,102.2,34.2,1,15,0,False,
MOSPI_619013,"Construction of Balance Work of 4-Laning of the Section from Jhanji to Demow of NH-37 Old from Km 501.800 to Km 514.800 13.000 Km, under SARDP- NE under EPC Mode in the state of Assam Pkg-II Road Works",Roads & Highways,NHIDCL,,509.0,542.87,111.18,0.17,74.0,0.0,134.7,142.5,9.3,1,15,0,False,
MOSPI_618334,Widening to 2 Lane with Paved shoulder of lmphal to Jiribam section of NH-37 from Design Ch. from km 131.280 to km 169.570 on EPC mode in Manipur under NHO-TSP PKG-6,Roads & Highways,NHIDCL,,505.0,505.0,325.89,0.0,95.0,0.0,37.8,57.1,22.8,1,15,0,False,
MOSPI_618076,Improvement and Widening two lannig with paved Shoulder of NH 127B from km 31.500 Goeragre to km 63.224 Package-II in state of Meghalaya,Roads & Highways,MoRTH,,504.0,350.67,0.0,0.0,4.0,2.0,41.2,33.2,0.0,0,15,0,False,
MOSPI_400181,NAKRAKONDA KUMARDIH- B OCP,Coal,ECL - CIL,,503.0,502.67,88.9,4.96,29.0,1.0,127.6,97.1,0.0,0,15,0,False,
MOSPI_603293,Badam Coal Mining project of NTPC,Coal,National Thermal Power Corporation [NTPC],,502.0,784.0,471.08,32.51,68.0,0.0,454.9,91.4,0.0,0,15,0,False,
MOSPI_709768,City Gas Distribution Project at Dharmapuri and Krishnagiri Districts,Petroleum,MinistryofPetroleumNaturalGas,,501.0,501.0,111.55,0.0,5.0,0.0,36.0,12.0,0.0,0,15,0,False,
MOSPI_619010,Up-gradation to 2 lane with paved shoutders of Pawlrang - Rulchawm section- of NH-102B of Aizawl - Imphal Economic Corridor from Existing Chainage km 72.030 to km 104.129 including 2.459 km re-alignment section from Tuivai River to Rulchawm connecting km 48.150 of NH-6 [Design Chainage km 68.170 to km 98.579] in the State of Mizoram under Bharatmala Pariyojna on EPC mode under NHO-NE Package-3  Keifang- Tuivai Pkg-3,Roads & Highways,NHIDCL,,501.0,501.0,443.61,1.53,100.0,0.0,40.8,57.1,14.4,1,15,0,False,
MOSPI_615343,Provision of Dynamic Reactive Compensation at Khavda pooling Station 1 [KPS1] and Khavda Pooling station 3 [KPS3],Transmission & Distribution,Power Grid Corporation of India Limited [POWERGRID],,501.0,501.0,26.45,1.4,9.0,0.0,23.9,22.2,0.0,0,15,0,False,
MOSPI_611570,"SITC of ATM Automation System and ASMGCS [Including SMR & MLAT] for Mumbai, Navi Mumbai, Jewar [earlier MOPA, without ASMGCS], HIAL & BIAL",Aviation,Airport Authority of India [AAI],,500.0,500.0,399.77,1.02,80.0,0.0,56.8,68.9,11.6,1,15,0,False,
MOSPI_609019,"HEFA projects on development of student hostels, playgrounds, departmental buildings, class room complex and other campus facilities in IIT Kharagpur",Education,"Indian Institute of Technology, Kharagpur",,500.0,442.0,418.86,0.0,97.0,0.0,57.2,98.7,45.0,1,15,0,False,
MOSPI_705659,Satna - Rewa 50 km,Railways,CE/C-4/WCR WCR mor,,500.0,646.1,618.19,44.39,88.0,0.0,124.4,129.9,0.0,0,15,0,False,
MOSPI_617921,Widening and strengthening to 2LPS including LA of Kandarpur-Balikuda from km 277/500 to 318/970 of NH-55 in the State of Odisha under Annual Plan 2021-22.,Roads & Highways,MoRTH,,500.0,500.0,131.36,0.0,66.0,5.0,38.4,53.7,17.7,1,15,0,False,
MOSPI_618182,Widening to Two lane with paved shoulders from 106/830 to 158/496 of Yellareddy-Rudrur Section of NH-765D in the state of Telangana on EPC mode under NHO under Annual plan 2022-23,Roads & Highways,MoRTH,,500.0,500.0,207.08,9.83,69.0,2.0,44.7,47.0,10.5,1,15,0,False,
MOSPI_706718,C/o NITB Imphal Airport,Aviation,Airport Authority of India [AAI],,499.0,499.0,212.17,5.34,53.0,0.0,32.4,58.4,29.6,1,15,0,False,
MOSPI_606013,Additional Campus  of NITPatna,Education,NIT Patna,,499.0,499.0,449.96,0.0,99.0,1.0,24.3,49.8,18.0,1,15,0,False,
MOSPI_703586,Baiyyappanahalli - Hosur Doubling Project [48 km],Railways,Karnataka Rail Infrastructure Development Company Limited...,,499.0,748.7,713.85,13.21,88.0,3.0,60.0,89.5,22.0,1,15,0,False,
MOSPI_618956,Construction of Major Bridge over Baghmati and Lakhandei River along with Approaches from Design km.16.500 to km.21.500,Roads & Highways,NHAI,,499.0,380.3,57.23,13.28,27.0,5.0,38.5,31.0,10.5,1,15,0,False,
MOSPI_615331,GADEGAON OC 3 MTY,Coal,WCL - CIL,,497.0,497.0,95.69,8.97,2.0,0.0,77.1,34.6,0.0,0,15,0,False,
MOSPI_617932,Construction of New Four Lane Bypass to Parbhani City Parwa to Asola Km 463/265 to Km 481/180 Design Ch. 19220 to Ch. 34434 Length-15.214 Km section of NH-61 on EPC mode in the State of Maharashtra.,Roads & Highways,MoRTH,,497.0,497.0,210.17,210.17,70.0,0.0,30.6,53.6,24.5,1,15,0,False,
MOSPI_619038,Construction/upgradation to 2-lane with paved shoulder from Design Km 95.55 Bandarkoot to Km. 111.06 Chattroo of 15.52 Km length on Khellani-Kishtwar-Chattroo section on NH-244  in UT of Jammu and Kashmir on EPC Mode Pkg-5,Roads & Highways,NHIDCL,,497.0,497.0,270.82,0.02,100.0,0.0,22.7,65.5,37.3,1,15,0,False,
MOSPI_618365,Widening to 2 Lane with Hard shoulder of Akegwo-Avangkhu section of NH-202K for Package-III Design Chainage 69875 Km to 106816 Km in the State of Nagaland on EPC mode under NHO-NE,Roads & Highways,NHIDCL,,497.0,497.0,0.0,0.0,86.0,0.0,38.3,45.0,0.0,0,15,0,False,
MOSPI_611957,"Phase III A works at IIT Indore [03 Hostels, 01 Studio Apartment, 01 Housing, Heavy & Sophisticated lab complex, Academic POD and  Infrastructure for center of excellence]",Education,"Indian Institute of Technology, Indore",,496.0,496.0,143.95,5.35,35.0,5.0,36.0,12.0,0.0,0,15,0,False,
MOSPI_619316,"Group Gathering Station, Lakwagaon",Petroleum,Oil India Limited,,496.0,495.59,20.04,0.0,8.0,0.0,24.4,11.2,0.0,0,15,0,False,
MOSPI_618033,4-Laning of Itanagar to Bandardewa section of NH-415from km 40430 to km 51735 Package-Bon EPC Mode in the state of Arunachal Pradesh Job NO. 415/Ar. P/2020-21/031,Roads & Highways,MoRTH,,496.0,496.0,171.91,6.48,51.0,0.0,53.4,74.7,19.7,1,15,0,False,
MOSPI_612885,Construction and Developement of National Institute of Technology Meghalaya Permanent Campus at Sohra,Education,"National Institute of Technology, Meghalaya",,495.0,429.7,426.07,4.0,91.0,1.0,150.4,203.9,55.0,1,15,0,False,
MOSPI_705764,Nimach-Badi Sadri NL Project 48 km,Railways,CAOC/NWR NWR mor,,495.0,895.67,577.16,271.16,60.0,14.0,89.8,95.4,3.0,0,15,0,False,
MOSPI_705743,Talcher-Angul  New Line with Y-Connection at Talcher,Railways,CAO/C/ECoR,,495.0,495.0,29.5,0.0,1.0,0.0,107.0,98.5,12.0,1,15,0,False,
MOSPI_618146,Estimate for Improvement to two lane with paved shoulder from Ramnagar to Roseda from km 3.500 to 43.000 of NH 527 E on EPC mode in State of Bihar,Roads & Highways,MoRTH,,495.0,495.0,0.38,0.38,39.0,2.0,51.0,56.1,12.6,1,15,0,False,
MOSPI_615857,Naini Coal Mine,Coal,Singareni Collieries Company Limited [SCCL],,494.0,494.0,491.33,0.0,80.0,0.0,73.0,78.5,0.0,0,15,0,False,
MOSPI_705771,Allahabad-Bamhrauli Flyover Construction & 4th Railway Line Project,Railways,North Central Railway,,494.0,494.0,410.3,12.73,80.0,2.0,84.0,89.5,0.0,0,15,0,False,
MOSPI_705663,Bangalore-Whitefield-Bangalore City-Krishnarajapuram 23.08 km - Quadrupling,Railways,CPM/GS/SBC SWR mor,,493.0,717.54,459.94,114.12,70.0,-5.0,95.3,101.9,0.0,0,15,0,False,
MOSPI_400019,DHULE [BORVIHIR] - NARDANA NEW LINE [50.60 KMS],Railways,Central Railway,,493.0,1170.83,560.32,18.06,38.0,13.0,95.0,91.5,9.0,1,15,0,False,
MOSPI_611980,Junagarh Visavadar 42 Kms,Railways,WR,,493.0,492.83,3.0,0.0,1.0,0.0,76.0,51.4,0.0,0,15,0,False,
MOSPI_618446,Construction & Upgradation of existing road to 2-lane with paved shoulder from New Rolep Bridge at km 37.600 to Chochenpheri at km 52.00 in the section of Rongli to Chochenpheri of NH 717B Pkg-II C,Roads & Highways,NHIDCL,,493.0,478.79,395.19,395.16,79.0,0.0,43.5,71.3,28.3,1,15,0,False,
MOSPI_618156,"Construction of Morena bypass, Ambah bypass & Porsa bypass Totat length 27.16 km Section of NH-552 Ext. to TWo lane with paved shoulder configuration in the state of Madhya Pradesh on EPC mode",Roads & Highways,MoRTH,,493.0,493.0,0.0,0.0,74.0,2.0,43.8,43.2,0.0,0,15,0,False,
MOSPI_615183,KHADIA EXPANSION [10 TO 16 MTP,Coal,NCL - CIL,,492.0,492.0,379.69,102.94,57.0,1.0,45.2,62.7,24.0,1,15,0,False,
MOSPI_618043,Upgradation and reconstruction of Dindori - Mandla Section of NH 543 from Km 77100 Design to Km 170580 Design Total length 93.48km to Two lane with paved shoulder configuration along with One time improvement in 04 nos of bypassed built-up areas in a total length of 7.23 km in the state of Madhya Pradesh on EPC mode,Roads & Highways,MoRTH,,492.0,523.71,0.0,0.0,88.0,0.0,52.0,53.6,2.1,0,15,0,False,
MOSPI_612916,"Construction of permanent campus of Central University of Gujarat at Village kundhela, Dist. Vadodara, Gujarat.",Education,Central University of Gujarat,,491.0,491.0,342.26,2.86,86.0,0.0,51.1,68.6,12.0,1,15,0,False,
MOSPI_618316,4-Laning  of Vairengte - Chhimluang section Package-3 of NH-306 from Existing Chainage km 43000 to Km 59700 Design Chainage km 46000 to km 60850 on Silchar - Vairengte- Sairang road in the State of Mizoram under Bharatmala Pariyojna under NHO-NE. Package-1&2 in Assam state,Roads & Highways,NHIDCL,,491.0,491.0,238.01,0.16,18.0,0.0,61.1,57.4,0.0,0,15,0,False,
MOSPI_618841,4L Elevated Section and at-grade improvements at Begusarai town Simaria - Khagaria section  from Km. 221.047 to Km. 225.302 of NH-31,Roads & Highways,NHAI,,491.0,348.38,354.17,6.13,96.0,0.0,38.3,59.0,20.2,1,15,0,False,
MOSPI_618130,Widening to 2 lane with paved shoulders from 0.00 to 32.970 ofAdilabadto Bela section of NH 353B in the State of Telangana,Roads & Highways,MoRTH,,491.0,491.0,149.79,149.79,79.0,4.0,42.2,46.6,7.9,1,15,0,False,
MOSPI_615864,Ramagundam OC-II Extension Project,Coal,Singareni Collieries Company Limited [SCCL],,490.0,490.0,405.54,0.0,77.0,0.0,124.9,130.5,0.0,0,15,0,False,
MOSPI_618152,Mhaswad to Tembhurni section of NH-548C - 2L  PS,Roads & Highways,MoRTH,,489.0,489.0,0.0,0.0,96.0,0.0,30.1,115.6,77.0,1,15,0,False,
MOSPI_618917,4L Greenfield starting from NH-30 near Saristabad Patna to Nathupur Project end point of Patna-Gaya-Dobhi Section of NH-83,Roads & Highways,NHAI,,488.0,419.66,101.06,0.0,88.0,1.0,25.4,38.0,12.6,1,15,0,False,
MOSPI_617391,Augmentation of Transformation Capacity at Bhuj-II PS [GIS],Transmission & Distribution,Power Grid Corporation of India Limited [POWERGRID],,488.0,488.0,14.64,4.88,7.0,3.0,20.9,18.7,7.2,1,15,0,False,
MOSPI_611977,Dahod Creation of Infrastructure facilities for 9000 HP Electric locomotives Manufacturing at,Railways,PCE/WR,,487.0,487.0,222.88,0.0,53.0,0.0,33.0,51.5,0.0,0,15,0,False,
MOSPI_618396,Construction & Upgradation to 2 lane with paved shoulder from Design Km. 31.449 Khellani Ex. Km 44.946 to Km 51.700 Prem Nagar Ex. Km 68617 of 20.251 Km length on Khellani - Kishtwar - Chattroo section of NH-244 in the UT of J&K on EPC Mode under NHO-Gen PKG- 1,Roads & Highways,NHIDCL,,486.0,486.0,0.0,0.0,0.0,0.0,18.8,67.4,25.2,1,15,0,False,
MOSPI_612789,"Development of additional RESA on either end on Runway 10-28  at Calicut Airport.  Construction of embankment with slope protection, drainage system and associated works for additional RESA on either end on Runway 10-28",Aviation,Airport Authority of India [AAI],,485.0,485.0,242.51,15.01,66.0,2.0,27.7,39.3,15.1,1,15,0,False,
MOSPI_613793,SHYAMSUNDARPUR UG INCLUDING SA,Coal,ECL - CIL,,484.0,484.0,96.8,17.92,17.0,0.0,71.5,77.0,24.0,1,15,0,False,
MOSPI_615863,Venkatesh Khani Coal Mine,Coal,Singareni Collieries Company Limited [SCCL],,484.0,484.0,477.14,10.52,97.0,1.0,65.9,71.5,0.0,0,15,0,False,
MOSPI_617837,Siliguri Marketing Terminal [SMT] Capacity Augmentation Project,Petroleum,Numaligarh Refinery Limited,,484.0,484.0,319.32,3.92,89.0,1.0,49.7,58.2,10.0,1,15,0,False,
MOSPI_705458,Miyagam-Karjan-Dabhoi-Samlaya 96.46 km- Gauge conversion with electrification,Railways,CAOCWR WR mor,,484.0,1015.07,816.25,92.73,34.0,-5.0,119.2,115.9,0.2,0,15,0,False,
MOSPI_618355,"Construction of of 2 -Lane with paved shoulders road from Tamenglong-Tousem-Lisang-Mahur Road NH-137 starting near Dialong Village from km 10.000 at Dialong to km 31.430 near Old Tamenglong , near Barak River on EPC Mode Package-2",Roads & Highways,NHIDCL,,484.0,484.0,375.87,3.77,95.0,0.0,19.8,61.9,36.5,1,15,0,False,
MOSPI_619313,Setting up of 50 MW [plus/minus 5 percent] Wind Power Plant for Captive Consumption at MR,Power,Bharat Petroleum Corporation Limited [BPCL],,483.0,483.14,380.62,20.34,78.0,12.0,47.5,40.0,0.0,0,15,0,False,
MOSPI_709831,SOURCING OF BAUXITE ARRANGEMENT FOR 5TH STREAM ALUMINA REFINERY FROM SOUTH BLOCK MINING LEASE OF PANCHPATMAILI MINES,Steel,National Aluminium Company Limited [NALCO],,483.0,483.0,453.89,2.19,93.0,0.0,90.6,106.1,13.0,1,15,0,False,
MOSPI_611939,Himatnagar Khedbrahma  55 km,Railways,Railway,,482.0,482.42,461.0,0.0,96.0,0.0,36.0,51.5,300.0,1,15,0,False,
MOSPI_618992,100 MW SPP part of SECI 150 MW Hybrid,Power,NLC India Limited [NLCIL],,481.0,481.0,2.75,0.09,1.0,0.0,53.4,49.8,0.0,0,15,0,False,
MOSPI_709847,Pipeline Network Project Rudrasagar,Petroleum,Oil and Natural Gas Corporation Limited [ONGC],,481.0,481.03,238.83,0.13,55.0,0.0,39.0,43.6,12.1,1,15,0,False,
MOSPI_701127,Construction of New Passenger Terminal Building for Domestic Operations at Jodhpur Airport.,Aviation,Airport Authority of India [AAI],,480.0,480.0,348.2,0.19,100.0,0.0,46.0,51.5,2.5,0,15,0,False,
MOSPI_400010,"Construction of Terminal Building & Associated works at Leh Airport, Ladakh",Aviation,Airport Authority of India [AAI],,480.0,640.0,512.55,3.14,88.0,5.0,37.6,97.6,58.5,1,15,0,False,
MOSPI_705712,RBMV Machine Procurement Project,Railways,EDTK[MC]/RB,,480.0,480.0,20.65,20.32,27.0,20.0,57.0,83.5,42.0,1,15,0,False,
MOSPI_615193,BASUNDHARA WEST EXTENSION OPEN,Coal,MCL - CIL,,479.0,479.0,281.62,0.05,67.0,-1.0,58.8,148.3,120.0,1,15,0,False,
MOSPI_617917,"Construction of 4 Lane Flyover at Nagpur RTO Chowk To Nagpur University Campus from Ch 2/250 to 5/100 and 4 lane flyover at wadi/midc junction from km 8/360 to km, 10/300 on NH 53 in state of Maharashtra.",Roads & Highways,MoRTH,,479.0,490.52,0.0,0.0,95.0,0.0,35.0,65.5,13.0,1,15,0,False,
MOSPI_618126,"Pre-Construction activities from Km 134.000 to Km 190.233 of NH-333A and Construction of 4 no. of Bypasses at Katoria, Lakhpura, Banka & Panjwara total length-14.359 Km to two lane with paved shoulders standard in State of Bihar.",Roads & Highways,MoRTH,,479.0,479.0,67.37,0.0,59.0,1.0,48.9,46.2,3.7,0,15,0,False,
MOSPI_618676,6L of  Dhanara - Hatibena Section from Km 124.611 to km 146.50 of NH-130-CD Package  OD-1,Roads & Highways,National Highways Authority of India [NHAI],,478.0,638.32,297.98,0.0,100.0,1.0,37.3,67.1,25.2,1,15,0,False,
MOSPI_618357,Construction of 2 -Lane with paved shoulders road from Tamenglong to Mahur NH-137 in Manipur starting from km 54.180 near Azuram to km 80.630 near Mandeu on EPC Mode Package 5,Roads & Highways,NHIDCL,,478.0,478.0,330.13,0.01,85.0,0.0,20.3,60.2,32.5,1,15,0,False,
MOSPI_618439,"Construction of Balance Work of 4-Laning of the Section from Jorhat to Jhanji of NH-37 Old  from Km 453000 to Km 463000 10.000 Km, under SARDP- NE under EPC Mode in the state of Assam Pkg-I Road Works",Roads & Highways,NHIDCL,,478.0,478.0,0.0,0.0,97.0,0.0,7.0,32.2,22.6,1,15,0,False,
MOSPI_617959,Rehabilitation & Widening work for 2 Lane with Paved Shoulder of Existing NH-80 from km 70.15 to Km 121.025 of Munger-Suttanganj -BhagatpurMirzachowki section on EPC Mode in the State of Bihar.,Roads & Highways,MoRTH,,478.0,478.0,311.39,0.0,96.0,1.0,46.1,65.5,0.0,0,15,0,False,
MOSPI_612876,"Construction of Permanent Campus for NIT Mizoram at Lengpui, Aizawl",Education,NIT Mizoram,,474.0,474.23,167.55,0.0,4.0,0.0,243.4,203.9,0.0,0,15,0,False,
MOSPI_705785,Lodhma - Piska - Link Line bypassing Hatia/Ranchi with Y connection,Railways,South Eastern Railway [SER] - I,,473.0,473.0,349.31,4.81,10.0,-4.0,58.1,60.6,11.0,1,15,0,False,
MOSPI_618119,Rehabilitation and up-gradation to 2-lane configuration of Bageshwar to Kangarchina road from km 129.600 to Km 161.600 Existing Chainage 136.00 to Km 169.00 of NH-309Ain the State of Uttarakhand Package-IV under NHO Annual Plan 2021-22,Roads & Highways,MoRTH,,472.0,472.0,0.0,0.0,67.0,2.0,58.9,53.5,0.0,0,15,0,False,
MOSPI_617999,Widening to 2LPS from Km 67 to Km 115 on Kadur-Hosadurga section NH 173 in the state of Karnataka NH-173-KNT-2022-23-980 dated 13.03.2023,Roads & Highways,MoRTH,,472.0,472.0,91.74,11.66,70.0,6.0,38.2,42.1,11.4,1,15,0,False,
MOSPI_617255,"Replacement of Converter Vessels, Trunnion Rings, Support System & Installation of Secondary Emission at Bhilai Steel Plant",Steel,Steel Authority of India Limited [SAIL],,472.0,472.0,266.11,8.93,74.0,4.0,31.4,34.5,3.5,0,15,0,False,
MOSPI_611884,Doubling between Bhiwani - Dobh Bahali PB73/2023-24/NR,Railways,CAOC/NWR NWR mor,,471.0,471.0,342.36,68.95,77.0,4.0,52.0,42.6,8.0,1,15,0,False,
MOSPI_618534,Construction of Six lane elevated flyover including reconstruction/rehabilitation of existing pavement from Km 426230 to Km 430500  Length  4.27 Km at Nirsa in the Barwa Adda Panagarh section of NH-19 from Km.398.240 to Km.521.120 including Panagarh Bypass in the State of Jharkhand on EPC Mode.,Roads & Highways,NHAI,,471.0,471.0,0.93,0.04,0.0,0.0,42.6,19.6,0.0,0,15,0,False,
MOSPI_618905,Widening with additional 3L abetting Chhapra Bypass Section of NH-19 from Km. 143.200 to Km. 159.255 Pkg-1,Roads & Highways,NHAI,,470.0,528.48,302.74,15.22,77.0,4.0,30.0,30.6,2.0,0,15,0,False,
MOSPI_617403,SADULPUR - CHURU  DOUBLING PROJECT,Railways,North Western Railway [NWR],,469.0,469.0,197.84,2.42,95.0,1.0,29.2,31.7,0.0,0,15,0,False,
MOSPI_611918,Kosamba- Umarpada 69.70 Km PB32/WR/2023-24,Railways,CAOCWR WR mor,,468.0,468.0,146.38,101.76,31.0,22.0,44.5,38.1,0.0,0,15,0,False,
MOSPI_616983,Kosamba Umarpada GC PROJECT,Railways,Ministry of Railways-,,468.0,468.0,70.54,0.0,16.0,0.0,47.5,38.1,0.0,0,15,0,False,
MOSPI_619222,"Balance works of four lane from km 43.950 Thiruvallur Bypass to km 61.470 Veppampattu Bypass passing through Thannerkulam, Thozur and Sevapet Bypass 17.520 kms of Tirupathi- Tiruttani- Chennai section of NH 205",Roads & Highways,NHAI,,468.0,699.68,595.08,0.65,98.0,0.0,30.5,54.3,22.8,1,15,0,False,
MOSPI_618441,"Construction of Balance Work of 4-Laning of the Section from Jhanji to Demow of NH-37 Old from Km 490.800 to Km 501.800 11.000 Km, under SARDP- NE under EPC Mode in the state of Assam Pkg-I Road Works",Roads & Highways,NHIDCL,,468.0,476.5,97.88,25.75,87.0,87.0,116.8,128.4,13.1,1,15,0,False,
MOSPI_618129,"Construction of Kasrawad bypass, Selani bypass, Khargone bypass & Bistan bypass Total length. 31.950 km Section of NH-347 C to Two lane with paved shoulder configuration in the State of Madhya Pradesh on EPC mode.",Roads & Highways,MoRTH,,468.0,468.0,167.65,167.65,99.0,13.0,45.3,41.8,0.0,0,15,0,False,
MOSPI_618507,"Balance work of Six Laning of Shamlaji-Motachiloda from Km. 401.200 to Km.494.410 section Design Chainage Km.447.385 to Km 540.595, Length- 93.210 Km of old NH-8 NH-48 in the state of Gujarat on single Percentage Item Rate Contract",Roads & Highways,NHAI,,467.0,501.48,577.62,0.31,92.0,0.0,12.0,27.3,14.8,1,15,0,False,
MOSPI_618337,Widening to 2 -Lane with Paved shoulder of Imphal to Jiribam section of NH-37 from Design Chainage 33.000 km to 66.390 Km Existing Chainage from km 33.395 to km 67.496 on EPC Mode in Manipur PKG-3,Roads & Highways,NHIDCL,,467.0,467.0,593.79,0.35,86.0,0.0,23.6,65.5,35.4,1,15,0,False,
MOSPI_706836,Dedicatedtest track for RDSO Phase-2 34 km Umbrella work PB22/2019-20/NR,Railways,CAOC/NWR NWR mor,,466.0,619.19,586.33,48.11,98.0,0.0,60.4,57.9,0.0,0,15,0,False,
MOSPI_617069,Augmentation of Transformation Capacity at KPS1 [GIS] and KPS2 [GIS] [Phase-V Part B1 and Part B2 Scheme]  [SPV Name- POWERGRID KPS1 and 2 Augmentation Transmission Limited],Transmission & Distribution,Power Grid Corporation of India Limited [POWERGRID],,466.0,466.0,154.9,11.42,37.0,0.0,23.9,18.9,0.0,0,15,0,False,
MOSPI_619077,6 laning of Balance Work of Chennai - Tada from km. 21.40 to km. 54.40,Roads & Highways,NHAI,,465.0,472.37,389.77,0.02,100.0,0.0,27.7,105.3,77.1,1,15,0,False,
MOSPI_709774,Revamping/ Augmentation of facilities at existing port terminal at Mangalore,Petroleum,Indian Oil Corporation Limited [IOCL],,463.0,500.62,327.65,6.06,86.0,1.0,47.0,55.5,17.9,1,15,0,False,
MOSPI_618609,Construction of 4L Flyover from MES College Junction to Bogmalo Junction on NH-566 from Km. 7.106 to Km. 10.460 and 4L VUP at Queeny Nagar Junction from Km. 3.330 to Km. 4.550,Roads & Highways,NHAI,,463.0,316.28,168.21,0.0,59.0,2.0,30.4,31.9,10.0,1,15,0,False,
MOSPI_709812,NADIAD-PETLAD [37.26 KM],Railways,Railway,,462.0,462.0,186.9,0.12,8.0,0.0,97.4,52.0,0.0,0,15,0,False,
MOSPI_602797,"Sainthia, Sitarampur, Mughalsarai, Allahabad & Etawah - Bypass Line Project",Railways,Eastern Railway [ER] - I,,462.0,461.64,296.61,5.37,33.0,1.0,115.6,109.2,0.0,0,15,0,False,
MOSPI_619084,Start of Karur Bypass - Dindigul from km. 292.600 to km. 305.600 Contract Package No. NS2/BOT/TN-4,Roads & Highways,National Highways Authority of India [NHAI],,462.0,515.03,42.28,0.01,100.0,0.0,44.0,252.9,210.0,1,15,0,False,
MOSPI_709759,"Petrochemical evacuation marketing terminal at Barmer, Rajasthan",Power,Hindustan Petroleum Corporation Limited,,461.0,461.05,252.18,17.08,98.0,2.0,36.0,33.3,0.0,0,15,0,False,
MOSPI_619007,Upgradation of Sarvardewla to Pal MP/MH Border Road section of NH-347 C from Design Chainge km 81.600 to 137.400 Total length 55.80 km to two lane with paved shoulder configuration along with One time improvement of 1 .95 km in the State of Madhya Pradesh on EPC mode.,Roads & Highways,MoRTH,,461.0,461.0,2.77,2.77,0.0,0.0,57.2,41.7,0.0,0,15,0,False,
MOSPI_709749,PHASE-I OF CONSOLIDATION OF EXISTING CDR DATA CENTERS AND NIB-P3 DATA CENTERS WITH STATE OF THE ART,Telecommunications,BSNL,,461.0,461.0,166.02,0.0,81.0,0.0,15.0,77.9,54.4,1,15,0,False,
MOSPI_400111,Kelo Irrigation Project,Water Resources,Water Resources-CT,,460.0,727.04,620.15,1.3,73.0,1.0,141.0,221.5,78.0,1,15,0,False,
MOSPI_613800,JAGANNATHPUR OC RCE PROJECT,Coal,SECL - CIL,,459.0,459.0,290.4,11.69,96.0,0.0,104.2,121.7,24.0,1,15,0,False,
MOSPI_618083,Construction of byepass around Lohardaga town of NH-143A in the Sate of Jharkhand under EPC mode.,Roads & Highways,MoRTH,,459.0,459.0,2.32,2.32,5.0,0.0,46.4,54.7,8.8,1,15,0,False,
MOSPI_618134,Rehabilitation /Upgradation from Lagam to Alapalli section Desing Km. 199/400 to km 227/400 Length  28.0 Km to 2 lane with Paved Shoulders/ 4 lane configuration section of NH-353 C Sakoli-Wadsa-Armori-Gadchiroli-Ashti-Alapalli Sironcha in Gadchiroli District on EPC mode in the state of Maharashtra.,Roads & Highways,MoRTH,,459.0,459.0,132.28,132.28,81.0,0.0,42.8,43.0,0.0,0,15,0,False,
MOSPI_618340,Widening/Improvement to 4-Lane with Paved Shoulder from km 626030 Nalani hulla Gaon to km 650450 Chotahapjan on existing Tinsukhia -Makum Bypass of NH-15 OLD NH-37 and Strengthening of existing NH-315 OLD NH-38 from Km 0000 Chotahapjan to Km 16900 Bogapani section 2-Lane PS in Assam on EPCMode under NHO-NE Package-3,Roads & Highways,NHIDCL,,459.0,459.0,261.02,11.18,89.0,0.0,28.4,44.4,17.5,1,15,0,False,
MOSPI_618575,"6L Standalone Flyovers at Bongaigaon, Chapaguri, Pathsala, Simlaguri chowk and Baihata Bypass Junctions on stretches of NH-31 and NH-27",Roads & Highways,National Highways Authority of India [NHAI],,458.0,412.15,371.63,0.0,100.0,0.0,27.3,53.7,0.0,0,15,0,False,
MOSPI_618799,Belakeri Port to Kumta - Sirsi road from km 0.00 - km 4.265 of Belekeri Port Road Link Rd. and km 4.965 - km 60.00 of SH-69,Roads & Highways,NHAI,,457.0,456.79,471.29,0.17,95.0,0.0,56.4,101.6,44.8,1,15,0,False,
MOSPI_618307,Rehabilitation and up-gradation of road from km 16.077 to km 43.935 total length 27.858 km of Lalchara-Kanchanpur section via Shivbari on NH-44A to 2 lane with paved shoulder in the state of Tripura on EPC Mode Pkg-2 under BharatMala Pariyojana Manu-Simlung -2,Roads & Highways,NHIDCL,,457.0,457.0,205.69,205.69,55.0,0.0,34.5,54.7,12.5,1,15,0,False,
MOSPI_705453,"Dahod-Indore via Sardarpur, Jhabua & Dhar 200.97 km incl. material modification for change in alignment via Amjhera 4.82 km",Railways,CAOCWR WR mor,,456.0,9217.23,4509.3,342.9,57.0,2.0,176.3,170.9,0.0,0,15,0,False,
MOSPI_702522,In-Situ Slum Redevelopment Project in Bihar,Real Estate,"PMAY, Ministry of Housing and Urban Affairs",,455.0,455.0,204.64,0.0,0.0,0.0,36.0,12.0,0.0,0,15,0,False,
MOSPI_611961,Construction of IIT Bhubaneswar -Phase III,Education,"Indian Institute of Technology, Bhubaneshwar",,454.0,454.0,102.15,0.79,10.0,1.0,33.6,31.4,0.0,0,15,0,False,
MOSPI_618040,Rehabilitation and Upgradation to Two lanes with Paved Shoulders configuration and Strengthening from Km 175.00 to Km 196.00 Gumkhal to Satpuli of NH-119 New NH-534 in the State of Uttarakhand under NHO Annual Plan 2021-22 under EPC mode,Roads & Highways,MoRTH,,453.0,453.0,0.0,0.0,42.0,0.0,57.3,53.5,0.0,0,15,0,False,
MOSPI_617892,Construction of 2-lane road of Potin to Pangin section of NH-13 from Km 163.59 to Km 206.66 Package-5 on EPC Mode in the State of Arunachal Pradesh under Arunachal Pradesh Package of Roads and Highways of SARDP-NE [Job No SARDP-NE/P-P/Pkg-A/NH-13/Ar.Pr./PWD/2018-19/116],Roads & Highways,MoRTH,,451.0,451.0,345.01,0.0,97.0,0.0,56.6,90.5,35.4,1,15,0,False,
MOSPI_611973,miyagam karjan Choranda maalsar 37 kms,Railways,PCE/WR,,450.0,450.0,0.0,0.0,0.0,0.0,36.0,12.0,0.0,0,15,0,False,
MOSPI_618773,Tuticorin - Tirunelveli from km. 0.00 to km. 47.250,Roads & Highways,National Highways Authority of India [NHAI],,450.0,452.48,1.17,0.0,100.0,0.0,29.3,202.0,0.0,0,15,0,False,
MOSPI_705721,DTS Machine Procurement Project,Railways,EDTK[MC]/RB,,448.0,448.0,0.0,0.0,0.0,0.0,61.0,81.5,72.0,1,15,0,False,
MOSPI_617379,Development of New Bijwasan Railway Terminal,Railways,Northern Railways,,446.0,446.0,565.7,9.34,80.0,0.0,145.0,222.5,81.0,1,15,0,False,
MOSPI_618375,Improvement/Widening to 2-Lane with Paved Shoulder from design Km 45.760 to Km 63.530 between Shillong-Dawki under JICA ODA Loan assistance Phase-II -Balance work Pkg-4,Roads & Highways,NHIDCL,,446.0,446.0,42.39,0.0,53.0,0.0,69.2,74.1,6.4,1,15,0,False,
MOSPI_618027,Widening to 2LPS from Km 71.00 to 104.00 Existing chainages Sarjapur to Pattadkallu on Bhanapur to Gaddanakeri section NH-367 in the State of Karnataka under NHO on EPC mode under Annual Plan 2022-23 NH-367-KNT-2022-23-972 dated 08.02.2023,Roads & Highways,MoRTH,,446.0,446.0,198.15,198.15,90.0,0.0,37.1,43.2,9.6,1,15,0,False,
MOSPI_618140,Widening to two/four lane with paved shoulders from Km.34.250 to Km.71.830 of NH-365A on Kodad-Khammam-Kurvi road.,Roads & Highways,MoRTH,,446.0,446.0,18.32,0.0,13.0,2.0,51.6,47.0,0.0,0,15,0,False,
MOSPI_618239,"Rehabilitation & Upgradation of NH214  New NH-216    from Km 34/230 to Km 84/550   Losari to Machavaram Section    to two lane with paved shoulder in the state of Andhrapradesh under NHDP-IV through Engineering, Procurement& Construction   EPC    mode.",Roads & Highways,MoRTH,,445.0,459.37,512.79,512.79,99.0,1.0,29.7,126.0,82.8,1,15,0,False,
MOSPI_619055,SAONER-III EXPN UG MINE 1.54,Coal,Western Coalfields Limited [WCL],,444.0,444.0,0.0,0.0,0.0,0.0,79.2,12.7,0.0,0,15,0,False,
MOSPI_618849,Conversion of Partially Excavated Escape Tunnel to Uni-Directional 2L Tunnelincluding construction of cross passages and approach roads on either side of the tunnel from Km 12.732 to Km 14.568 of Kiratpur to Nerchowk Section of NH-21,Roads & Highways,National Highways Authority of India [NHAI],,444.0,412.88,394.65,0.05,100.0,0.0,22.2,52.3,26.0,1,15,0,False,
MOSPI_618366,Widening to 2 Lane with Hard shoulder of Akegwo-Avangkhu section of NH-202K for Package-II Design Chainage 34795 Km to 69875 Km in the State of Nagaland on EPC mode under NHO-NE,Roads & Highways,NHIDCL,,443.0,443.0,0.0,0.0,58.0,0.0,38.3,45.0,0.0,0,15,0,False,
MOSPI_615865,Kakatiyakhani OC - 2 Project,Coal,Singareni Collieries Company Limited [SCCL],,442.0,442.0,253.41,0.02,64.0,1.0,91.4,108.9,12.0,1,15,0,False,
MOSPI_618546,Construction of Tunnels/Viaducts at identified sliding/slip zones at Km 130.550 to Km.130.750 Km.  131.170 to Km. 131.763 Km. 132.560 to Km. 133.168 Km. 133.590 to Km. 133.743 and Km. 147.877 to Km. 148.715 of Udhampur-Ramban section of NH-44,Roads & Highways,National Highways Authority of India [NHAI],,442.0,533.11,324.74,0.0,36.0,0.0,24.2,59.6,20.9,1,15,0,False,
MOSPI_619248,"lmprovement and Widening to 2-lane with Paved Shoulder of NH-13 & 15 Old NH-52 from Existing Km 745.60 Design Km 0.000 to Existing km 770.600 Design Km 24.819 Brahmakund T-junction to Kamlang T-Junction, Existing Length 25.00 Km, Design Length 24.819 Km in the state of Arunachal Pradesh on EPC mode Pkg-1",Roads & Highways,NHIDCL,,441.0,441.0,25.88,25.88,15.0,15.0,53.8,33.2,0.0,0,15,0,False,
MOSPI_705717,SRGM Machine Procurement Project,Railways,EDTK[MC]/RB,,440.0,440.0,390.03,0.0,90.0,0.0,51.0,83.5,27.0,1,15,0,False,
MOSPI_618037,Rehabilitation and Up-gradation of existin of road from 2-lane to 2-lane with paved shoulders from km. 0.00 to km 53.590 total length-53.590 km of Raychoti to Vempalli section of NH-440 in the State of Andhra Pradesh on EPC mode.,Roads & Highways,MoRTH,,440.0,359.52,213.12,0.08,90.0,3.0,28.1,56.6,28.9,1,15,0,False,
MOSPI_618443,"Construction of Balance Work of the 4-Laning of the Section from Jorhat to Jhanji of NH-37 Old from Km 463.00 to Km 477.000 14.000 Km, under SARDP- NE under EPC Mode in the state of Assam Pkg-II Road Works",Roads & Highways,NHIDCL,,438.0,438.0,0.0,0.0,96.0,0.0,7.0,32.2,19.6,1,15,0,False,
MOSPI_618081,Construction of Mariahu Bypass with four lane paved shoulder configuration Km. 53.540 to Km.59.200 of NH-135A on EPC mode in the state of Uttar Pradesh,Roads & Highways,MoRTH,,438.0,362.39,81.45,81.45,55.0,0.0,36.0,42.5,10.1,1,15,0,False,
MOSPI_709813,New BG line intersection 5 nos between Geratpur-Sanand & Botad-Ahmedabad 16.51 km  PB29/NR/2022-23,Railways,CAOCWR WR mor,,437.0,463.95,463.96,346.01,22.0,0.0,60.4,46.9,0.0,0,15,0,False,
MOSPI_617907,Rehabilitation and Up-gradation from Km 170700 Bhadrachalam to Km 234567 Konta on NH-30 to Two lane with Paved Shoulder in the State of Andra Pradesh on EPC mode.,Roads & Highways,MoRTH,,436.0,436.0,221.22,5.48,100.0,0.0,33.1,56.8,19.2,1,15,0,False,
MOSPI_705401,Murkongselek-Pasighat 26.15 km,Railways,CAO/C-II/NFR NFR mor,,435.0,1334.45,1057.21,156.21,67.0,11.0,169.6,187.2,21.0,1,15,0,False,
MOSPI_618370,Improvement and Widening to 2-lane with paved shoulder of road from Km 101.300 to km 127.319 Total Length 26.019 Km i.e. the Khowai Teliamura-Amarpur-Harina-Sabroom section of NH 208 in the state of Tripura on EPC under JICA ODA Loan Phase VI Package-1,Roads & Highways,NHIDCL,,432.0,432.0,265.36,265.36,63.0,63.0,30.2,32.2,9.0,1,15,0,False,
MOSPI_616858,"Construction of Field Gas Gathering Station at Baghjan area for collection, processing & transportation of natural Gas to be produced from Baghjan Field",Petroleum,Oil India Limited,,431.0,430.76,348.65,0.08,96.0,2.0,39.0,68.5,32.0,1,15,0,False,
MOSPI_610984,Development of Jharia CBM Block [Phase-1],Petroleum,Oil and Natural Gas Corporation Limited [ONGC],,431.0,431.0,267.74,0.15,66.0,0.0,50.0,81.8,32.3,1,15,0,False,
MOSPI_618364,"Widening to 2 Lane with Hard shoulder of Akegwo-Avangkhu section of NH-202K for Package-I Design Chainage 0000 Km to 34795 Km, in the State of Nagaland on EPC mode under NH O-NE",Roads & Highways,NHIDCL,,430.0,430.0,0.0,0.0,87.0,0.0,38.3,45.0,0.0,0,15,0,False,
MOSPI_612188,"Construction of 200 Bedded [Upgradable to 500 Bedded including 50 beds of SST] ESIC Hospital at Bibewadi, Pune",Healthcare,Employee's State Insurance Company [ESIC],,429.0,429.0,341.9,17.92,78.0,4.0,87.9,99.7,11.4,1,15,0,False,
MOSPI_618175,Rehabilitation and Upgradation of Satana to Mangrul Chandwad Section of NH752 G Design Ch Km 64.000 to Ch Km 101.140 two lane with paved shoulder/four lane configuration in the state of Maharashtra on EPC mode.,Roads & Highways,MoRTH,,429.0,429.0,0.0,0.0,93.0,0.0,37.7,53.8,15.5,1,15,0,False,
MOSPI_611947,Transmission System for Evacuation of Power from REZ in Rajasthan 20GW under Phase III- Part E2,Transmission & Distribution,Power Grid Corporation of India Limited [POWERGRID],,428.0,428.0,415.45,8.57,98.0,1.0,19.4,34.5,12.5,1,15,0,False,
MOSPI_618121,Improvement to two lane with paved shoulders of NH-319A from km 0 to km 45 in state of Bihar under EPC mode,Roads & Highways,MoRTH,,427.0,427.0,198.23,0.08,93.0,0.0,34.3,55.2,23.4,1,15,0,False,
MOSPI_618204,Construction of realignment between Pandrass- Pashkyun   Total length 27.10 km    on road Zozila-Kargil -Leh   NH-1    to 2 lane specifications i.e. Drass alignment   9.30 km    Kharboo realignment   6.30 km    & Kargil alignment   11.50 km    under project Vijayak   BRO    in the UT of Ladakh on EPC Mode,Roads & Highways,MoRTH,,426.0,426.0,112.2,14.29,55.0,0.0,43.3,58.2,25.4,1,15,0,False,
MOSPI_618021,Up-gradation of Pichhore- Dinara section of NH-346 from Km 292.750 to 334.550 to two lane with paved shoulders in the state of Madhya Pradesh on EPC mode,Roads & Highways,MoRTH,,426.0,426.0,0.0,0.0,37.0,6.0,40.0,31.4,0.0,0,15,0,False,
MOSPI_615861,Indaram Opencast Project,Coal,Singareni Collieries Company Limited [SCCL],,425.0,425.0,408.69,0.4,81.0,0.0,92.0,109.5,12.0,1,15,0,False,
MOSPI_602098,"Construction of Permanent Campus for IIM Jammu Phase-1 at Jagti, Nagrota, Jammu, J&K",Education,"Indian Institute of Management, Jammu",,425.0,500.91,484.52,0.0,96.0,0.0,52.0,90.5,26.1,1,15,0,False,
MOSPI_618192,Duttalur at NH-565 Junction to Kavali Joining on NH-16 Chainage Km. 36/400 to Km. 107/224 excluding the stretch from Km 101.880 to 105.300 67.404 Km of NH-167BG from in the State of Andhra Pradesh on EPC mode,Roads & Highways,MoRTH,,424.0,424.0,0.0,0.0,95.0,14.0,39.1,65.5,21.9,1,15,0,False,
MOSPI_610985,Construction of lube oil blending plant at Rasayani,Petroleum,Ministry of Petroleum & Natural Gas,,423.0,526.26,326.5,13.5,88.0,6.0,19.2,51.7,24.0,1,15,0,False,
MOSPI_618144,Construction of Major Bridge Across Sharavathi Backwaters and approches between Ambargodu and Kalasavalli Near Sigandhur in Sagar Taluk on NH 369E in the State of Karnataka on EPC mode.Job No. NH-369E-KNT-2018-19-895 dated 06.03.2019.,Roads & Highways,MoRTH,,423.0,423.0,0.0,0.0,0.0,0.0,45.2,90.3,0.0,0,15,0,False,
MOSPI_618141,Widening and Improvement of existing carriage way to 2 lane with paved shoulders from Km. 86/160 to 131/730 of Jangaon-Duddeda section of NH-365B in the State of Telangana on EPC Mode,Roads & Highways,MoRTH,,423.0,423.48,184.83,0.0,78.0,0.0,35.4,56.3,23.9,1,15,0,False,
MOSPI_618123,Widening and Strengthening/Reconstruction to Two Lane with Paved Shoulder/ Two Lane with paved shoulders with service road from km 0000 to km 42250 excluding design Ch. 03220 to 04200 & 28350 to 29060 of NH-320G in the state of Jharkhand under EPC mode,Roads & Highways,MoRTH,,423.0,423.0,5.46,1.35,0.0,0.0,41.3,54.0,0.0,0,15,0,False,
MOSPI_704495,"502 Aspirational District Scheme in Four states - Bihar, Madhya Pradesh, Rajastha and Uttar Pradesh",Telecommunications,Department of Telecommunications [DoT],,422.0,228.94,152.96,0.0,100.0,1.0,26.7,80.7,51.2,1,15,0,False,
MOSPI_617896,"Construction of 4 lane Gauripur Bypass Starting bfrom Km 852.56 of NH-31Dumardoha Pt-II and Terminating at Km 862.17 Baladmara via. Khudimari Pt.- II, Fulkumari, Charaldanga, Sajuakuti,Geramari Pt.-III and finally meeting at km 862.17 of NH-17New/ NH-31Old in the State of Assam under EPC Mode Job no. 31/AS/ 2023-24/265",Roads & Highways,MoRTH,,421.0,421.0,0.0,0.0,34.0,13.0,31.3,30.0,0.0,0,15,0,False,
MOSPI_610940,"Additional Infrastructure at IISc Bangalore-RCC Monolithic for Men Hostel S14, Women Hostel S11 , Postdoctoral Hostel S12 2 Block , International Hostel S 12 , D&E Block S 12  2 Block FR.",Education,IISC Bangalore,,420.0,420.41,367.76,3.32,99.0,0.0,32.0,61.5,21.0,1,15,0,False,
MOSPI_617968,Construction & Widening Including Augustmuni Bypass Ch-16.545 to Ch - 19.890 to 2L/PS from Km 16.545-Km 33.130 & 45.980 -57.975 Augustmuni to Kund & Guptkashi to Sitapur on NH 109 in UK,Roads & Highways,MoRTH,,419.0,419.0,426.18,3.46,95.0,0.0,34.9,113.9,48.9,1,15,0,False,
MOSPI_611937,Adraj Moti Vijapur 40 Kms,Railways,Western Railway (WR) - II,,418.0,417.53,502.23,8.1,90.0,0.0,49.0,52.5,0.0,0,15,0,False,
MOSPI_618158,"Upgradation of Goras to Shyampur Road section of NH-552 Ext., from Design Chainge 48.400 to 111.800 Km Total length 63.40 km to two lane with paved shoulder configuration along with One time improvement of 8.91 km in the state of Madhya Pradesh on EPC mode",Roads & Highways,MoRTH,,417.0,417.0,0.0,0.0,17.0,2.0,45.1,41.7,0.0,0,15,0,False,
MOSPI_618629,Nandigama Bypass and Kanchikacherla bypass,Roads & Highways,NHAI,,416.0,444.58,387.77,277.12,98.0,0.0,18.8,106.2,87.9,1,15,0,False,
MOSPI_611938,Vijapur Ambliyasan 42 km,Railways,PCE/WR,,415.0,415.38,364.0,0.0,96.0,0.0,49.0,52.5,0.0,0,15,0,False,
MOSPI_615206,GANDHIGRAM UG MINE,Coal,WCL - CIL,,414.0,414.0,28.54,6.38,57.0,0.0,79.0,84.5,12.0,1,15,0,False,
MOSPI_616236,JARANGDIH EXPN. OCP 1.5 MTY,Coal,CCL - CIL,,414.0,414.0,85.6,0.0,34.0,1.0,109.9,79.4,0.0,0,15,0,False,
MOSPI_615859,Kakathiya Khani Opencast - III Project Phase - I,Coal,Singareni Collieries Company Limited [SCCL],,414.0,414.0,397.55,0.0,79.0,0.0,109.0,114.5,0.0,0,15,0,False,
MOSPI_616600,Interception and Diversion and STP works in Bhagalpur under Hybrid annuity based PPP mode-Namami Gange Programme,Water Resources,National Mission for Clean Ganga,,413.0,413.0,126.67,0.0,97.0,0.0,87.8,107.1,22.8,1,15,0,False,
MOSPI_607701,"Guwahati Refinery Expansion [1.0 to 1.2 MMTPA] along with installation of CRU, Guwahati Refinery",Petroleum,Ministry of Petroleum & Natural Gas,,412.0,577.0,474.39,6.69,91.0,1.0,29.4,63.9,31.0,1,15,0,False,
MOSPI_618522,Balance Works for six laning of Sriperumbudur to karaipettai section of NH-4 New NH-48 from 37000 Existing Km 37000 to Km 71015 Existing Km 71000 in Tamilnadu on EPC mode underNHDP Phase-V,Roads & Highways,NHAI,,411.0,411.16,134.65,0.17,38.0,1.0,28.6,27.3,5.1,0,15,0,False,
MOSPI_618011,Construction of 2 lane with paved shoulder for the work of Development of remaining sections of NH-325 Balotra to sanderao via Jalore to 2 lane with paved shoulder configuration by Construction of Byasses for town portions1 Asotra- Brahmdham bypass 2Siwana Bypass 3 Mokalsar Bypass 4 Major realignment at Kathadi 5 Major realignment at Bishangarh 6 Jalore Bypass 7 Ahore Town portion 8 Dujana Bypass in the state of Rajasthan on EPC Mode,Roads & Highways,MoRTH,,411.0,411.0,85.69,0.0,93.0,2.0,29.1,57.3,29.7,1,15,0,False,
MOSPI_618447,Construction of 2-Laning with Paved Shoulder of New Greenfield Alignment From Helipad near Menla at Km 82000 to Menla at Km 94030 of Rhenock-Menla Spur NH-717B Package-IIIB on EPC Basis under SARDP-NE Phase 'A' in the State of Sikkim.,Roads & Highways,NHIDCL,,411.0,379.3,241.77,241.77,83.0,0.0,37.2,67.9,39.2,1,15,0,False,
MOSPI_617894,"Construction or 4 lane Raniganj Bypass of length 5.261 km on NH-60   new NH-14    from km 273.00 of NH to km 478.18 of NH-2   New NH 16    in paschim Bardhaman, West Bengal in EPC Mode- reg.   Job No. 014-WB-2022-23/514",Roads & Highways,MoRTH,,411.0,411.0,184.64,10.33,67.0,0.0,36.1,42.3,13.9,1,15,0,False,
MOSPI_618335,Widening to 2 Lane with Paved shoulder of lmphal to Jiribam section of NH-37 from Design Ch. from Km 101280 Near Khongsang Village to Km 131280 near Puilon Kambiron Village on EPC Mode in Manipur PKG-5,Roads & Highways,NHIDCL,,411.0,411.0,382.67,37.01,91.0,0.0,29.3,57.4,31.6,1,15,0,False,
MOSPI_613801,MAHAMAYA OCP [1.50 MTY],Coal,SECL - CIL,,410.0,410.0,188.72,0.12,55.0,0.0,94.2,99.7,24.0,1,15,0,False,
MOSPI_611943,New BG line between Naliya - Jakhau Port 24.88 Km,Railways,CAOCWR WR mor,,410.0,410.26,11.86,0.56,5.0,0.0,59.3,42.7,0.9,0,15,0,False,
MOSPI_618505,Additional Structures on 6LGurgaon-Jaipur Section of NH-48 between KM 42.700 to KM 273.00,Roads & Highways,NHAI,,410.0,290.64,200.31,0.77,89.0,0.0,22.7,49.4,26.2,1,15,0,False,
MOSPI_617270,Eastern Region  Expansion Scheme-44 [ERES-44],Transmission & Distribution,Power Grid Corporation of India Limited [POWERGRID],,409.0,409.0,6.13,0.0,2.0,0.0,17.9,21.6,16.2,1,15,0,False,
MOSPI_705782,Barabanki-Malhaur - 3rd & 4th Line 32.84 km,Railways,CAO/C-II/NR NR mor,,407.0,480.13,444.11,26.89,77.0,-1.0,73.9,91.5,17.0,1,15,0,False,
MOSPI_618097,Guhagar - Rampur - 2L-PS - km 0/00 Guhagar to 26/230 Rampur and 40/00 Mirjoli to 53/600 Sati on NH-166E,Roads & Highways,MoRTH,,407.0,407.0,0.0,0.0,92.0,0.0,28.6,115.7,74.6,1,15,0,False,
MOSPI_617934,Nasratpur to Barasgaon section of NH-61 2L / 4L  PS from Km.514/00 to 558/200,Roads & Highways,MoRTH,,407.0,407.0,528.24,528.24,96.0,1.0,26.1,110.3,83.8,1,15,0,False,
MOSPI_615918,RPR OF BHANEGAON OC,Coal,WCL - CIL,,405.0,405.0,43.16,0.06,16.0,0.0,133.9,115.4,0.0,0,15,0,False,
MOSPI_709789,Installation of Independent De- Aromatized Solvents [DAS] production facilities at MR,Petroleum,Bharat Petroleum Corporation Limited [BPCL],,405.0,343.0,250.41,6.21,98.0,1.0,29.0,42.5,6.7,1,15,0,False,
MOSPI_618410,Widening & Up-gradation to 2 lane with paved shoulder of NH-301 Kargil- Zanskar Road from Design Km .30.040 Ex. Km. 30.000 to Design Km 57.000 Ex. Km. 57.905 of 26.960 Km length Pkg-II,Roads & Highways,NHIDCL,,405.0,405.0,360.06,0.07,85.0,0.0,21.1,65.5,45.1,1,15,0,False,
MOSPI_617181,"Augmentation at Fatehgarh-II PS, Fatehgarh-IV PS [Section-II] and Barmer-I PS [POWERGRID Fatehgarh Barmer Augmentation Transmission Limited]",Transmission & Distribution,Power Grid Corporation of India Limited [POWERGRID],,404.0,404.0,32.32,2.71,17.0,1.0,21.0,17.8,6.3,1,15,0,False,
MOSPI_618430,Construction of alternative highway to Gangtok in Sikkim via Bagrakot -Chuikhim-Nimbong -Kafer-Bakhim-Algarah-Rhenock in the State of West Bengal and from Rhenok-Rorathang-Pakyong along with spur from Aritar-Rolep-Menla in the State of Sikkim from Km 0.00 to Km 13.00 of Bagrakot -Kafer section of NH 717A on EPC Mode under Phase-A of SARDP-NE in the State of West Bengal PKG- IVA,Roads & Highways,NHIDCL,,403.0,403.0,261.9,261.51,99.0,0.0,48.4,101.8,52.9,1,15,0,False,
MOSPI_618111,Improvement and upgradation to two lane with paved shoulder configuration from existing km 90.00 to 130.00 Design length 39.15 of NH-227A  near Sikriganj to Barhalganj in the State of UP on EPC Mode.,Roads & Highways,MoRTH,,403.0,345.34,142.17,142.17,96.0,0.0,46.1,61.2,14.7,1,15,0,False,
MOSPI_618191,"Rehabilitation and upgradation of NH-167AD from Macherla to Dachepalli via Paluvai Junction, Rentachinthala, Gurazala from Km.0.000 to 43.659 to two lane with paved shoulders in the state of Andhra Pradesh job-729",Roads & Highways,MoRTH,,403.0,403.0,227.13,2.67,99.0,1.0,36.0,55.6,14.1,1,15,0,False,
MOSPI_615188,NEW MAJRI UG TO OC 3 MTY COST,Coal,WCL - CIL,,402.0,402.0,67.81,0.07,24.0,0.0,94.2,87.7,0.0,0,15,0,False,
MOSPI_705450,Jogbani-Biratnagar New Rail Line project,Railways,Indian Railway Construction International Limited [IRCON],,402.0,486.0,369.48,0.2,86.0,0.0,141.1,194.6,57.0,1,15,0,False,
MOSPI_618506,"Construction of Additional Structures, Improvement of Service Road & Maintenance of Six Lane Gurgaon-Jaipur Section of NH-48 old NH-8 between km 42700 to km 107100 in the State of Haryana",Roads & Highways,NHAI,,402.0,240.02,131.79,15.36,61.0,5.0,35.2,27.6,0.0,0,15,0,False,
MOSPI_702810,Singrauli Sewerage Management and Treatment Infrastructure Project,Water Resources,Ministry of Housing & Urban Affairs,,402.0,402.0,3175.93,375.61,90.0,0.0,82.1,123.7,33.0,1,15,0,False,
MOSPI_615185,AMALGAMATED DHANKASA & JAMUNIA,Coal,WCL - CIL,,399.0,399.0,117.2,0.2,67.0,0.0,54.3,47.9,0.0,0,15,0,False,
MOSPI_618400,Construction & Upgradation to 2-lane with paved shoulder from Design Km 67.805 at the end of Km 83rd Tunnel near Dhrabshalla Ex. Km 83905 to Km 80.675 start of Kishtwar Bypass - Dulhasti Ex. Km 970751 of 12.870 Km length on chenani-Sudhmahadev-Goha Khellani-Kishtwar-vailoo-Donipawa-Ashajipora seition of NH-244 in the UT of J&K on EPC Mode under NHO-Gen Pkg-3,Roads & Highways,NHIDCL,,399.0,399.0,120.09,20.74,99.0,0.0,21.1,65.5,32.0,1,15,0,False,
MOSPI_618183,Widening to 2 lane with paved shoulders from Km 62/920 to km 106/830 of Medak - Yellareddy section in the State of Telangana under Annual Plan 2022-23 on EPC mode under NHO,Roads & Highways,MoRTH,,399.0,399.0,146.04,146.04,71.0,5.0,45.8,47.0,0.4,0,15,0,False,
MOSPI_617941,4-Laning from End of Zuari approaches to Start of Margao Bypass section of NH-66 from Km 536.800 to Km 543.450,Roads & Highways,MoRTH,,398.0,398.0,0.28,0.28,1.0,1.0,43.0,26.0,0.0,0,15,0,False,
MOSPI_617954,Balance work of Rehabilitation and upgrading to 2lane/2lane with paved shoulder configuration and strengthening from from Km 343.80 to 400.33 of Gowribidanur-Chik Ballapur section in the state of Karnataka Under Annual Plan 2021-22 under EPC Mode.-952,Roads & Highways,MoRTH,,398.0,398.0,211.59,32.58,93.0,7.0,34.8,53.5,14.2,1,15,0,False,
MOSPI_617926,Construction of new 4 lane major bridge with approaches on Sabarmati River near Dharoi at Km. 82/00 to 86/00 Design length 3.300 km on NH-58 in the State of Gujarat on Hybrid Annuity Mode HAM,Roads & Highways,MoRTH,,398.0,398.0,0.0,0.0,20.0,12.0,41.1,30.0,0.0,0,15,0,False,
MOSPI_618408,Kargil Zanskar Road,Roads & Highways,NHIDCL,,398.0,398.0,337.19,11.24,97.0,2.0,21.1,65.5,43.4,1,15,0,False,
MOSPI_618016,"Upgradation of Ambikapur  Ramanujganj - Garhwa Road NH 343 of Package-I, Rajpuri Khurd Village to Padih Village section from existing km 7.830 to km 57.650 Design Ch. 13.700 to Ch. 62.700 of total length 49.00 km to two lane with paved shoulders under EPC mode in the state of Chhattisgarh",Roads & Highways,MoRTH,,397.0,397.0,76.67,19.72,28.0,2.0,62.1,53.7,0.0,0,15,0,False,
MOSPI_400101,Gundlakamma project,Water Resources,Water Resources-AP,,397.0,697.39,624.78,5.32,98.0,0.0,177.0,257.5,87.0,1,15,0,False,
MOSPI_618155,Development/Widening of Talegaon Chakan Shikrapur Nhavara Section of NH-548D from existing chainage km. 54/000 to 82/300 and Design chainage Km. 54/000 to 82/120 Shikrapur to Nhavara Section to 2LPS/4L Configuration on EPC Mode in the State of Maharashtra.,Roads & Highways,MoRTH,,396.0,396.0,99.7,4.5,76.0,0.0,27.9,30.1,2.7,0,15,0,False,
MOSPI_618082,Widening & Upgradation to four lane configuration from Km.34.900 Bhadohi to km.73.134 Jaunpur of NH-135A on EPC mode,Roads & Highways,MoRTH,,396.0,392.03,0.0,0.0,95.0,1.0,37.5,65.5,28.5,1,15,0,False,
MOSPI_618225,Rehabilitation and up-gradation to 2 lane with paved shoulder from existing chainage km 134950 to km 166100 Design chainage km 116980 to km 146700 under 31 TF on Akhnoor-Poonch road NH-144A in the UT of Jammu & Kashmir under Project Sampark BRO on EPC mode Package-VI Job no  NH-144A-J&K-2021-22-106,Roads & Highways,MoRTH,,395.0,395.0,162.0,5.42,89.0,0.0,36.8,62.5,29.1,1,15,0,False,
MOSPI_618185,Widening to 2LPS from Km 0.000 to 37.850 Except Ex. Km 24.45 to 27.20 of NH-766c Byndoor-Ranebennur Section in the state of Karnataka on EPC Mode under Annual Plan 2022-23 NH-766C-KNT-2022-23-969 dated 30.12.2022,Roads & Highways,MoRTH,,395.0,395.0,15.68,15.68,12.0,0.0,55.2,44.5,0.0,0,15,0,False,
MOSPI_709800,"CUF POL Depot at Sadashibpur [Meramundali], Odisha",Petroleum,Bharat Petroleum Corporation Limited [BPCL],,394.0,393.54,233.3,1.0,86.0,2.0,59.3,64.8,6.0,1,15,0,False,
MOSPI_602099,Establishment of Permanent campus Phase 1 of IIM Sirmaur,Education,"Indian Institute of Management, Sirmaur",,393.0,454.78,339.65,0.82,99.0,1.0,61.4,95.9,34.0,1,15,0,False,
MOSPI_613794,PARASEA-BELBAID UG PROJECT,Coal,ECL - CIL,,389.0,389.0,132.48,0.0,22.0,0.0,62.0,43.5,0.0,0,15,0,False,
MOSPI_709777,Installation of Bitumen Manufacturing Unit along with allied facilities at Barauni Refinery,Petroleum,MinistryofPetroleumNaturalGas,,389.0,340.0,130.89,6.32,65.0,-1.0,38.9,55.5,26.0,1,15,0,False,
MOSPI_618198,Balance work of Rehabilitation and Up-gradation to 2-lane road with paved shoulders configuration for NH- 965DD from Pacharal-Mandangad-Mhapral-Rajewadi Upto Junction of NH-66 Ch-22700 to 75100 Km and Ambadave connector Birth place of Dr. Babasaheb Ambedkar Ch-0000 to 7325 Km length Km 59.725 in the state of Maharashtra on EPC mode. Balance Work,Roads & Highways,MoRTH,,389.0,341.69,170.26,170.26,93.0,0.0,69.3,101.6,31.9,1,15,0,False,
MOSPI_618435,4-Laning from Rangagara to Kaliabor Tiniali from km 297.00 to km 315.315 of NH-37 on EPC basis under SARDP-NE in state of Assam,Roads & Highways,NHIDCL,,387.0,387.0,360.25,8.09,97.0,0.0,51.3,128.1,74.8,1,15,0,False,
MOSPI_618438,"4-Laning of NH-37 Section between Demow to End of Moran Bypass From Km. 534.800 to Km. 561.700 including Emergency Landing Facility ELF under SARDP-NE, Phase 'A' in the State of Assam on EPC mode",Roads & Highways,NHIDCL,,386.0,386.0,685.73,5.29,100.0,0.0,102.2,128.0,12.8,1,15,0,False,
MOSPI_618020,"Rehabilitation & Upgradation of KurwaiMungaoliChanderi Road section of NH-346, from Design Chainge 0.000 to 81.300 Km Total length 83.1 km to Two lane with paved shoulder configuration along with One time improvement in 07 nos of bypassed built-up areas in a total length of 22.615 km in the state of Madhya Pradesh on EPC mode.",Roads & Highways,MoRTH,,386.0,386.0,164.84,0.41,68.0,3.0,34.4,53.8,22.9,1,15,0,False,
MOSPI_618061,"Strengthening, Widening & Up-gradation of newly declared NH-761 from NH-61Junction-BelheAlkutiDevibhoyareNighojShirur, from Design chainage Km 0.000 to Km 37.970 from Single/Intermediate/2L to 2LPS in the State of Maharashtra on EPC Mode Length 37.970 Km",Roads & Highways,MoRTH,,386.0,386.0,57.23,0.17,62.0,0.0,30.4,30.0,0.0,0,15,0,False,
MOSPI_611737,Western Region Expansion Scheme-XXV,Transmission & Distribution,Power Grid Corporation of India Limited [POWERGRID],,386.0,386.0,382.4,3.66,100.0,3.0,9.9,43.4,23.0,1,15,0,False,
MOSPI_611016,2.0 MTPA BHOJUDIH NLW WASHERY,Coal,Ministry of Coal,,385.0,385.0,363.14,2.48,98.0,1.0,57.8,129.2,68.0,1,15,0,False,
MOSPI_612790,Power System Upgradation Project,Petroleum,Mangalore Refinery and Petrochemicals Limited,,385.0,385.0,271.36,3.16,90.0,1.0,24.6,34.5,10.4,1,15,0,False,
MOSPI_705252,Kazipet Wagon Overhauling Project,Railways,RVNL,,385.0,385.0,0.0,0.0,0.0,0.0,74.4,107.9,0.0,0,15,0,False,
MOSPI_618071,Construction of two lane with paved shoulder Gangtok Bypass Road from Ranipool to Burtuk Ch 0.00 Km to 23.316 L23.316 Km in the State of Sikkim,Roads & Highways,MoRTH,,385.0,342.89,203.36,203.36,92.0,2.0,31.1,58.9,31.3,1,15,0,False,
MOSPI_615858,Kalyanikhani Opencast Project,Coal,Singareni Collieries Company Limited [SCCL],,384.0,384.0,304.39,2.83,77.0,1.0,121.0,126.5,0.0,0,15,0,False,
MOSPI_617299,50 MW Wind Power Project,Power,NLC India Limited,,384.0,384.0,333.34,3.75,52.0,0.0,35.3,49.8,18.0,1,15,0,False,
MOSPI_709755,"Setting up of new rail fed POL facility at Kamardanga, Assam",Power,Hindustan Petroleum Corporation Limited,,384.0,384.04,250.07,14.8,88.0,2.0,51.2,41.6,0.0,0,15,0,False,
MOSPI_612167,"Construction of 350 beds + 50 Super Specialty beds ESIC Hospital Sheelanagar, Visakhapatnam, Andhra Pradesh",Healthcare,Employee's State Insurance Company [ESIC],,384.0,384.0,286.38,33.01,95.0,7.0,55.5,66.7,10.7,1,15,0,False,
MOSPI_705720,WST Machine Procurement Project,Railways,EDTK[MC]/RB,,384.0,384.0,0.0,0.0,0.0,0.0,36.0,12.0,33.0,1,15,0,False,
MOSPI_617288,MANIKPUR OC EXPANSION PROJECT,Coal,SECL - CIL,,383.0,383.0,138.87,0.04,21.0,0.0,50.5,20.0,0.0,0,15,0,False,
MOSPI_618159,"Construction of new 2 Lane with paved shoulders of NH Standards from km 0.080 to km 11.690 L11.610 km in Majuli and from km 19.715 to km 27.484 L 7.769 km in Jorhat on the newly declared NH 715K and construction of 1.10 km flyover on NH-715 with its approaches and service roads L1.10 km, Total Length  20.479 km in the State of Assam Job No. 715K/AS/2023-24/256",Roads & Highways,MoRTH,,382.0,382.0,28.96,2.91,7.0,1.0,37.1,30.7,0.0,0,15,0,False,
MOSPI_618173,Shirur-Kharda section from 55937 km to 114486 km to 2LPS/4L,Roads & Highways,MoRTH,,382.0,382.0,0.0,0.0,84.0,0.0,27.9,114.9,75.5,1,15,0,False,
MOSPI_701399,Kudali Irrigation Project,Water Resources,"Department of Water Resources, River Development & GR",,382.0,382.0,249.06,0.0,86.0,0.0,201.0,209.5,3.0,0,15,0,False,
MOSPI_618409,Widening & Up-gradation to 2 lane with Paved shoulder of NH-301 Kargil- Zanskar Road from Design km 57.000 Ex. Km. 57.905 to Km 87.000 Ex. Km. 88.2491 of 30.000 Km length Pkg-lll,Roads & Highways,NHIDCL,,381.0,381.0,313.34,14.01,91.0,2.0,21.1,65.5,43.9,1,15,0,False,
MOSPI_611669,NER Provision of Automatic Block Signalling on Gorakhpur Cantt[Excl]  Chhapra Gramin & Burhwal Jn [Excl]  Sitapur Jn section of high density routes,Railways,North Eastern Railway [NER],,380.0,380.0,258.65,0.24,25.0,5.0,58.3,51.9,12.0,1,15,0,False,
MOSPI_617233,WAGHODA UG MINE [1.02 MTY],Coal,Western Coalfields Limited [WCL],,379.0,379.0,0.0,0.0,0.0,0.0,74.0,31.5,0.0,0,15,0,False,
MOSPI_617887,Beawer Gomti 4LPS from km 58.245 to km 108.600 Pkg-I,Roads & Highways,MoRTH,,379.0,379.0,206.48,5.3,100.0,100.0,34.3,69.4,32.7,1,15,0,False,
MOSPI_618300,Improvement/Up-gradation of existing 2-Lane Road to 4-Lane Divided Highway from Taphukuki to Daili section of Imphal-Kohima road NH-02 Design Chainage from Km 262175 to Km 274610 in the state of Manipur on EPC mode Pkg-4A,Roads & Highways,NHIDCL,,379.0,379.0,314.73,2.15,91.0,0.0,19.5,72.4,52.4,1,15,0,False,
MOSPI_617803,Transmission System Strengthening at Davanagere for Integration of RE Generation [SPV Name - POWERGRID Davanagere Power Transmission Limited],Transmission & Distribution,Power Grid Corporation of India Limited [POWERGRID],,379.0,379.0,17.06,1.15,2.0,0.0,24.0,11.7,0.0,0,15,0,False,
MOSPI_618591,"Construction of 6-lane flyover at Ainthapali junction and a 2-lane ROB LHS on NH-53 Earlier NH-6 in Sambalpur, on EPC mode in Odisha under NHO",Roads & Highways,NHAI,,374.0,211.74,106.91,0.49,54.0,3.0,33.2,30.2,0.0,0,15,0,False,
MOSPI_616886,Delhi University Eastern Campus at Surajmal Vihar,Education,Delhi University,,373.0,373.0,31.53,1.4,14.0,1.0,25.0,23.5,0.0,0,15,0,False,
MOSPI_619204,"Capacity Augmentation in the stretch of Pimpri Sado  Vadape section of NH848 Km. 460900 to Km. 537000 by Construction of Slip/Service Road on either side at various locations total length 25.140 Km LHSRHS, Flyover 2 x 25m at Borivali Junction Km. 528550 & LVUP 1 x 15m at Sherekarpada Km. 528800",Roads & Highways,NHAI,,372.0,372.0,1.5,1.5,1.0,0.0,22.6,9.2,0.0,0,15,0,False,
MOSPI_618231,Rehabilitation and Upgradation to 2-lane configuration of Hamirpur-Karnohal Section km 141.00 to 181.00 of NH-70 in the State of Himachal Pradesh under Green National Highways Corridor Project GNHCP with the loan assistance of World Bank on EPC mode.Package-1,Roads & Highways,MoRTH,,372.0,372.0,198.34,0.0,91.0,0.0,52.3,73.1,17.3,1,15,0,False,
MOSPI_613802,KANCHAN OC EXP,Coal,SECL - CIL,,371.0,371.0,157.9,7.07,58.0,0.0,135.4,140.9,24.0,1,15,0,False,
MOSPI_709864,DCU Revamp Project,Petroleum,Numaligarh Refinery Limited,,370.0,370.0,310.38,0.0,80.0,1.0,35.4,61.3,32.4,1,15,0,False,
MOSPI_618006,Sitamarhi-Jaynagar Section km 79.400 to km 156.500 Lot-II,Roads & Highways,MoRTH,,370.0,503.28,0.0,0.0,99.0,0.0,34.9,127.4,91.0,1,15,0,False,
MOSPI_617272,Implementation of LILO of both circuits of 400KV vindhyachal PS-Sasan D/C Line at Hindalco Switchyard,Transmission & Distribution,Power Grid Corporation of India Limited [POWERGRID],,370.0,370.0,148.0,18.5,55.0,3.0,30.0,27.3,0.0,0,15,0,False,
MOSPI_618094,Pen to Khopoli 2LPS,Roads & Highways,MoRTH,,369.0,369.0,333.1,2.73,86.0,0.0,21.1,101.9,72.3,1,15,0,False,
MOSPI_618193,Widening of Existing Road to Two Lane with Paved Shoulder Configuration from Km 0.00 to 26.000 & Km 45.200 To 59.622 Of NH 365BB in the State of Andhra Pradesh Under Annual Plan 2023-24 through EPC Mode,Roads & Highways,MoRTH,,369.0,369.0,76.12,13.69,46.0,23.0,35.2,31.9,0.3,0,15,0,False,
MOSPI_615337,Additional Transmission System for evacuation of Power from Bhadla-III PS as part of Rajasthan REZ Phase III Scheme [20 GW] [SPV Name POWERGRID Bhadla-III Power Transmission Limited],Transmission & Distribution,Power Grid Corporation of India Limited [POWERGRID],,369.0,369.0,258.3,29.52,87.0,5.0,18.0,24.6,7.1,1,15,0,False,
MOSPI_701384,Tillari Irrigation Project,Water Resources,Department of water resources-MH - II,,368.0,649.6,724.36,0.0,99.0,0.0,36.0,12.0,61.0,1,15,0,False,
MOSPI_613803,JHIRIA WEST OCP [1.5 MTY],Coal,SECL - CIL,,367.0,367.0,37.19,0.51,41.0,0.0,62.0,31.5,0.0,0,15,0,False,
MOSPI_612998,Bathinda Sangrur Pipeline,Petroleum,Ministry of Petroleum and Natural Gas,,367.0,397.0,347.0,0.82,94.0,1.0,29.9,58.4,18.0,1,15,0,False,
MOSPI_708655,Operationalization of Coastal Berth & Shallow Water Berth through PPP,Shipping,Jawaharlal Nehru Port Authority [JNPA],,367.0,367.0,376.86,188.4,25.0,0.0,36.0,12.0,0.0,0,15,0,False,
MOSPI_618345,Widening to 2-lane with Hard shoulder of Churachandpur to Tuivai Section from Km 48.587 to Km 69.875 in the State of Manipur on EPC mode under NHO Package-2B,Roads & Highways,NHIDCL,,366.0,366.0,198.28,2.55,88.0,0.0,25.5,74.9,48.9,1,15,0,False,
MOSPI_618019,Upgradation & widening of Jharkheda- Berasia - Dholkhedi from design km 0000 to km 87900 Design length 87.90km of NH-346 including 3 nos. bypasses of 13.10 Km in the State of Madhya Pradesh under EPC mode.,Roads & Highways,MoRTH,,365.0,365.0,200.67,200.67,91.0,2.0,38.1,54.0,16.4,1,15,0,False,
MOSPI_616879,Demo Bio-ATF Project,Petroleum,Mangalore Refinery and Petrochemicals Limited,,364.0,364.0,91.39,5.83,55.0,4.0,33.8,29.8,0.0,0,15,0,False,
MOSPI_618689,4L Rampur Bypass from Km. 181.000 to Km. 189.500,Roads & Highways,National Highways Authority of India [NHAI],,364.0,307.95,272.05,0.37,99.0,0.0,29.9,58.8,9.5,1,15,0,False,
MOSPI_619271,Construction of Elevated Corridor at Kherwara Town on Udaipur Ratanpur Shamlaji Section of NH-48 in Udaipur District in the State of Rajasthan on EPC mode,Roads & Highways,NHAI,,364.0,364.0,0.38,0.0,0.0,0.0,33.3,5.6,0.0,0,15,0,False,
MOSPI_619054,Development of Keshod Airport.,Aviation,Airport Authority of India [AAI],,363.0,363.0,108.64,6.34,47.0,5.0,36.6,32.1,0.0,0,15,0,False,
MOSPI_617361,Babupeth - Sasti New Rail Line [13.114 KMs],Railways,CentralRailway,,363.0,362.81,0.48,0.01,0.0,0.0,41.2,22.7,0.0,0,15,0,False,
MOSPI_615189,MAKARDHOKRA EXPN OC 4.9 MTY,Coal,WCL - CIL,,362.0,362.0,104.17,7.37,12.0,0.0,45.5,51.1,12.0,1,15,0,False,
MOSPI_619069,Satara Km 725.000 to Pune Km 865.350 of NH - 4 New NH - 48 in Maharashtra,Roads & Highways,NHAI,,362.0,425.51,387.04,2.49,99.0,0.0,151.3,203.7,55.9,1,15,0,False,
MOSPI_702798,Jabalpur Sewerage Management and Treatment Infrastructure Project,Water Resources,Ministry of Housing & Urban Affairs,,362.0,362.0,2930.96,333.39,93.0,0.0,53.4,94.9,33.0,1,15,0,False,
MOSPI_615330,BALLARPUR NORTH WEST OC MINE,Coal,WCL - CIL,,361.0,361.0,26.97,5.73,5.0,0.0,75.5,45.0,0.0,0,15,0,False,
MOSPI_618255,Two laning with paved shoulders of Lambasingi to Paderusection  of NH 516E,Roads & Highways,MoRTH,,361.0,358.05,145.94,0.0,57.0,14.0,66.5,76.9,16.9,1,15,0,False,
MOSPI_618418,Rehabilitation and up gradation of Nongstoin-Rambrai-Kyrshai road up to Meghalaya-Assam border from Km 0.335 to km 34.039 to 2-Lane under NHO - NE in the State of Meghalaya  Package-1,Roads & Highways,NHIDCL,,360.0,360.0,310.07,10.89,83.0,0.0,32.1,59.8,31.2,1,15,0,False,
MOSPI_619196,Change of service of existing Mundra-Panipat Pipeline [Panipat - Churwa section] from Crude oil to Product,Petroleum,Indian Oil Corporation Limited [IOCL],,359.0,359.0,52.55,11.69,43.0,3.0,23.0,15.5,0.0,0,15,0,False,
MOSPI_705755,Morappur - Dharmpuri New Railway Line Project,Railways,Southern Railway [SR] - I,,359.0,359.0,40.0,0.0,1.0,0.0,106.1,87.6,0.0,0,15,0,False,
MOSPI_618442,"Construction of Balance Work of the 4-Laning of the Section from Jorhat to Jhanji of NH-37 Old from Km 477.000 to Km 490800 13.800 Km, under SARDP- NE under EPC Mode in the state of Assam Pkg-III Road Works",Roads & Highways,NHIDCL,,359.0,359.0,398.28,297.88,100.0,0.0,7.0,32.2,22.6,1,15,0,False,
MOSPI_617981,Widening to Two with Paved shoulders from Km 59.500 to Km 132.033 of Manneguda- Ravunapally section of NH-163 Erstwhile SH-4 in the State of Telangana on EPC mode under NH O Annual Plan 2016-17,Roads & Highways,MoRTH,,359.0,359.0,0.0,0.0,100.0,0.0,25.4,113.5,79.7,1,15,0,False,
MOSPI_608301,Transmission system strengthening scheme for evacuation of power from solar energy zones in Rajasthan 8.1 GW under Phase II- Part- G1,Transmission & Distribution,Power Grid Corporation of India Limited [POWERGRID],,359.0,359.0,341.49,5.38,97.0,3.0,19.9,55.4,27.0,1,15,0,False,
MOSPI_617882,"Setting up IT Infrastructure including Network Security and Hosting at AIIMS, New Delhi",Healthcare,PMSSY AND Institute of NATIONAL Importance,,358.0,358.0,53.73,0.0,40.0,5.0,12.0,12.1,0.0,0,15,0,False,
MOSPI_619299,Construction of a 6-Lane Elevated Corridor from Km 593766  to Km 596620 Including Construction of Service Roads in Kagal City  on NH-48 in the State of Maharashtra on EPC Mode.,Roads & Highways,NHAI,,358.0,358.0,0.08,0.08,0.0,0.0,27.1,6.4,0.0,0,15,0,False,
MOSPI_617839,Capacity Augmentation of Kandla LPG Import Terminal [KLIT] from 0.6 MMTPA to 2.5 MMTPA,Power,Indian Oil Corporation Limited [IOCL],,357.0,304.4,168.04,4.25,68.0,0.0,38.1,39.6,0.0,0,15,0,False,
MOSPI_705784,Janghai-Phaphamau Doubling Rail Line Project,Railways,RVNL,,357.0,978.77,579.0,0.0,95.0,0.0,76.9,94.4,0.0,0,15,0,False,
MOSPI_619067,6L of Chiloda-Naroda section from Km. 540.595 to  Km. 555.595 of NH-8Package-VII,Roads & Highways,National Highways Authority of India [NHAI],,357.0,463.03,104.04,0.81,100.0,0.0,29.8,118.0,85.7,1,15,0,False,
MOSPI_618339,Widening/Improvement to 2-Lane Lane with Paved Shoulder from km 16900 Bogapani to km 27150 Golai Goan on existing Dibrugarh to Ledo section with proposed Digboi Bypass Green Field and Brownfield 2-LanePS of NH-315 OLD NH-38 in Tinsukia District under NHO- NE Package-4,Roads & Highways,NHIDCL,,357.0,357.0,80.08,80.08,20.0,0.0,35.1,44.3,12.0,1,15,0,False,
MOSPI_618297,Construction of 2-lane with hard shoulder of Kohima - Jessami road on NH-29 Old NH-150 from existing Km 30.474 Near Kidwema road Chakahabama to existing Km 53.220 Near Kikruma Village Design Km 29.60 to Km 51.50 Design length-21.90 Km  in the state of Nagaland Under Bharatmala Pariyojna on EPC Mode under NHO Package-II -Balance work,Roads & Highways,NHIDCL,,356.0,356.0,0.0,0.0,43.0,0.0,69.8,78.2,11.9,1,15,0,False,
MOSPI_618109,Widening to 4 lane from Km 51.60 to 76.20 Hebri to Parkala and from Km 85.20 to 88.90 Karavali junction to Malpe of Thirthahalli-Udupi-Malpe Section of NH-169A in the State of Karnataka on EPC Mode under Annual plan 2021-22 Job No. NH-169A-KNT-2021-22-927,Roads & Highways,MoRTH,,356.0,356.0,217.46,2.03,88.0,0.0,35.4,56.1,23.1,1,15,0,False,
MOSPI_709830,CONVERSION OF FLAT BOTTOM SETTLERS AND WASHERS WITH A SINGLE TRAIN OF HRDS AND DCWS IN STREAMS 1 AND,Steel,Ministry of Mines,,355.0,581.0,163.55,163.55,12.0,12.0,36.0,12.0,0.0,0,15,0,False,
MOSPI_618784,Balance works of 4 lane divided carriageway of Missing Link section of NH-39 Rewa Bypass from junction with NH 30 near Bela to Junction with MPRDC ring road near Silpara on SH 9 design length 13.100 km on EPC Mode under Bharatmala Pariyojana in the State of Madhya Pradesh,Roads & Highways,NHAI,,355.0,355.36,253.13,14.18,84.0,0.0,32.2,37.0,9.3,1,15,0,False,
MOSPI_618139,Rehabilitation and Up-gradation of Gangakhed  Loha section of NH-361F from Km 169/00 to 210/00 to two lane with paved shoulder/ four lane configuration in the state of Maharashtra on EPC mode Length - 41.00 Km.,Roads & Highways,MoRTH,,355.0,355.0,0.0,0.0,43.0,0.0,30.5,30.0,0.0,0,15,0,False,
MOSPI_617945,Balance work of NH-66 from design Km 84/00 to Km 87/100 Indapur Bypass and Km 91/600 to Km 99/100 Mangaon Bypass to four lane with paved shoulder in State of Maharashtra under NHO on EPC Mode.,Roads & Highways,MoRTH,,354.0,354.0,0.0,0.0,67.0,1.0,24.5,17.8,0.0,0,15,0,False,
MOSPI_618445,Construction of 2-Laning with hard shoulders of Demwe-Brahmakund section of NH-13 from Ch.0.00 km to 18.464 km on EPC under SARDP-NE NHO-NE -Balance Work,Roads & Highways,NHIDCL,,354.0,354.0,26.82,26.82,20.0,0.0,87.9,72.9,0.0,0,15,0,False,
MOSPI_618853,Construction of Four lane Elevated Structure at Raniwada Circle in Sanchore City on NH-68,Roads & Highways,NHAI,,353.0,241.34,192.88,8.04,89.0,3.0,29.4,31.5,4.4,0,15,0,False,
MOSPI_618080,Improvement to two lane with paved shoulders of BH WB Border Amdabad Manihari section from design Km 0.000 to Km 23.945 of NH 131 A Total length 23.945 Km under EPC mode in the state of Bihar,Roads & Highways,MoRTH,,353.0,353.0,0.0,0.0,8.0,1.0,58.1,55.7,7.0,1,15,0,False,
MOSPI_618171,"Work of Upgradation of Jirapur-Pachore Road including Pachore, Jirapur, Chhapiheda & Khujner Bypasses from 0000 to 58790 Design Length 58.79 Km section of NH-752C to 2LPS in the State of Madhya Pradesh under EPC mode",Roads & Highways,MoRTH,,353.0,353.0,98.96,98.96,57.0,0.0,46.2,54.2,11.5,1,15,0,False,
MOSPI_400100,Sardar Gouthu Latchanna Thotapalli Barrage Project,Water Resources,Water Resources-AP,,353.0,1023.24,879.15,6.5,96.0,0.0,177.0,257.5,78.0,1,15,0,False,
MOSPI_611752,GOOTY-PENDEKALLU DOUBLING  29.225 Km,Railways,South Central Railway [SCR] - II,,352.0,351.83,347.98,17.73,3.0,0.0,49.0,42.5,0.0,0,15,0,False,
MOSPI_611861,Rewari - Kathuwas Doubling Project [27.72 Km],Railways,North Western Railway [NWR],,352.0,352.0,342.83,17.04,80.0,0.0,52.9,43.4,0.0,0,15,0,False,
MOSPI_618823,4 laning of Barasat - Barajaguli Section of NH-12 from Km. 31.000 to Km. 48.679 in the district of North 24 - Parganas,Roads & Highways,NHAI,,352.0,346.39,97.88,10.47,44.0,2.0,24.1,31.2,20.6,1,15,0,False,
MOSPI_705566,Domingarh-Gorakhpur-Gorakhpur Cantt.-Kusumhi - 3rd Railway Line Project,Railways,North Eastern Railway [NER],,351.0,521.47,499.64,3.78,98.0,0.0,98.3,117.7,7.9,1,15,0,False,
MOSPI_618377,Improvement/Widening to 2-L with Paved Shoulder/4-L from Km 81740 to Km 93490 design Km 0000 to Km 10670 of NH-40 New NH-106 & 206 section & 4-L from design Km 0.00 to Km 0.930 of NH-44 section between Shillong-Dawki under JICA ODA Loan assistance Phase-II -Balance Work Pkg-1,Roads & Highways,NHIDCL,,351.0,351.0,243.15,243.15,100.0,0.0,63.3,74.1,7.8,1,15,0,False,
MOSPI_618238,Rehabilitation and Up-gradation of Thimmapuram to Gurajanapalli section from Km 26/150 to Km 41/161 of NH - 214    New NH - 216    to two lane with paved shoulder in the state of Andhra Pradesh under NHDP-IV,Roads & Highways,MoRTH,,351.0,432.91,233.93,0.0,98.0,0.0,22.9,121.2,98.7,1,15,0,False,
MOSPI_618018,Upgradation of Bilaspur-Takhatpur-Mungeli-Pandariya-Pondi Road on N.H.-130A Package  IIIA Takhatpur By-pass from existing Ch. 26.542 to 32.093 [Design Ch. 18.700 to 25.900] & Mungeli By-pass from existing Ch. 45.786 to 56.275 [Design Ch. 29.600 to 51.600] and Package  IIIB Pandariya By-Pass from existing Ch. 82.582 to 87.133 [Design Ch. 77.900 to 81.1000 & Pondi By-pass from existing Ch. 103.166 to 104.756 [Design Ch. 97.000 to 103.395] to two lane with paved shoulder configuration in the,Roads & Highways,MoRTH,,351.0,351.0,11.63,0.15,11.0,0.0,39.8,53.7,17.5,1,15,0,False,
MOSPI_618029,Widening to 4 lane from Km. 133.00 to 158.04 design Chainage Km. 130.88 to 155.145 Shirur Cross to Gaddankeri of NH-367 in the State of Karnataka on EPC mode. Job No. NH-367-KNT-2021-22-930,Roads & Highways,MoRTH,,351.0,312.06,203.12,4.03,83.0,1.0,35.8,55.7,26.4,1,15,0,False,
MOSPI_617322,Kalipahari Bakhtarnagar 5th line,Railways,Eastern Railway [ER] - I,,350.0,350.46,0.0,0.0,0.0,0.0,34.7,25.2,0.0,0,15,0,False,
MOSPI_611971,Samni-Jambusar 24.08 km,Railways,CAOCWR WR mor,,350.0,349.93,188.23,101.23,40.0,8.0,94.4,52.0,0.0,0,15,0,False,
MOSPI_618138,"Widening, Reconstruction & Up-gradation to 2 lane with Paved Shoulder/Four Lane configuration for the work of Sautada to Shirapur Section of NH-561 from Design km 86300 to km 125589 in the state of Maharashtra on EPC mode. Design length  39.289 km",Roads & Highways,MoRTH,,350.0,350.0,0.0,0.0,54.0,4.0,31.7,30.0,0.0,0,15,0,False,
MOSPI_709827,CONSTRUCTION OF RESIDENTIAL TOWERS AT BIOM KIRANDUL COMPLEX,Steel,National Mineral Development Corporation Limited [NMDC],,350.0,350.0,326.85,17.55,100.0,1.0,53.6,62.1,1.9,0,15,0,False,
MOSPI_617372,Pradhankhunta Jn-Patherdih Bazar-Bhojudih 17.1 km Umbrella work PB57/2019-20/NR,Railways,CAO/Con/South/MHX ECR mor,,349.0,349.22,162.92,17.35,60.0,-5.0,60.3,45.8,0.0,0,15,0,False,
MOSPI_706837,Pradhan Kuntha Jn Line Doubling Project,Railways,East Central Railway [ECR] - I,,349.0,349.22,145.57,19.86,72.0,0.0,60.3,45.8,0.0,0,15,0,False,
MOSPI_617919,Construction of 4 Nos Grade separtor between km. 281.000 to km. 307.600 km. 286.400 kumhari km. 299.000 Transport Nagar km. 302.000 Power House km. 304.000 Chandra Moura Chowk to km. 305.000 supeia of NH-53 old NH-06 Raipur -Durg 4 Lane on EPC mode in the state of chhattisgarh job NO. NH-53old NH-06 CG-2017-18-56,Roads & Highways,MoRTH,,349.0,349.0,304.04,304.04,98.0,0.0,34.2,101.8,55.1,1,15,0,False,
MOSPI_618804,Dedicated Port road to Krishnapatnam Port Package-I from Km. 0.000 to Km. 18.000,Roads & Highways,NHAI,,349.0,341.36,310.54,6.81,80.0,1.0,32.8,101.6,75.3,1,15,0,False,
MOSPI_618176,Rehabilitation and upgradation from ch km 50/200 to 56/800 and km 62/600 to 100/403 of Kolde to Visarwadi Near Junction with NH-6 section of NH 752G total length  44.40 to two-lane with paved shoulder / four lanes in the State of Maharashtra on EPC mode.,Roads & Highways,MoRTH,,349.0,349.0,39.95,14.35,35.0,0.0,33.2,17.6,0.0,0,15,0,False,
MOSPI_618257,Rehabilitation and Upgradation to 2-lane with paved shoulders configuration of Koyyuru to Chaprathipalem section Km 120000 to Km 165500 of NH-516E in the State of Andhra Pradesh under Green National Highways Corridor Project GNHCP with the loan assistance of World Bank on EPC mode,Roads & Highways,MoRTH,,349.0,349.0,264.86,0.05,98.0,-2.0,46.8,73.1,24.8,1,15,0,False,
MOSPI_605292,"Construction of Permanent Campus of Indian Institute of Management [IIM] Amritsar, Punjab, Phase-I",Education,"Indian intitue of Management, Amritsar",,348.0,386.86,293.24,0.0,92.0,0.0,44.9,83.5,40.7,1,15,0,False,
MOSPI_618157,Construction of Ater realignment & Bhind bypass Total length. 21.50 km Section of NH-552Extn. to Two lane with paved shoulder configuration in the State of Madhya Pradesh on EPC mode.,Roads & Highways,MoRTH,,348.0,348.0,79.84,79.84,79.0,0.0,38.4,41.7,6.7,1,15,0,False,
MOSPI_701121,Construction of New  Domestic Terminal Building  at Rajahmundry Airport.,Aviation,Airport Authority of India [AAI],,347.0,347.0,189.48,0.0,94.0,2.0,31.4,44.5,10.5,1,15,0,False,
MOSPI_618039,Widening to 2 Lane from Existing Chainage Km 74.700  Km 100.660 Design Chainage Km 53.365 to Km 78.785 on NH- 507 in the State of Uttarakhand.,Roads & Highways,MoRTH,,347.0,347.0,0.0,0.0,32.0,2.0,50.9,31.7,0.0,0,15,0,False,
MOSPI_615862,Goleti Opencast Mine,Coal,Singareni Collieries Company Limited [SCCL],,346.0,346.0,111.94,0.79,33.0,1.0,57.0,62.5,0.0,0,15,0,False,
MOSPI_618214,Rehabilitation and upgradation to 2 lane / 2 lane with paved shoulder configuration for design chainage km 107.347 to km 129.208 & km 133.878 to km 138.570 existing chainage km 110.000 to km 133.020 & km 137.330 to km 142.028 and land slide treatment at existing km 138.500 Design chainage km 134.970 of NH -94 on EPC mode under improvement to NH connectivity to Chardham in the state of Uttarakhand.,Roads & Highways,MoRTH,,346.0,346.0,0.0,0.0,100.0,0.0,39.7,101.9,34.8,1,15,0,False,
MOSPI_618050,Rehabilitation and Upgradation to 2-lane/Intermediate lane configuration of Ashyari-Shri Kyari Section   km 50.000 to km 75.000    of  NH-707 in the state of Himachal Pradesh under Green National Highways Corridor Project   GNHCP    with the loan assistance of World Bank on EPC mode.,Roads & Highways,MoRTH,,346.0,359.56,146.64,0.0,98.0,0.0,37.0,72.7,13.3,1,15,0,False,
MOSPI_618429,Construction & upgradation of existing road to 2-lane with paved shoulder including geometric improvement of sect. from Pedong bypass to Reshi Border km 79.700 to km 96.254 of NH-717A under SARDP-NE-A on EPC as part of Alternate connectivity to Gangtok Lava More-Reshi Border  Pkg-VB,Roads & Highways,NHIDCL,,345.0,395.59,418.73,0.0,97.0,0.0,21.6,74.5,52.5,1,15,0,False,
MOSPI_619060,"Construction of Balance Work of 4-Laning of the Section from Jhanji to Demow of NH-37 Old from Km 514.800 to Km 534.800 20.000 Km, under SARDP- NE under EPC Mode in the state of Assam Pkg-III Road Works",Roads & Highways,NHIDCL,,345.0,619.7,56.58,2.1,72.0,0.0,130.9,142.5,13.1,1,15,0,False,
MOSPI_617974,Rehabilitation and upgradation of 2 lane with paved shoulder from existing km. 195.175 to km. 220.000 Design Chainage km71.300 to Km. 95.947 Excluding existing chainage Km 200.300 to Km 202.400 Design chainage Km 76.400 to Km 78.400 on Dharasu to Yamunotri Road of NH- 134 Old NH-94,Roads & Highways,MoRTH,,345.0,345.0,0.0,0.0,54.0,31.0,34.6,16.0,0.0,0,15,0,False,
MOSPI_618124,Rehabilitation and upgradation from km 51.600 to km 75.700 of NH-321G Nuhkhas to Etah section to two lane with paved shoulder configuration under EPC mode in the State of Uttar Pradesh,Roads & Highways,MoRTH,,344.0,344.0,88.97,4.54,73.0,8.0,43.6,56.2,15.1,1,15,0,False,
MOSPI_617271,Eastern Region  Expansion Scheme-43 [ERES-43],Transmission & Distribution,Power Grid Corporation of India Limited [POWERGRID],,343.0,343.0,143.93,6.86,30.0,0.0,17.9,24.4,7.0,1,15,0,False,
MOSPI_611615,Malugur- Palasamudram New Line Project [17.975 Km],Railways,South Western Railway [SWR] - II,,342.0,342.14,0.0,0.0,0.0,0.0,62.9,48.5,1.0,0,15,0,False,
MOSPI_619043,Capacity Augmentation in the stretch of DhulePimpalgaon section of NH60 Km. 261.720 to Km. 380.000 by Construction of Slip/Service Road on either side at various locations total length 30.30 Km LHSRHS and Flyover 2 x 30m at Sawadgaon Phata Km. 310.415,Roads & Highways,NHAI,,342.0,342.0,10.9,0.0,5.0,0.0,10.2,9.2,12.0,1,15,0,False,
MOSPI_618172,Paithan - Shirur section 2LPS Km 0.0 to 55.00,Roads & Highways,MoRTH,,342.0,342.0,208.25,208.25,82.0,0.0,27.0,114.5,88.9,1,15,0,False,
MOSPI_709780,Construction of Additional Tankages and Allied Facilities at JNPT Terminal,Petroleum,Indian Oil Corporation Limited [IOCL],,341.0,436.14,305.01,0.26,73.0,1.0,52.4,52.9,0.0,0,15,0,False,
MOSPI_613808,MURAIDIH UG PROJECT,Coal,Bharat Coking Coal Limited (BCCL),,340.0,340.0,191.14,0.0,70.0,0.0,38.5,187.0,152.0,1,15,0,False,
MOSPI_617304,"Setting up of LPG Plant with Rail Unloading Facility at Hathua, Dist. Gopalganj, Bihar",Petroleum,Bharat Petroleum Corporation Limited [BPCL],,340.0,340.15,186.21,6.66,56.0,1.0,40.1,34.6,0.0,0,15,0,False,
MOSPI_709747,Bagodara Solar Power Project,Power,Satluj Jal Vidyut Nigam [SJVN] Thermal Limited,,339.0,339.0,370.0,52.41,52.0,1.0,57.2,65.7,0.0,0,15,0,False,
MOSPI_617364,Central Railway - Double chord line between Nilaje and Kopar 4.495 km PB34/CR/2023-24,Railways,CAOC/CR CR mor,,338.0,205.0,57.54,1.71,15.0,-5.0,60.0,37.6,0.0,0,15,0,False,
MOSPI_618218,Rehabilitation & upgradation of existing road to 2-lane with hard shoulder from Joshimath km 0.00 to Saraithota km 29.725 road on NH-107B under Bharatmala Pariyojna on EPC mode in the state of Uttarakhand,Roads & Highways,MoRTH,,338.0,338.0,0.0,0.0,80.0,2.0,31.0,46.9,22.3,1,15,0,False,
MOSPI_701600,354 Uncovered Villages Scheme,Telecommunications,Department of Telecommunications [DoT],,337.0,301.13,241.23,0.02,100.0,0.0,22.5,81.1,46.1,1,15,0,False,
MOSPI_613798,AMERA OC RCE [1.0 MTY],Coal,SECL - CIL,,336.0,336.0,91.91,0.15,42.0,0.0,133.8,139.3,0.0,0,15,0,False,
MOSPI_615190,SINGHORI DEEP OC MIN 2.0 MTY,Coal,WCL - CIL,,336.0,336.0,53.94,0.6,10.0,0.0,82.9,52.4,0.0,0,15,0,False,
MOSPI_705710,PCT Machine Procurement Project,Railways,EDTK[MC]/RB,,336.0,336.0,74.32,0.0,85.0,0.0,60.0,89.5,38.9,1,15,0,False,
MOSPI_618069,Upgradation to Two-lane with paved shoulder of Hanumangarh to Kenchiyan section from Km 0.000existing chainage-Km 23.200 to Km 49.605existing chainage-Km 74.645 of NH-54 in the State of Rajasthan on EPC mode.,Roads & Highways,MoRTH,,335.0,335.0,0.0,0.0,72.0,2.0,54.3,53.7,0.0,0,15,0,False,
MOSPI_611017,2.5 MTPA PATHERDIH NLW WASHERY,Coal,Ministry of Coal,,334.0,334.0,162.75,1.25,52.0,1.0,30.0,130.5,104.0,1,15,0,False,
MOSPI_618028,"Construction of Bypass at Kuknoor, Yelburga, Gajendragada of Bhanapur Gaddanakeri section of NH-367 in the State of Karnataka under NHO on EPC mode under Annual Plan 2022-23. NH-367-KNT-2022-23-973 dated 08.02.2023",Roads & Highways,MoRTH,,334.0,334.0,63.62,0.05,36.0,0.0,52.5,43.2,0.0,0,15,0,False,
MOSPI_612151,Transmission System for Evacuation of Power from potential Renewable Energy zone in Khavda Area of Gujarat under Phase IV [7 GW] Part E3,Transmission & Distribution,Power Grid Corporation of India Limited [POWERGRID],,334.0,334.0,327.32,30.06,100.0,7.0,25.0,38.5,9.0,1,15,0,False,
MOSPI_701390,Arjuna Medium Irrigation project,Water Resources,Department of water resources-MH - II,,334.0,611.0,803.89,0.0,100.0,0.0,36.0,12.0,60.0,1,15,0,False,
MOSPI_612851,"Phase 1B - Construction of Academic Block, Hostel, Residential Tower, Directors Residence and External Development works at National Institute of Technology, Delhi Campus on Engineering, Procurement and Construction basis",Education,National Institute of Technology Delhi,,333.0,336.42,336.42,9.16,100.0,0.0,192.4,203.9,4.0,0,15,0,False,
MOSPI_618296,Balance work of Construction of 2-lane with hard shoulder of Kohima - Jessami road on NH-29 old NH-150 from existing km 98.380 near Chizami vill. to km120.367 Nagaland/Manipur Border [Design km 95.700 to design km 117.200] [Design Length 21.500 km] in the state of Nagaland Under Bharatmala Pariyojna on EPC Mode Package-V under NHO,Roads & Highways,NHIDCL,,331.0,331.0,268.18,268.18,98.0,0.0,67.7,77.5,8.3,1,15,0,False,
MOSPI_611735,Transmission system for evacuation of power from REZ in Rajasthan 20GW under Phase-III Part J,Transmission & Distribution,Power Grid Corporation of India Limited [POWERGRID],,331.0,331.0,235.01,7.85,69.0,1.0,28.0,45.5,21.0,1,15,0,False,
MOSPI_618594,Balance work of 4L Panvel to Indapur section of NH-66 Old NH- 17 from km 0.000 Panvel to km 42.300 Kasu,Roads & Highways,NHAI,,330.0,196.87,185.79,0.75,97.0,0.0,22.3,45.1,21.3,1,15,0,False,
MOSPI_615191,KATKONA RO UG MINE,Coal,South Eastern Coalfields Limited [SECL],,329.0,329.0,62.03,0.02,2.0,0.0,74.0,43.5,0.0,0,15,0,False,
MOSPI_617915,Upgradation of Dindori-Sagartola-kabichabutra MP-CG border section of NH -45 from km 000Design to km 77.00 Design to Two lane with paved shoulder configration along with one time improvement in 04 nos. of bypaased built-up areas in a total length of 9.1 km in the state of Madhya Pradesh on EPC mode.,Roads & Highways,MoRTH,,329.0,319.09,0.0,0.0,100.0,6.0,44.2,56.1,10.4,1,15,0,False,
MOSPI_615342,Augmentation of Transformation Capacity at jam Khambhaliya PS [GIS] [SPV Name POWERGRID Jam Khambhaliya Transmission Limited],Transmission & Distribution,Power Grid Corporation of India Limited [POWERGRID],,329.0,329.0,72.38,20.4,33.0,15.0,20.9,23.0,9.5,1,15,0,False,
MOSPI_612791,"Re-Construction of Rigid portions of Secondary Runway, K and  A Taxiway and Strengthening of C Taxiway at NSCBI Airport Kolkata.",Aviation,Airport Authority of India [AAI],,328.0,328.0,153.52,4.77,74.0,3.0,31.0,42.4,10.9,1,15,0,False,
MOSPI_709778,Installation of new Biturox Unit along with allied facilities at Gujarat Refinery,Petroleum,MinistryofPetroleumNaturalGas,,328.0,344.36,227.48,9.31,87.0,-1.0,42.2,55.5,16.8,1,15,0,False,
MOSPI_709818,4th line - Rajnandgaon-Dongarhgarh 31.2 km PB72/NR/2022-23,Railways,CAOC/SECR SECR mor,,328.0,328.34,98.21,2.01,5.0,-5.0,52.6,48.1,0.0,0,15,0,False,
MOSPI_618059,Construction of four-lane Concrete Road from Police Headquarter Gondia City to Rawanwadi Village Birsi Airport Junction from design km 0.000 to km 15.781 existing km 39/720 of NH-753 to existing Km 8/400 of NH 543 on sections from Kohmara- Goregaon- Police HeadquarterKaranja - Collector Office Square - Balaghat T Point- Rawanwadi- Rajegaon of NH-753 and NH-543 in Gondia District in the state of Maharashtra. Total Length of the project 15.781 Km.,Roads & Highways,MoRTH,,328.0,328.0,111.48,111.48,34.0,0.0,30.0,43.0,14.5,1,15,0,False,
MOSPI_618525,Construction of flyover at Gammon Junction at Km.903.265 on NH16 including vent at Diwancheruvu junction at Km.902.308 Blackspot ID No.AP03299 in Andhra Pradesh on EPC mode under NHO,Roads & Highways,NHAI,,327.0,223.29,43.82,0.15,19.0,0.0,31.4,18.3,0.0,0,15,0,False,
MOSPI_618570,4L Elevated Highway and at grade improvements at Gopalganj Town from Km. 384.000 to Km. 386.750 on NH-27,Roads & Highways,National Highways Authority of India [NHAI],,326.0,248.92,227.89,2.45,96.0,-4.0,34.4,58.8,0.0,0,15,0,False,
MOSPI_618088,Nandurshingote to Kolhar,Roads & Highways,MoRTH,,326.0,326.0,32.41,9.4,42.0,4.0,26.8,23.7,0.0,0,15,0,False,
MOSPI_707052,Establishment of new GMC Handwara [Distt. Kupwara],Healthcare,"Medical Education, Ministry of Health and Family Welfare",,325.0,325.0,173.0,0.0,0.0,0.0,36.0,12.0,0.0,0,15,0,False,
MOSPI_707070,Establishment of new GMC Hoshiarpur,Healthcare,"Medical Education, Ministry of Health and Family Welfare",,325.0,374.75,2.04,0.04,5.0,4.0,107.1,79.6,0.0,0,15,0,False,
MOSPI_707046,Establishment of new GMC Kanker,Healthcare,"Medical Education, Ministry of Health and Family Welfare",,325.0,325.0,37.0,1.0,45.0,-5.0,85.3,78.8,0.0,0,15,0,False,
MOSPI_707069,Establishment of new GMC Kapurthala,Healthcare,"Medical Education, Ministry of Health and Family Welfare",,325.0,550.0,50.0,50.0,0.0,0.0,109.1,81.6,0.0,0,15,0,False,
MOSPI_707044,Establishment of new GMC Korba,Healthcare,"Medical Education, Ministry of Health and Family Welfare",,325.0,322.85,179.49,1.0,55.0,1.0,46.2,42.7,0.0,0,15,0,False,
MOSPI_707057,Establishment of new GMC Leh,Healthcare,"Medical Education, Ministry of Health and Family Welfare",,325.0,325.0,127.0,0.0,0.0,0.0,36.0,83.4,0.0,0,15,0,False,
MOSPI_707045,Establishment of new GMC Mahasamund,Healthcare,"Medical Education, Ministry of Health and Family Welfare",,325.0,325.0,322.5,0.8,82.0,-2.0,31.4,34.9,0.0,0,15,0,False,
MOSPI_707059,Establishment of new GMC Mandla,Healthcare,"Medical Education, Ministry of Health and Family Welfare",,325.0,325.0,89.41,6.0,45.0,2.0,32.1,37.4,0.0,0,15,0,False,
MOSPI_707067,Establishment of new GMC Mon,Healthcare,"Medical Education, Ministry of Health and Family Welfare",,325.0,325.0,155.0,0.0,0.0,0.0,36.0,12.0,0.0,0,15,0,False,
MOSPI_707049,Establishment of new GMC Panchmahal,Healthcare,"Medical Education, Ministry of Health and Family Welfare",,325.0,663.5,467.34,10.0,88.0,0.0,42.3,47.8,0.0,0,15,0,False,
MOSPI_707087,Establishment of new GMC Pithoragarh,Healthcare,"Medical Education, Ministry of Health and Family Welfare",,325.0,768.89,470.08,143.0,78.0,-5.0,64.2,60.7,0.0,0,15,0,False,
MOSPI_707050,Establishment of new GMC Porbandar,Healthcare,"Medical Education, Ministry of Health and Family Welfare",,325.0,618.98,936.64,2.0,81.0,3.0,29.9,53.4,0.0,0,15,0,False,
MOSPI_707058,Establishment of new GMC Rajgarh,Healthcare,"Medical Education, Ministry of Health and Family Welfare",,325.0,325.0,179.5,0.5,86.0,2.0,28.4,57.2,0.0,0,15,0,False,
MOSPI_707086,Establishment of new GMC Rudrapur,Healthcare,"Medical Education, Ministry of Health and Family Welfare",,325.0,325.0,353.01,79.01,95.0,35.0,50.9,47.4,0.0,0,15,0,False,
MOSPI_707051,Establishment of new GMc Udhampur,Healthcare,"Medical Education, Ministry of Health and Family Welfare",,325.0,325.0,222.0,0.0,75.0,0.0,90.1,83.6,0.0,0,15,0,False,
MOSPI_618266,Rehabilitation and upgradation to 2-lane with paved sholuders configuration of Bewar- Allahaganj- section of NH-730CKm.0.000 to Km 52.770pakage-I in state of Uttar Pradesh undergreen national Highway Corridor ProjectGNHCP with the loan assistance of world Bank on EPC mode.,Roads & Highways,MoRTH,,325.0,340.16,0.0,0.0,98.0,0.0,55.2,76.9,17.2,1,15,0,False,
MOSPI_619059,Construction of 2-Lane with hard shoulders of Merangkong-Tamlu-Mon Road on EPC Basis from existing road Km. 76.640 to Km 98.065 Design chainage Km. 63.800 to Km. 86.835 Design Length-23.035 Km in the state of Nagaland under SARDP-NE  PKG-IV Balance work,Roads & Highways,NHIDCL,,324.0,324.0,147.37,3.98,79.0,0.0,89.7,101.8,15.7,1,15,0,False,
MOSPI_617905,Construction of 4 lane ROB with approaches in lieu of LC No. RV-172 at km 176.00 of NH-201 present NH-26 at Kesinga including land acquisition in the state of Odisha on EPC mode under Annual Plan 2021-22,Roads & Highways,MoRTH,,324.0,324.0,88.48,0.0,70.0,-5.0,40.2,56.5,17.8,1,15,0,False,
MOSPI_612793,"Widening of basic strip at Western Side of Runway Chainage 80m to 920m i/c slope stabilization Measures [Balance work] of uphill and Improvement of Storm Water Drainage System at Pakyong Airport, Sikkim on design & build basis [EPC] with integrated 10 years maintenance.",Aviation,Airport Authority of India [AAI],,323.0,323.0,87.61,0.01,36.0,0.0,30.4,33.8,12.9,1,15,0,False,
MOSPI_617992,Rehabilitation & upgradation of NH - 167 from design km 187.723 to 234.434  Miryalaguda to Kodad section  to two lane with paved shoulder on EPC mode in the state of Telangana,Roads & Highways,MoRTH,,323.0,322.81,148.48,104.7,98.0,0.0,29.7,102.1,69.8,1,15,0,False,
MOSPI_612788,Construction of New Domestic Terminal Building and Miscellaneous Works at Belagavi Airport.,Aviation,Airport Authority of India [AAI],,322.0,322.0,240.99,20.27,97.0,2.0,32.0,39.5,6.9,1,15,0,False,
MOSPI_618406,Up-gradation to 4-lane with Paved Shoulder of Jammu-Akhnoor road section of NH-144A from Ganesh Vihar Km 6.000 to Khati Chowk Km 26.350 in UT of Jammu and Kashmir on EPC basis Pkg-3A,Roads & Highways,NHIDCL,,322.0,322.0,398.19,9.55,92.0,0.0,39.9,102.1,64.7,1,15,0,False,
MOSPI_617971,Up-gradation to Two/Four lane with paved shoulder Configuration of Kondagaon- Narayanpur from design ch. 0.00 - 48.693   Design Length    47.493 Km. 1.20 Km. retained    on NH-130D under EPC mode in the State Chhattisgarh.,Roads & Highways,MoRTH,,322.0,322.0,1.14,0.04,70.0,4.0,50.5,44.5,0.0,0,15,0,False,
MOSPI_618592,"Balance work of 8 nos. of Elephant Underpasses EUPs, 1 no. of Vehicular Underpass VUP, 1 nos. of Light Vehicular Underpass LVUP, 1 nos. of Pedestrian Underpass PUP, 1 nos. of Foot Over Bridge FOB and A2 side approach of Jharpokharia Flyover at Km.215.270 in Baharagora-Singhara section of NH-49",Roads & Highways,NHAI,,321.0,244.85,55.3,0.51,25.0,2.0,31.2,35.6,18.0,1,15,0,False,
MOSPI_612787,Construction of New Domestic Terminal Building and Miscellaneous works at Hubli Airport,Aviation,Airport Authority of India [AAI],,320.0,320.0,169.11,8.9,88.0,3.0,31.7,39.5,8.3,1,15,0,False,
MOSPI_615982,NILJAI EXPANSION DEEP  OCP,Coal,Western Coalfields Limited [WCL],,320.0,320.0,367.6,0.0,79.0,0.0,91.1,120.6,24.0,1,15,0,False,
MOSPI_618009,Balance work of Construction of Ring Road for Raebareli City on eastern side of NH-24B Phase-1 on EPC mode.,Roads & Highways,MoRTH,,320.0,347.8,0.0,0.0,95.0,0.0,27.8,81.2,56.9,1,15,0,False,
MOSPI_615186,SASTI  EXPANSION OPENCAST,Coal,WCL - CIL,,319.0,319.0,155.37,1.59,32.0,0.0,67.8,73.4,12.0,1,15,0,False,
MOSPI_617802,Augmentation of Transformation Capacity and Implementation of Line Bays at  Mandsaur S/S for RE Interconnection [SPV Name- POWERGRID Mandsaur I RE Transmission Limited],Transmission & Distribution,Power Grid Corporation of India Limited [POWERGRID],,319.0,319.0,17.23,0.93,5.0,3.0,29.7,11.2,0.0,0,15,0,False,
MOSPI_619029,Transmission System for Reliable Power Supply to Dholera,Transmission & Distribution,Power Grid Corporation of India Limited [POWERGRID],,319.0,319.0,70.27,6.39,35.0,4.0,17.9,24.4,10.0,1,15,0,False,
MOSPI_611972,Jambusar Kavi 26 Kms,Railways,PCE/WR,,318.0,318.0,0.0,0.0,0.0,0.0,36.0,12.0,0.0,0,15,0,False,
MOSPI_618200,Construction of 2 lane with Paved Shoulder for Northern Bypass Phase-II of Kota city in the State of Rajasthan.,Roads & Highways,MoRTH,,318.0,318.0,6.14,0.0,50.0,1.0,36.5,53.5,19.5,1,15,0,False,
MOSPI_608302,Transmission system for evacuation of Power from Pakaldul HEP in Chenab Valley HEPs - LTA System,Transmission & Distribution,Power Grid Corporation of India Limited [POWERGRID],,318.0,318.0,317.12,8.54,100.0,1.0,38.9,55.4,7.0,1,15,0,False,
MOSPI_617984,"Gudivada Town 2 RoB, and Road improvement NH-165",Roads & Highways,MoRTH,,317.0,317.0,158.64,158.64,75.0,0.0,38.2,54.0,22.3,1,15,0,False,
MOSPI_619014,"lmprovement and Widening to 2 lane with paved Shoulder of NH-15 old NH-52 from Existing Km 770.600 Design Km 24.819 to Existing km 805.750 Design Km 59.885 Kamlang T-Junction to Chowkham, Existing Length 35.150 Km, Design Length-35.066 Km in the state of Arunachal Pradesh on EPC mode Pkg-2",Roads & Highways,NHIDCL,,317.0,317.0,34.98,34.98,15.0,3.0,50.7,33.2,0.0,0,15,0,False,
MOSPI_617983,Widening & Strengthening of Existing 2LPS to 4 lane  PS from Km 150000 to Km 159000 and Km 165400 to Km 186000 of NH-163 old NH-202 under NH O for the year 2020-21 on EPC Mode in the state of Telangana.,Roads & Highways,MoRTH,,317.0,300.56,190.86,0.1,91.0,1.0,39.6,65.5,25.5,1,15,0,False,
MOSPI_616223,ADASA UG TO OC MINE,Coal,Western Coalfields Limited [WCL],,316.0,316.0,308.84,99.49,86.0,0.0,64.5,94.0,24.0,1,15,0,False,
MOSPI_613799,AMGAON OC RCE [1.0 MTY],Coal,SECL - CIL,,316.0,316.0,193.0,0.1,79.0,0.0,128.2,133.7,0.0,0,15,0,False,
MOSPI_618388,Construction of 2-laning with Hard shoulder road of Ukhrul - Tolloi - Tadubi section of NH-102A from Design Chainage 50.850 km to 81.870 km in the State of Manipur on EPC mode under NHO-TSP Package -3,Roads & Highways,NHIDCL,,316.0,316.0,257.41,5.95,94.0,3.0,40.4,60.2,23.3,1,15,0,False,
MOSPI_618236,Rehabilitation and Up-gradation of Dhindi - Digamarru section from Km 126/510 to Km 135/740 of NH -214  New NH -216    and digamarru -Losari section from Km 0/000 tp Km 34/230 of NH-214 A  New Nh-216    to two lane with paved shoulder in the state of AP-NH,Roads & Highways,MoRTH,,316.0,288.76,222.43,1.68,100.0,0.0,26.5,126.6,65.9,1,15,0,False,
MOSPI_618065,"Rehabilitation/Upgradation of existing Highway to 2LPS/4 lane of Dhawali to Rajoli from Design Km.149476 to 163476 existing Km.150000 to 164000, Pandhasala to Mohadongri from design Km.170476 to 181476 existing Km.171000 to 182000, Ambeshivni Fata to Bodli from design Km.183476 to 185476 existing Km.184000 to 186000 and Made Tukum to Gadchiroli from design Km.188476 to 189476 existing Km.188000 to 18900 having length  28 km of NH-930 of Dhawali to Gadchroli road in the",Roads & Highways,MoRTH,,316.0,316.0,49.78,49.78,37.0,3.0,41.4,53.7,18.8,1,15,0,False,
MOSPI_618036,Upgradation and reconstruction of existing intermediate lane to two Lane with paved shoulder configuration from km. 43.00 Barna River to km. 77.00 ken river length 34.00 km. on Gulganj-Amanganj-Pawai-Katni NH43 Extn. along with One time improvement in 01 no. of bypassed built-up area in a total length of 1.585 km in the state of Madhya Pradesh on EPCmode.,Roads & Highways,MoRTH,,316.0,316.0,0.0,0.0,43.0,3.0,44.1,41.8,4.1,0,15,0,False,
MOSPI_617951,Construction of Chintamani Bypass from Design Ch.0000 Existing Ch.428880 to Design Ch.15400 Existing Ch.444010 on NH-69 in the State of Karnataka in EPC Mode under NHO Annual Plan 2022-23. NH-69-KNT-2022-23-989 dated 24.03.2023,Roads & Highways,MoRTH,,315.0,315.0,7.02,2.99,14.0,4.0,51.8,41.8,0.0,0,15,0,False,
MOSPI_618217,Improvement/construction of existing Class-5 Road to NH Intermediate lane specification with hard shoulder from existing Km 76/340 to 134/940 Design chainage from Km 76/300 to 133/000 net Length 56.700 kms of NH-505 Sumdo-Kaza-Gramphoo road  in the state of Himachal Pradesh Package I,Roads & Highways,MoRTH,,315.0,244.15,93.27,0.0,62.0,2.0,62.3,66.4,15.7,1,15,0,False,
MOSPI_618060,Widening and Strengthening of existing paveemnt to two lane with paved shoulders from km 116.00 to km 176.355 of NH-75E in the State of Jharkhand on EPC mode.,Roads & Highways,MoRTH,,315.0,315.0,162.16,18.81,89.0,2.0,29.8,55.8,27.5,1,15,0,False,
MOSPI_613804,RPR TAWA-III UG 0.84 MTY,Coal,WCL - CIL,,314.0,314.0,17.9,0.01,18.0,0.0,63.0,56.6,0.0,0,15,0,False,
MOSPI_609736,"Construction of Sikkim University Campus Phase-I Package-II at Yangang, South Sikkim",Education,Sikkim University,,314.0,351.74,292.0,0.0,96.0,0.0,53.1,73.5,14.8,1,15,0,False,
MOSPI_703585,Yeshvanthpur - Channasandra Doubling Project [21.70 Km],Railways,Karnataka Rail Infrastructure Development Company Limited...,,314.0,683.57,173.5,2.5,57.0,1.0,60.0,89.5,24.0,1,15,0,False,
MOSPI_618184,Construction of 2 Lane with paved shoulder from km 55.6 to km 90.7 existing chainages of NH-766C complete Realignment of 13.76 km with 2 major Bridges across Sharavathi Backwaters on EPC mode under Annual Plan 2022-23 in the state of Karnataka NH-766C-KNT-2022-23 dated 14.10.2022,Roads & Highways,MoRTH,,314.0,314.0,160.08,9.04,65.0,0.0,37.0,44.1,22.2,1,15,0,False,
MOSPI_618230,Rehabilitation and Upgradation to 2-lane configuration of Kalwahn-Mandi Section km 208.950 to 250.592 of NH-70 in the State of Himachal Pradesh under Green National Highways Corridor Project GNHCP with the loan assistance of World Bank on EPC mode.Package-3,Roads & Highways,MoRTH,,314.0,314.0,0.0,0.0,71.0,1.0,55.9,73.0,20.6,1,15,0,False,
MOSPI_611452,MUMBAI CENTRAL VIRAR VADODARA AHMEDABAAD TRAIN PROTECTION SYSTEM 500 RKM,Railways,Western Railway,,311.0,311.0,263.42,55.42,93.0,1.0,75.2,83.7,12.0,1,15,0,False,
MOSPI_618427,Construction & upgradation of existing road to 2-lane with paved shoulder including geometric improvement of Kafer- Lava More section from km 40.00 to km 61.100 of NH717-A on EPC under SARDP-NE A in state of West Bengal Pkg-VA,Roads & Highways,NHIDCL,,311.0,273.78,268.2,262.08,96.0,0.0,33.3,74.7,44.9,1,15,0,False,
MOSPI_618358,Construction of 2 -Lane with paved shoulders road from Tamenglong to Mahur NH-137 starting from km 80.630 near Mandeu to km 96.870 near Jiri River on EPC Mode Package-6,Roads & Highways,NHIDCL,,311.0,311.0,231.08,0.0,87.0,0.0,20.2,60.1,31.4,1,15,0,False,
MOSPI_618389,Construction of 2-laning with Hard shoulder road of Ukhrul - Tolloi - Tadubi section of NH-102A from Design Chainage 81.870 km to 105.825 km in the State of Manipur on EPC mode under NHO-TSP Package -4,Roads & Highways,NHIDCL,,311.0,311.0,287.73,32.13,97.0,0.0,29.7,60.2,30.1,1,15,0,False,
MOSPI_618256,"Rehabilitation and Upgradation to 2-lane with paved should ders Sir, configuration of Chaprathipalem to Lambasingi section Km 165500 to Km 205000 of NH-516E in the State of Andhra Pradesh under Green National Highways Corridor Project GNHCP with the loan assistance of World Bank on EPC mode",Roads & Highways,MoRTH,,311.0,311.0,211.05,0.0,93.0,2.0,50.0,73.2,21.6,1,15,0,False,
MOSPI_615192,GOKUL EXTENSION OC MINE,Coal,WCL - CIL,,310.0,310.0,62.31,4.23,8.0,0.0,59.2,64.8,12.0,1,15,0,False,
MOSPI_618572,Binnaguri Bypass-Descoped portion of Ghoshpukur-Dhupguri Section of NH-31Dpkg-1,Roads & Highways,NHAI,,310.0,306.02,4.77,2.6,4.0,1.0,31.5,17.8,0.0,0,15,0,False,
MOSPI_617964,"Widening to Four Lane rigid pavement configuration from Km 90.00 to Km 100.800 on NH-96 Km 42.0 to Km 53.300 as per new NH-330,design length of 11.300 km under EPC mode in the state of Uttar Pradesh.",Roads & Highways,MoRTH,,310.0,310.0,41.92,3.84,31.0,0.0,47.3,45.5,0.0,0,15,0,False,
MOSPI_619138,Yekkambi-Haveri,Roads & Highways,NHAI,,310.0,309.9,94.8,0.0,25.0,0.0,29.2,59.5,46.8,1,15,0,False,
MOSPI_709801,71 MWp [DC] Solar power project at Prayagraj,Petroleum,Bharat Petroleum Corporation Limited [BPCL],,308.0,308.0,183.37,0.0,95.0,0.0,18.0,31.4,0.0,0,15,0,False,
MOSPI_705789,Penukonda - Dharmavaram Doubling Project [41.5 Km],Railways,South Western Railway [SWR] - II,,308.0,307.66,296.58,1.97,89.0,2.0,93.0,98.6,0.0,0,15,0,False,
MOSPI_619039,"Balance Works of Rehabilitation and Up gradation of NH-43 New NH-30 from Krn 162120 to Krn 173500 Length 11.380 Km. Keshkal Bypass 4-Lane with Paved shoulder in the State Of Chhattisgarh under NHDP-IV through Engineering, Procurement & Construction EPC Basis",Roads & Highways,MoRTH,,308.0,308.0,0.0,0.0,0.0,0.0,35.8,15.0,0.0,0,15,0,False,
MOSPI_611945,Petlad-Bhadran 22.5 km,Railways,CAOCWR WR mor,,307.0,307.12,114.73,32.73,32.0,15.0,96.5,52.0,0.0,0,15,0,False,
MOSPI_618110,Improvement and upgradation to two lane with Paved Shoulder configuration from existing km 55.00 to km 90.00 Design length 34.76 of NH-227A near Chhapia Village to near Sikriganj in the State of UP on EPC Mode.,Roads & Highways,MoRTH,,307.0,307.0,125.88,0.0,0.0,0.0,29.8,58.2,14.1,1,15,0,False,
MOSPI_613008,Construction of Permanent Campus of Central Tribal University of Andhra Pradesh Phase-1,Education,Central Tribal University of Andhra Pradesh,,305.0,305.0,84.96,1.63,25.0,1.0,93.2,83.9,0.0,0,15,0,False,
MOSPI_617893,Construction of additional major Bridge with 4- lane configuration of length 1.48 km on NH-60   NH-14    over River Kangshabati from Km. 117.770 to Km 119.250 and additional major Bridge with 4- lane configuration of length 0.900 km on NH-60   NH-14    over River Shilabati from Km. 173.220 to Km 174.120 in the district of Paschim Medinipur of West Bengal under Annual Plan for FY 2023-24 on EPC mode.   Job No 014-W8-2023-24/527   .,Roads & Highways,MoRTH,,305.0,305.0,0.15,0.11,0.0,0.0,53.9,34.0,0.0,0,15,0,False,
MOSPI_618085,Upgradation of Nasrullagani-Rehti-Budhni Scction  to 2-lane with paved shoulder from Km 0150 to Km 50500 of NH-146B in the state of Madhya Pradesh on EPC mode.,Roads & Highways,MoRTH,,305.0,293.74,0.0,0.0,92.0,3.0,34.6,57.3,24.2,1,15,0,False,
MOSPI_616616,"Sewer Networks, SPS and STP at Hajipur",Water Resources,National Mission for Clean Ganga,,305.0,305.0,346.46,0.0,95.0,0.0,183.7,198.3,6.0,1,15,0,False,
MOSPI_705766,Lalitpur - Birari with flyover at Lalitpur 15.80 km,Railways,CAO/C/NCR NCR mor,,304.0,356.1,287.11,3.44,85.0,-1.0,93.3,113.8,13.0,1,15,0,False,
MOSPI_706866,Sawaimadhopur - Bypass line 6.98 km Umbrella work PB57/2019-20/NR,Railways,CAOC/NWR NWR mor,,304.0,239.0,188.07,54.07,72.0,37.0,39.7,45.2,13.9,1,15,0,False,
MOSPI_618737,Grade separated Interchanges at Km. 113.730 junction with Ranchi  Hazaribagh Road & Km. 139.225 junction with Ranchi  Jamshedpur road on 4L Ranchi Bypass of NH-33,Roads & Highways,NHAI,,304.0,5.58,4.98,1.1,0.0,0.0,34.8,19.5,0.0,0,15,0,False,
MOSPI_617885,Rehabilitation and Up-gradation of Nongstoin  Wahkaji section of Project Road Km 0000 to Km 43060 to Intermediate Lane with earthern shoulder under SARDP-NE Phase-A in the State of Meghalaya on EPC mode.   Job No- SARDP-NE  ong-Don-Maw/MG/2020-21/294,Roads & Highways,MoRTH,,303.0,303.0,187.77,0.0,100.0,1.0,35.9,73.1,36.7,1,15,0,False,
MOSPI_705610,"Renigunta, Wadi & Gooty Bypass Railway Project",Railways,South Central Railway [SCR] - II,,302.0,543.0,636.74,1.02,89.0,0.0,117.0,125.5,3.0,0,15,0,False,
MOSPI_618925,Bijnor-Kotawali,Roads & Highways,NHAI,,301.0,334.48,299.77,3.3,99.0,0.0,26.1,66.6,39.5,1,15,0,False,
MOSPI_619300,Construction of Four Lane Nagpur-Katol section of NH-353J including Mitigation Structures from Design Ch. 37000 to Ch. 45990 Tiger Corridor-I Mitigation Structures from Design Ch. 37000 to Ch. 45990 Tiger Corridor-I in the State of Maharashtra on EPC Mode,Roads & Highways,NHAI,,301.0,301.0,0.0,0.0,0.0,0.0,23.1,8.0,0.0,0,15,0,False,
MOSPI_616695,Construction of Paradeep- Badabandha 3rd & 4th line 18.51 km PB34/ECOR/2023-24,Railways,CAO/C/ECOR ECoR mor,,300.0,300.0,21.5,19.03,7.0,-3.0,63.0,36.5,0.0,0,15,0,False,
MOSPI_617924,Construction of bypass to Nayagarh town from km 235.469 to 252.482 of NH-57 including land acquisition in the state of Odisha.,Roads & Highways,MoRTH,,300.0,300.0,82.33,4.19,100.0,10.0,39.3,55.8,11.0,1,15,0,False,
MOSPI_618242,Widening and Reconstruction to 4-lane/4-lane with service road including structures from Pokharia More at Km 47.600 Ex. Km 50.230 to Govindpur at km 62.949 Ex. Km 65.325 of Nh-419 in the State of Jharkhand on EPC mode.,Roads & Highways,MoRTH,,300.0,300.0,94.18,8.11,55.0,3.0,43.9,52.2,12.0,1,15,0,False,
MOSPI_617995,Widening to Two Lane with Paved Shoulders from Km 67.000 to Km 114.425 of Kalwakurthy- Mallapally Section of NH 167 Erstwhile section of SH 18 in the State of Telangana on EPC mode under NH O Annual Plan 2016-17,Roads & Highways,MoRTH,,300.0,300.0,175.12,0.02,99.0,0.0,27.4,115.8,91.5,1,15,0,False,
MOSPI_618041,Rehabilitation and upgrading to two lanes with paved shoulders and Strengthening of Kotdwar-Pauri-Srinagar road section from Km 232.00 to 274.470 on NH-119 New 534 Paidul to Srinagar in the State of Uttarakhand on EPC Mode under NHO Annual Plan 2021-22.,Roads & Highways,MoRTH,,299.0,299.0,0.0,0.0,2.0,0.0,70.6,55.1,0.0,0,15,0,False,
MOSPI_615818,Jawahar Khani Open Cast Mine,Coal,Singareni Collieries Company Limited [SCCL],,298.0,298.0,50.39,1.64,20.0,0.0,39.9,57.5,24.0,1,15,0,False,
MOSPI_617935,"Construction of Elevated corridor from Km. 135.650 to 136.300 on 63, from Km. 249 to Km. 250.050 on old NH-4 and from Km. 192.910 to Km. 193.350 on NH-218 from decongestion of traffic in Ranichennamma circle in Hubli city in the state of Karnataka on EPC basis",Roads & Highways,MoRTH,,298.0,349.49,232.09,57.03,65.0,0.0,45.1,72.5,29.9,1,15,0,False,
MOSPI_617996,Widening to 2/4 Lane with paved shoulders from Km 182.120 to Km 227.600 of NH 167 on Haggari-Jadcherla Road on EPC mode under NHO in the state of Telangana,Roads & Highways,MoRTH,,298.0,298.0,234.7,6.61,96.0,1.0,28.5,119.3,85.3,1,15,0,False,
MOSPI_701576,Berth No. 2 [previously Berth 3] of HDC Mechanization Project,Shipping,"Haldia Dock Complex, Syama Prasad Mookerjee Port Authority",,298.0,298.26,480.0,11.77,100.0,1.0,34.0,45.5,3.4,0,15,0,False,
MOSPI_400232,Brundamal-Jharsuguda- flyover connection for joining downline,Railways,East Coast Railway [ECoR] - II,,297.0,297.0,237.83,2.73,67.0,12.0,154.8,151.5,0.0,0,15,0,False,
MOSPI_705491,Marikuppam - Kuppam New Line Project [23.70 Km],Railways,South Western Railway [SWR] - II,,297.0,297.0,147.99,1.54,22.0,0.0,170.9,173.5,0.0,0,15,0,False,
MOSPI_618258,Two laning with paved shoulders of Gondiguda to Araku uptoBhallaguda section of NH 516E,Roads & Highways,MoRTH,,297.0,289.11,237.52,0.0,92.0,1.0,36.4,72.7,7.1,1,15,0,False,
MOSPI_618072,Widening to Existing single lane /intermediate lane to 2 lane from Km185.00 to Km 220.00 of NH-61 New NH-02 in the state of Nagaland.,Roads & Highways,MoRTH,,297.0,297.0,155.15,5.96,100.0,0.0,39.7,65.5,20.3,1,15,0,False,
MOSPI_618431,Construction of alternative highway to Gangtok in Sikkim via Bagrakot -Chuikhim-Nimbong -Kafer-Bakhim-Algarah-Rhenock in the State of West Bengal and from Rhenok-Rorathang-Pakyong along with spur from Aritar-Rolep-Menla in the State of Sikkim from Km 13.00 to Km 25.60 of Bagrakot -Kafer section of NH 717A on EPC Mode under Phase-A of SARDP-NE in the State of West Bengal PKG- IVB,Roads & Highways,NHIDCL,,296.0,296.0,255.94,255.55,98.0,1.0,60.4,101.8,44.9,1,15,0,False,
MOSPI_617963,Rehabilitation and upgradation to four lane road from km 70.500 to km 78.600 of NH-92 under EPC mode in the State of Uttar Pradesh,Roads & Highways,MoRTH,,296.0,351.78,75.38,75.38,39.0,13.0,60.0,56.3,0.0,0,15,0,False,
MOSPI_617897,Construction of proposed 4Lane Revelgunj bypass NH-19 in the State of Bihar on EPC mode connecting NH 19 to 85 origin,Roads & Highways,MoRTH,,295.0,295.0,44.18,0.0,89.0,3.0,39.3,53.5,17.7,1,15,0,False,
MOSPI_619193,Rehabilitation and upgradation of NH-221 from km 121/0 to 165/0 Rudrampur to Bhadrachalam section to two lane with paved shoulder under NHDPIV in the state of Telangana through EPC mode,Roads & Highways,MoRTH,,295.0,334.82,375.14,0.0,83.0,0.0,24.9,139.6,114.2,1,15,0,False,
MOSPI_618967,Upgradation and Strengthening of Chenani to Nashri Section via Patnitop of NH244 from Km 0.000 to Km 39.100,Roads & Highways,NHAI,,295.0,295.06,176.25,0.14,65.0,1.0,29.0,30.3,7.8,1,15,0,False,
MOSPI_709865,Power Recovery Turbine [PRT] in PFCCU unit as an Energy Conservation Scheme,Petroleum,NRL,,294.0,293.5,97.24,0.02,99.0,2.0,20.7,41.1,21.0,1,15,0,False,
MOSPI_618194,Rehabilitation and upgradation of New NH 544DD from design Chainage Km. 56/000 to 102/20 of Kalyandrg - Molakalmuru Section,Roads & Highways,MoRTH,,294.0,285.29,312.4,0.01,99.0,0.0,22.6,101.9,67.2,1,15,0,False,
MOSPI_617994,Rehabilitation and upgradation of NH-167 from design km 113.900 to 154.479 Mallepally Haliya section  to two lane with paved shoulders on EPC mode in the stte of Telangana,Roads & Highways,MoRTH,,294.0,257.61,249.23,5.07,88.0,0.0,21.0,102.6,72.3,1,15,0,False,
MOSPI_618070,Widening to 2 Lanes with paved shoulders from Km.87/000 to 133/720 Nattukal to Thanau Jn. in Palakkad of NH-966 Old NH-213 on EPC mode Basis under NHO Annual Plan 2016-17 in the state of Kerala,Roads & Highways,MoRTH,,294.0,315.63,0.0,0.0,98.0,0.0,30.3,115.1,82.3,1,15,0,False,
MOSPI_611754,GUNTAKAL WEST-MALLAPPA GATE RAIL OVER RAIL - ROR TRACK,Railways,South Central Railway [SCR] - II,,293.0,293.0,272.72,5.21,0.0,0.0,36.1,37.6,0.0,0,15,0,False,
MOSPI_617986,Kurnool/Kadapa Border-Jammalamadugu section of NH-167K i.e. Design Ch. Km 248010 to km 269900 to 2,Roads & Highways,MoRTH,,293.0,293.0,0.0,0.0,96.0,5.0,45.1,42.1,0.0,0,15,0,False,
MOSPI_618450,Rehabilitation & Upgradation of existing road to 2-lane with paved shoulder including geometric improvement of section from start of Rabangla km33.600 to km58.840 under SARDP-NE Phase A  Pkg- IV,Roads & Highways,NHIDCL,,293.0,293.0,253.63,251.72,65.0,0.0,21.7,74.2,56.0,1,15,0,False,
MOSPI_618219,Upgradation to 2-lane with Hard shoulder configuration of Suraithota Ch. 29.725 km to Malari Ch. 60.550 km road on NH- 107B under in the state of Uttarakhand.,Roads & Highways,MoRTH,,293.0,293.0,0.0,0.0,77.0,5.0,42.6,46.8,7.8,1,15,0,False,
MOSPI_618343,"Rehabilitation and Up gradation to 2-lane with paved shoulder of Keifang Section Economic Corridor of NH-06 from Existing Chainage Km 30050 Keifang to Km 50360 Keifang, Design Chainage Km 27400 to Km 45040  PkgIII  in the State of Mizoram under Bharatmala Pariyojna on EPC Mode Seling-Dulte - III",Roads & Highways,NHIDCL,,292.0,292.0,0.0,0.0,0.0,0.0,27.4,77.9,29.1,1,15,0,False,
MOSPI_617991,"Rehabilitation and up-gradation of NH-167 from Km 14/900 to Km70/000 Design Ch. 14/900 to 69/700 Chintakunta to Adoni section to two lane with paved shoulders in the State of Andhra Pradesh under Corridor Approach through Engineering, Procurement",Roads & Highways,MoRTH,,290.0,290.0,141.83,1.6,92.0,0.0,30.8,118.4,91.1,1,15,0,False,
MOSPI_615821,TIRAP OCP,Coal,INVALID CO.,,289.0,289.0,105.66,0.0,5.0,0.0,96.0,45.6,0.0,0,15,0,False,
MOSPI_606781,Transmission System for Strengthening of Srinagar-Leh Tr. System,Transmission & Distribution,Power Grid Corporation of India Limited [POWERGRID],,289.0,289.0,280.02,37.5,99.0,8.0,34.0,54.5,11.0,1,15,0,False,
MOSPI_617068,"Augmentation of Transformation Capacity by 3x500 MVA, 400/220 KV ICTS [6th-8th] and 1x1500 MVA, 765/400 KV ICT [4th] at Bidar PS  [SPV Name- POWERGRID Bidar Augmentation Transmission Limited]",Transmission & Distribution,Power Grid Corporation of India Limited [POWERGRID],,288.0,288.0,28.8,8.64,19.0,1.0,28.3,18.9,0.0,0,15,0,False,
MOSPI_609041,"IoE Projects [Civil Works], IIT Kharagpur",Education,"Indian Institute of Technology, Kharagpur",,287.0,287.0,310.0,0.0,86.0,0.0,36.0,12.0,45.0,1,15,0,False,
MOSPI_618285,Widening/Improvement to 4 -Lane with Paved Shoulder from Ch. 88.000km to Ch.99.930 km Design Ch.84.100km to Ch.96.000 km of Sagunbashi forest near Nichinta to starting of Krishnai Bypass Section of Bilasipura Guwahati road NH 17 on EPC Package-7,Roads & Highways,NHIDCL,,287.0,287.0,186.64,3.5,100.0,0.0,54.9,65.5,3.2,0,15,0,False,
MOSPI_702793,Indore Water Supply Infrastructure Project,Water Resources,Ministry of Housing & Urban Affairs,,287.0,287.0,2271.0,252.5,99.0,0.0,75.3,116.8,33.0,1,15,0,False,
MOSPI_703057,Patiala Water Supply Infrastructure Part-2 Project,Water Resources,Ministry of Housing & Urban Affairs,,287.0,287.0,1416.38,803.7,74.0,0.0,83.4,117.9,26.0,1,15,0,False,
MOSPI_702544,In-Situ Slum Redevelopment Project in Haryana,Real Estate,"PMAY, Ministry of Housing and Urban Affairs",,286.0,286.0,127.58,0.0,0.0,0.0,36.0,12.0,0.0,0,15,0,False,
MOSPI_618017,"Upgradation of Keonchi - Ratanpur Road of NH 45 Package-II, from design chainage km 278.75 to km 321.348 of length 42.598 km to two lane with paved shoulders under Corridor scheme on EPC mode in the state of Chhattisgarh.",Roads & Highways,MoRTH,,286.0,286.0,92.75,5.21,60.0,0.0,45.2,53.5,11.8,1,15,0,False,
MOSPI_618066,Construction of Amethi bypass Part-II at km.30.050 of NH-931 under EPC mode in the state of Uttar Pradesh,Roads & Highways,MoRTH,,284.0,284.0,38.69,6.72,48.0,4.0,50.0,45.1,0.0,0,15,0,False,
MOSPI_618374,Improvement/Widening to 2-L with Paved Shoulder/ 4-Laning of NH-40 section from Km 151330 to Km 163400 design Km 63.530 to Km 71.520 including Dawki Bridge of length 368 m between Shillong-Dawki under JICA ODA Loan assistance Phase-II Pkg-5 -Balance work,Roads & Highways,NHIDCL,,284.0,284.0,170.81,0.0,43.0,1.0,76.0,74.1,0.0,0,15,0,False,
MOSPI_615336,Transmission system for evacuation of Power from REZ in Rajasthan [20 GW] under phase-III Part-D Phase-II,Transmission & Distribution,Power Grid Corporation of India Limited [POWERGRID],,284.0,284.0,90.88,12.38,46.0,12.0,27.7,34.3,10.1,1,15,0,False,
MOSPI_617913,6-laning of km 9.900 to km 19/948 Aramgarh to Shamshabad Section of Hyderabad-Bangalore section of NH-44 Under NHO EPC basis in the state of Telangana,Roads & Highways,MoRTH,,283.0,300.7,480.41,0.03,93.0,0.0,27.7,103.9,73.7,1,15,0,False,
MOSPI_617970,Reconstruction of existing 2 L/IL to 2L with paved shoulder from existing km 52.200 to 92.880 of NH-,Roads & Highways,MoRTH,,282.0,282.0,166.13,9.48,100.0,0.0,31.7,118.6,52.1,1,15,0,False,
MOSPI_604833,"Andheri Residential Towers, Mumbai",Power,Indian Oil Corporation Limited [IOCL],,281.0,389.67,281.24,1.52,86.0,3.0,95.1,110.6,25.0,1,15,0,False,
MOSPI_618576,"6L Standalone Flyovers at Raha, Demow, Borghat, Kathiatali junctions and ROB at Jagiroad on stretches of NH 36 and NH 27",Roads & Highways,National Highways Authority of India [NHAI],,281.0,255.53,211.79,0.0,99.0,0.0,26.4,53.7,0.0,0,15,0,False,
MOSPI_618133,Strengthening and Widening of road Sakoli- Wadsa-Armori-Gadchiroli-Ashti- Allapalli -Sironcha National highway NH 353C in Km 262/00 to 321/00 including 16 minor Bridges and 2 Major Bridge Total length 59 Km section from repanpalli to sironcha in Gadchiroli Dist in the State of Maharashtra.,Roads & Highways,MoRTH,,281.0,281.0,144.61,144.61,67.0,5.0,38.0,65.5,34.0,1,15,0,False,
MOSPI_613795,JAMPALI OC RCE [2.0 MTY],Coal,South Eastern Coalfields Limited [SECL],,279.0,279.0,210.07,0.0,82.0,0.0,58.1,75.6,3.0,0,15,0,False,
MOSPI_618444,"Construction of Balance Work of the 4-Laning of the Section from Jorhat to Jhanji of NH-37 Old  from Km 453.000 to Km 490.800, under SARDP- NE , under EPC Mode in the state of Assam  Pkg-IV Structures & Toll Plaza",Roads & Highways,NHIDCL,,279.0,279.0,398.54,398.54,95.0,0.0,7.0,32.2,23.6,1,15,0,False,
MOSPI_618103,Rehabilitation and upgradation from Km 22300 to 58635 of MudireddyPalle to Kadapa/Nellore Border via porumamilla Section of NH 167 Two Lane with paved Shoulder in,Roads & Highways,MoRTH,,279.0,279.0,168.7,9.57,90.0,0.0,48.7,53.8,3.6,0,15,0,False,
MOSPI_618064,Up-gradation of NH-930 Sherpar to Kohka from Km.67880 to Km.114860 to 2LPS in Chhattisgarh under EPC mode,Roads & Highways,MoRTH,,279.0,279.0,201.05,0.0,90.0,90.0,50.4,78.1,0.0,0,15,0,False,
MOSPI_612745,"Construction of 200 bed ESI Hospital at Bommasandra, Karnataka",Healthcare,Employee's State Insurance Company [ESIC],,278.0,278.0,228.61,148.09,19.0,-5.0,142.8,138.9,4.5,0,15,0,False,
MOSPI_618235,Balance work of Rehabilitation and Up-gradation to 4-Lane configuration of Ras-Beawar Section Km 00.000 to km 30.050 of NH-158 in the State of Rajasthan under Green National Highway Corridor Project GNHCP.,Roads & Highways,MoRTH,,278.0,278.0,99.13,16.63,56.0,3.0,23.5,20.1,0.0,0,15,0,False,
MOSPI_618386,Rehabilitation & Upgradation of Road from Km 0.00 to Km 18.600 Total length-18.600 km of Kumarghat-Kailashahar section on NH-208 to 2-lane with Paved shoulder on EPC bais under NHO,Roads & Highways,NHIDCL,,278.0,302.03,0.0,0.0,0.0,0.0,22.8,78.8,33.0,1,15,0,False,
MOSPI_702746,Augmentation and Strenghthning of Urban Water Supply Phase 1 - SAAP 3,Water Resources,Ministry of Housing & Urban Affairs,,278.0,278.0,1410.0,0.0,78.0,0.0,73.9,115.4,36.0,1,15,0,False,
MOSPI_702734,Sewerage Management Scheme Part-3 Implementation,Water Resources,Ministry of Housing & Urban Affairs,,278.0,278.0,2005.13,228.49,88.0,0.0,78.5,114.0,30.0,1,15,0,False,
MOSPI_709776,Augmentation/Revamping of Facilities at existing Guwahati Terminal at Betkuchi,Petroleum,Indian Oil Corporation Limited [IOCL],,277.0,323.09,236.16,1.59,84.0,0.0,53.8,53.3,0.0,0,15,0,False,
MOSPI_618292,Construction of 2-Lane with paved shoulder of Kohima-Bypass Road connecting New NH-02 and New NH-29 from Design Km 10.500 to design Km 21.000 [Design Length- 10.500 km]  including TUNNEL of 500m at Ch. 11.000 in the state of Nagaland Under SARDP-NE on EPC Mode Package-2,Roads & Highways,NHIDCL,,277.0,277.0,201.99,3.02,70.0,0.0,27.3,74.3,60.5,1,15,0,False,
MOSPI_613013,Establishment of NIT Nagaland,Education,NIT Nagaland,,276.0,276.0,263.25,0.72,98.0,0.0,195.4,203.9,0.0,0,15,0,False,
MOSPI_618403,Construction of Intermediate Lane Road with hard shoulder from design Km 0.000 to Km 17.387 Total length 17.387 km of Hunli to Ithun Bridge section on NH-913 Frontier Highway in State of Arunachal Pradesh on EPC mode under NHO-NE,Roads & Highways,NHIDCL,,276.0,276.0,163.15,163.15,56.0,2.0,35.1,30.6,0.0,0,15,0,False,
MOSPI_618035,Rehabilitation & Upgradation of existing intermediate lane to two Lane with paved shoulder from km. 0.600 Gulganj bypass on NH-34 to km. 43.00 Barna River length 42.400 km. on Gulganj-Amanganj-Pawai-Katni NH43 Extn. in the state of Madhya Pradesh on EPCmode.,Roads & Highways,MoRTH,,275.0,275.0,0.0,0.0,60.0,6.0,38.3,42.2,7.4,1,15,0,False,
MOSPI_705298,North Region Video Surveillance Project,Railways,RCIL,,274.0,274.0,0.0,0.0,48.0,48.0,46.0,75.5,0.0,0,15,0,False,
MOSPI_618437,"Construction of Balance Work of 4-Laning of NH-37 Section between End of Moran Bypass to Bogibeel junction near Lapetketa Km. 561.700-Km. 580.875 under SARDP-NE, Phase 'A' in the State of Assam on EPC mode Pkg-I Road works & Toll Plaza",Roads & Highways,NHIDCL,,274.0,274.0,116.66,19.99,100.0,0.0,110.0,128.1,4.9,0,15,0,False,
MOSPI_617957,Construction of Jasra Bypass with four lane paved shoulder configurationfrom Km 379.670 on NH-76New NH-35 to Km 18.00 on NH-27New NH-30 on EPC in the State of Uttar Pradesh.,Roads & Highways,MoRTH,,274.0,274.0,0.0,0.0,91.0,-1.0,31.0,43.0,0.0,0,15,0,False,
MOSPI_618215,"Improvement/construction of existing CL-5 Road to NH Intermediate lane specification with hard shoulder from Km 166.000 to 203.77 net Length 37.770 kms of NH-505 Sumdo-Kaza-Gramphoo road  in the state of Himachal Pradesh on EPC mode under project Deepak, BRO",Roads & Highways,MoRTH,,274.0,194.0,0.0,0.0,22.0,2.0,71.8,63.0,0.0,0,15,0,False,
MOSPI_618213,Rehabilitation and Upgradation of road Rishikesh  Dharasu Old NH-94 with 2-lane with paved shoulder from km 76.000 to km 110.000 Design Chainage from km 74.733 to km 107.347 32.614 km including construction of Kamand re-alignment from existing Chainage Km 105.200 to Km 108.600 design chainage Km 103.436 to Km 105.949 - total length 2513 mtrs and land slide treatment work between design chainage Km 73.800 to Km 74.00 200m on EPC mode under improvement to NH connectivity to Chardham in,Roads & Highways,MoRTH,,274.0,274.0,0.0,0.0,96.0,0.0,33.6,101.9,66.8,1,15,0,False,
MOSPI_702842,Nagpur Water Supply Infrastructure Project,Water Resources,Ministry of Housing & Urban Affairs,,274.0,274.0,2409.09,270.4,99.0,0.0,87.6,129.2,33.0,1,15,0,False,
MOSPI_618226,Rehabilitation and upgradation to 2 lane with paved shoulder from existing chainage Km 30.053 to Km 49.150 design chainage Km 30.000 to Km 46.450 including Kandi Tunnel under 31 BRTF on Akhnoor-Poonch Road NH-144A Under Project Sampark in the UT of Jammu & Kashmir EPC modePackage-I Job no NH-144A-J&K-2020-21-83.,Roads & Highways,MoRTH,,272.0,272.0,160.08,0.0,95.0,0.0,52.7,74.2,25.1,1,15,0,False,
MOSPI_617960,Construction of new road at the missing link portion of NH-81 along approved alignment between Harishchandrapur and Eastern approach of Kalindri Bridge from Km 46.550 to Km 59.697 in the district of Malda. Job No-081-WB-2015-16/400,Roads & Highways,MoRTH,,271.0,291.2,216.61,0.0,86.0,1.0,26.6,121.1,96.0,1,15,0,False,
MOSPI_618299,Improvement/Up-gradation of existing 2-Lane Road to 4-Lane Divided Highway from Daili to Kuraopokpi section of Imphal-Kohima road NH-02 Design Chainage from Km 274610 to Km 287000 in the state of Manipur on EPC mode Pkg-4B,Roads & Highways,NHIDCL,,269.0,269.0,206.28,206.28,77.0,22.0,69.1,72.4,7.7,1,15,0,False,
MOSPI_706898,Khurda Road - Balangir Electrification of Railway Track Project,Railways,CORE,,268.0,268.0,0.0,0.0,0.0,0.0,36.0,12.0,0.0,0,15,0,False,
MOSPI_505491,Installation of 140 TPH Walking Beam type Reheating Furnace in Plate Mill at BSP,Steel,Steel Authority of India Limited (SAIL),,268.0,268.0,0.0,0.0,0.0,0.0,25.5,7.0,0.0,0,15,0,False,
MOSPI_617828,Siliguri-Jhapa Pipeline Project,Petroleum,Indian Oil Corporation Limited [IOCL],,267.0,267.0,3.19,0.78,16.0,2.0,59.0,23.5,0.0,0,15,0,False,
MOSPI_612786,"Construction of New Domestic Terminal Building Building and miscellaneous works including maintenance, operations and AICMC at Kadapa Airport",Aviation,Airport Authority of India [AAI],,266.0,266.0,176.38,22.76,80.0,5.0,34.6,42.2,8.1,1,15,0,False,
MOSPI_618426,Construction/Up gradation of Existing road to 2 Lane with Paved Shoulder including Geometric Improvement from Ranipool to Pakyong Balance work from Km 2.000 to 16.167 of NH-717-A on EPC basis under SARDP-NE Phase A in the State of Sikkim,Roads & Highways,NHIDCL,,265.0,380.94,127.34,127.17,87.0,0.0,75.5,101.8,29.8,1,15,0,False,
MOSPI_618428,Realignment of NH-717A from Design Ch.0.00 Km 77.800 of NH-10 to Design Ch.2.00 Km 3.100 of NH-717A with two lane paved shoulder including Major Bridge of 680 m in the State of Sikkim on EPC Mode-COS work,Roads & Highways,NHIDCL,,265.0,380.94,70.71,0.01,100.0,0.0,27.1,68.3,37.4,1,15,0,False,
MOSPI_618167,Rehabilitation & Upgradation of NH-731A from Km.0.00 to Km.35.00 to 2-lane with paved shoulder under EPC mode,Roads & Highways,MoRTH,,265.0,265.0,0.0,0.0,93.0,0.0,29.0,65.5,34.0,1,15,0,False,
MOSPI_618030,Widening to 2 lane with paved shoulder from Km. 103.225 Pattadakal to Km. 133.00 Shirur cross of NH-367 in the state of Karnataka on EPC Mode.Job No. NH-367-KNT-2021-22-934,Roads & Highways,MoRTH,,264.0,264.0,3.78,0.2,0.0,0.0,27.5,55.2,31.1,1,15,0,False,
MOSPI_618593,Balance work of Rehabilitation and Upgradation to four laning of Baharagora  Singhara section of NH-49 from Km.229.727 to Km.238.990 Length  9.263 Km. including construction of five nos. of Elephant Underpasses EUP and fourteen nos. of Animal Underpasses AUP inside the buffer zone of Similipal Tiger Reserve Area in Bangriposi Ghat section in the State of Odisha on EPC Mode,Roads & Highways,NHAI,,263.0,163.07,13.82,0.0,10.0,0.0,32.1,17.8,0.0,0,15,0,False,
MOSPI_619186,Construction of Balance works of Major Bridge over Middle Strait Creek between Km.106.590 to km108.553 of NH-04 connecting South Andaman  & Baratang Island in the Union Territory of Andaman & Nicobar Islands on EPC basis,Roads & Highways,NHIDCL,,263.0,371.88,112.15,112.15,13.0,0.0,130.9,137.5,10.2,1,15,0,False,
MOSPI_618237,Rehabilitation and Up-gradation of Pasarlapudi to Dhindi section from Km 105/170 to Km 126/510 of NH -214 New NH -216 to two lane with paved shoulder in the state of Andhra Pradesh under NHDP-IV,Roads & Highways,MoRTH,,263.0,263.0,151.56,0.0,98.0,0.0,30.2,113.8,56.1,1,15,0,False,
MOSPI_618024,Up-gradation to two lane with paved shoulder configuration of NH-354 Section Arifkes-Ferozepur-Muktsar-Malaut from Km 201.500 to Km 212.500 & Km 229.690 to Km 269.960 and strengthening of existing pavement from Km 212.500 to Km 229.690 excluding Km 218.500 to 223.690 of NH-354 on EPC Mode in the State of Punjab. Job No. NH-354-PB-2020-21-532,Roads & Highways,MoRTH,,263.0,263.0,0.0,0.0,83.0,0.0,49.1,66.1,17.5,1,15,0,False,
MOSPI_701745,New Suburba Station Development Project,Urban Transport,ministry of housing and urban affairs,,263.0,263.0,163.21,145.59,48.0,42.0,51.1,100.7,0.0,0,15,0,False,
MOSPI_609996,Construction of Precast housing and hostels at IIT Hyderabad,Education,"Indian Institute of Technology, Hyderabad",,262.0,262.0,223.65,7.55,90.0,1.0,24.8,47.5,14.3,1,15,0,False,
MOSPI_706757,Modasa-Shamlaji Road Railway Line Project,Railways,Western Railway WR - II,,262.0,262.0,387.82,4.15,64.0,0.0,150.9,168.4,12.0,1,15,0,False,
MOSPI_618063,Widening & Strenghteningof section from Bharthana chowk to Kodarkoot km.0.00 to km.40.00 of NH-91-A on EPC mode,Roads & Highways,MoRTH,,262.0,343.77,115.39,0.01,92.0,-2.0,53.6,77.5,24.4,1,15,0,False,
MOSPI_616691,"Upgradation & Extension of ESIC Hospital and Construction of PG Hostel / Staff Housing for ESIC Hospital at Andheri, Mumbai",Healthcare,Employee's State Insurance Company [ESIC],,260.0,260.0,216.46,6.34,89.0,0.0,199.6,212.6,13.5,1,15,0,False,
MOSPI_619225,Installation of Compression facility at GAIL Usar,Petroleum,Gas Authority of India Limited [GAIL],,260.0,260.2,0.0,0.0,0.0,0.0,23.9,17.2,0.0,0,15,0,False,
MOSPI_709781,Revamping / Augmentation of Facilities at Mathura Bitumen Plant,Petroleum,MinistryofPetroleumNaturalGas,,260.0,260.12,24.1,0.52,56.0,-1.0,62.4,52.9,0.0,0,15,0,False,
MOSPI_618392,"Construction for Mitigation Measures of 5 Nos. Landslides, 5 Nos. Sinking Zones in between Ch. 433.00 to 450.00 BANERPANI VILLAGE on NH-07 on EPC mode in the state of Uttarakhand Package-2",Roads & Highways,NHIDCL,,260.0,260.0,0.0,0.0,68.0,8.0,30.0,33.3,7.8,1,15,0,False,
MOSPI_617254,Replacement of remaining 04 sets  of Battery Cyclones with 04 Nos. of ESPs in Sinter Plant-1 at Bokaro Steel Plant,Steel,Steel Authority of India Limited [SAIL],,260.0,260.0,127.53,1.93,53.0,3.0,27.0,29.6,10.0,1,15,0,False,
MOSPI_618209,Construction & up gradation of existing road to 2-Lane with paved shoulder from existing chainage km 468000 to km 489350 Design Chainage km 465150 to km 471500 of NH-07 Old NH-58 including Joshimath bypass on EPC mode in the state of Uttarakhand Length 6.35 km,Roads & Highways,MoRTH,,259.0,259.0,0.0,0.0,37.0,1.0,42.0,54.0,23.4,1,15,0,False,
MOSPI_618414,Construction of Balance work for 2-lane with hard shoulder of Peren- Dimapur section on NH-129A from Design Km 126.775 to Km 146.208 Length 19.433 Km in the state of Nagaland on EPC mode under NHO-TSP Package-II,Roads & Highways,NHIDCL,,259.0,259.0,136.09,0.23,97.0,0.0,55.7,67.9,0.0,0,15,0,False,
MOSPI_703021,Jalandhar Water Supply Infrastructure Project,Water Resources,Ministry of Housing & Urban Affairs,,259.0,259.0,1390.73,161.02,58.0,0.0,81.3,117.9,31.0,1,15,0,False,
MOSPI_619226,Provision of four bitumen tanks with capacity of 5 TMT each at Visakh Refinery,Petroleum,Hindustan Petroleum Corporation Limited,,258.0,258.34,8.67,1.55,20.0,4.0,30.0,11.7,0.0,0,15,0,False,
MOSPI_705767,Baghuapal Flyover  Construction Project,Railways,CAO/C/ECoR,,258.0,258.0,0.83,0.0,0.0,0.0,104.0,85.5,0.0,0,15,0,False,
MOSPI_618524,Construction of 6 lane elevated corridor including its approaches from Km. 629880 to Km. 634470 Design Chainage of NH-16 in Ranasthalam Town portion in the state of Andhra Pradesh on EPC Mode under NHO.,Roads & Highways,NHAI,,258.0,192.85,55.83,0.0,39.0,3.0,32.1,26.0,5.4,0,15,0,False,
MOSPI_618424,Construction of 2-Laning with hard shoulders of Hayuliang Hawai bypass Road on EPC basis from design Km. 51.825 to Km. 63.131 Existing Km 45.050 of HayuliangHawai road to Hawai Town under SARDP-NE -Balance work Pkg - IV,Roads & Highways,NHIDCL,,257.0,216.76,0.0,0.0,93.0,0.0,75.2,115.6,38.0,1,15,0,False,
MOSPI_701105,Goa Airport Terminal Building Extension Project,Aviation,Airport Authority of India [AAI],,256.0,255.69,158.78,2.08,100.0,0.0,49.0,106.2,52.7,1,15,0,False,
MOSPI_618127,Construction of 2- Lane with paved shoulder from km 56.45 Dharampur More to 93.050 Pakur of NH-333A in the State of Jharkhand on EPC mode,Roads & Highways,MoRTH,,256.0,256.0,10.06,0.0,15.0,5.0,49.2,41.7,0.0,0,15,0,False,
MOSPI_619083,Thumbipadi-Namakkal from km. 180.00 to km. 248.625 Package No. NS-2/BOT/TN-02,Roads & Highways,National Highways Authority of India [NHAI],,256.0,395.43,206.64,0.67,100.0,0.0,43.7,254.7,210.4,1,15,0,False,
MOSPI_618397,Widening and Up-gradation to 2-Lane with Paved Shoulder of configuration and geometric improvement from Km 0.000 to Km 16.990 on Chenani  Sudhmahadev section of NH-244 in UT of Jammu and Kashmir to be executed on EPC basis,Roads & Highways,NHIDCL,,256.0,256.0,242.42,2.46,94.0,0.0,32.3,102.1,60.8,1,15,0,False,
MOSPI_618087,Widening to intermediate/two lane to 2 lane with paved shoulder from Existing chanages Km 112.750 to 142.00 Liingasur to Mudabal cross & from Km. 147.070 to Km. 149.070 Maski city limit of Jewargi Chamrajnagar setion of NH-150A in the state of Karnataka on EPC mode. Job No. NH-150A-KNT-2021-22-951,Roads & Highways,MoRTH,,256.0,256.0,185.27,2.47,96.0,0.0,27.6,53.5,25.5,1,15,0,False,
MOSPI_618302,Widening/Improvement to 2-lane with earthen shoulder of Yaingangpokpi - Finch corner road section of NH-202 from Km 16.900 to Km 30.970 of NH-202 in the state of Manipur on EPC mode Package-2,Roads & Highways,NHIDCL,,256.0,256.0,195.0,195.0,98.0,1.0,27.6,78.1,49.7,1,15,0,False,
MOSPI_701370,Borolia Irrigation Project,Water Resources,"Department of Water Resources, River Development & GR",,256.0,256.0,44.7,0.0,55.0,0.0,321.0,365.4,39.0,1,15,0,False,
MOSPI_701396,Lower Pedhi Project,Water Resources,Department of water resources-MH - II,,256.0,1480.7,3066.05,1549.94,65.0,0.0,141.0,221.5,78.0,1,15,0,False,
MOSPI_617280,"Construction of Basement + Ground Floor+ 10 Storeyed building for State of the Art Director General, GSI Building at plot No.GN-40, Sector-V, Salt Lake, Kolkata",Construction,Central Public Works Department [CPWD],,255.0,255.0,98.94,0.02,64.0,0.0,88.5,89.0,0.0,0,15,0,False,
MOSPI_618586,Improvement and strengthening of existing 2 lane stretch to 2-Lane with PS 1.5m on both sides on Ghoti-Sinnar section of NH-160A using Thin White Topping 200mm thick in the State Of Maharashtra on EPC Mode,Roads & Highways,NHAI,,255.0,147.64,115.05,10.84,77.0,1.0,15.3,18.3,2.5,0,15,0,False,
MOSPI_616696,RINGUS KHATUSHYAMJI NEW LINE,Railways,North Western Railway [NWR],,254.0,254.0,2.94,1.29,0.0,0.0,48.9,30.4,0.0,0,15,0,False,
MOSPI_618188,Rehabilitation and Up-gradation to 2 lane with paved shoulder configuration of Mahud Sangola road NH 965 G 159400 to 161900and 162400 to 183960 Design Chainage from km. 32/300 to km. 34/800 and km. 35/800 to km. 56/860 Rigid Pavement on EPC mode in the State of Maharashtra.,Roads & Highways,MoRTH,,254.0,254.0,98.95,98.95,100.0,0.0,27.1,42.9,15.3,1,15,0,False,
MOSPI_617936,Widening to two/four lane with paved shoulder from Km.180.600 to Km.223.000 of NH-63 on Nizamabad-Jagadalpur road on EPC mode under NHO in the state of Telangana.,Roads & Highways,MoRTH,,254.0,183.26,0.0,0.0,100.0,100.0,29.7,119.3,0.0,0,15,0,False,
MOSPI_701577,Shalukkhali Liquid Cargo Handling Facility Development Project,Shipping,"Haldia Dock Complex, Syama Prasad Mookerjee Port Authority",,254.0,253.65,9.28,0.0,0.0,0.0,44.0,56.4,0.0,0,15,0,False,
MOSPI_619221,Realignment of Rudrapur-Kathgodam Section of NH-87 New NH-109 From Design Chainage 000 Existing Chainage Km.54050 To Design Chainage 7875 Existing Chainage Km.61550 Due To Proposed Expansion Of Pantnagar Airport in the state of Uttarakhand.,Roads & Highways,NHAI,,253.0,253.0,0.14,0.0,0.0,0.0,25.1,13.1,0.0,0,15,0,False,
MOSPI_612894,"Construction of Permanent Campus of Central University of Himachal Pradesh at Dehra, District - Kangra, [H.P.] on Engineering. Procurement and Construction [EPC Mode 1] Basis.",Education,"Central University, Himachal Pradesh",,252.0,300.45,223.6,0.24,86.0,2.0,44.3,66.2,16.2,1,15,0,False,
MOSPI_612834,3rd & 4th line between Sarla - Sason 8 km PB73/2023-24/NR,Railways,CAO/C/ECOR ECoR mor,,252.0,252.0,169.6,51.63,88.0,-4.0,32.3,40.9,0.0,0,15,0,False,
MOSPI_617967,Construction of Rudraprayag tunnel of length 900.30 MTR including approaches and one major bridge on river Alaknanda connecting NH-107/old-109 to NH-07old-58 on EPC mode in the state of Uttarakhand.,Roads & Highways,MoRTH,,252.0,252.0,108.94,65.11,99.0,3.0,53.2,66.9,12.2,1,15,0,False,
MOSPI_618232,Rehabilitation and Upgradation to 2-lane configuration of Karnohal- Kalwahn Section km 181.00 to 208.950 of NH-70 in the State of Himachal Pradesh under Green National Highways Corridor Project GNHCP with the loan assistance of World Bank on EPC mode.Package-2,Roads & Highways,MoRTH,,252.0,190.02,77.84,1.95,58.0,0.0,68.8,72.9,7.6,1,15,0,False,
MOSPI_617886,Widening of existing Single lane / Intermediate lane road to 2 lane from Km 101 to Km 125 of NH 61,Roads & Highways,MoRTH,,252.0,252.0,0.0,0.0,44.0,0.0,71.8,74.7,6.5,1,15,0,False,
MOSPI_707019,Establishment of new GMC Buxar,Healthcare,"Medical Education, Ministry of Health and Family Welfare",,250.0,250.0,150.0,0.0,0.0,0.0,36.0,12.0,0.0,0,15,0,False,
MOSPI_707022,Establishment of new GMC Chaibasa [Singhbhum],Healthcare,"Medical Education, Ministry of Health and Family Welfare",,250.0,454.1,65.0,1.0,57.0,0.0,86.8,99.0,0.0,0,15,0,False,
MOSPI_707039,Establishment of new GMC Gangtok,Healthcare,"Medical Education, Ministry of Health and Family Welfare",,250.0,635.21,667.21,0.0,92.0,0.0,98.8,95.3,0.0,0,15,0,False,
MOSPI_707020,Establishment of new GMC Jamui,Healthcare,"Medical Education, Ministry of Health and Family Welfare",,250.0,500.0,103.21,1.0,50.0,0.0,79.0,90.3,0.0,0,15,0,False,
MOSPI_707017,Establishment of new GMC Jhanjharpur,Healthcare,"Medical Education, Ministry of Health and Family Welfare",,250.0,250.0,150.0,0.0,0.0,0.0,36.0,12.0,0.0,0,15,0,False,
MOSPI_707021,Establishment of new GMC Koderma,Healthcare,"Medical Education, Ministry of Health and Family Welfare",,250.0,504.8,271.0,1.0,40.0,0.0,35.4,36.3,0.0,0,15,0,False,
MOSPI_707016,Establishment of new GMC Sitamarhi,Healthcare,"Medical Education, Ministry of Health and Family Welfare",,250.0,250.0,150.0,0.0,0.0,0.0,36.0,12.0,0.0,0,15,0,False,
MOSPI_707018,Establishment of new GMC Siwan,Healthcare,"Medical Education, Ministry of Health and Family Welfare",,250.0,250.0,150.0,0.0,0.0,0.0,36.0,12.0,0.0,0,15,0,False,
MOSPI_705777,Bhandai - Flyover for Etawah bound down train- 10 Km,Railways,North Central Railway [NCR] - II,,250.0,250.18,163.27,16.42,9.0,-2.0,67.6,74.1,12.0,1,15,0,False,
MOSPI_611979,Sabarmati  Setting up of Maintenance Facilities for Train Sets Phase ii,Railways,Western Railway [WR] - II,,250.0,250.0,185.02,3.49,88.0,0.0,29.3,43.9,11.0,1,15,0,False,
MOSPI_618391,"Construction for Mitigation Measures of 5 Nos. Landslides, 05 No. Sinking Zones and 01 No. Bridge from Ch. 450.00 to Ch. 468.00 18 Km. Length on NH-07 Package-III",Roads & Highways,NHIDCL,,250.0,250.0,100.93,100.93,88.0,6.0,23.9,33.3,14.7,1,15,0,False,
MOSPI_709840,"Restoration of Gas Terminal, Phase-I [Part-A], Hazira",Petroleum,Oil and Natural Gas Corporation Limited [ONGC],,249.0,249.43,219.56,1.53,98.0,0.0,32.5,51.6,0.0,0,15,0,False,
MOSPI_709859,SETTING UP OF PHYSICAL INFRASTRUCTURE FOR THE NATIONAL INSTITUTE OF COMMUNICATION FINANCE [NICF] AT GHITORNI,Telecommunications,National Communication Academy - Finance [Erstwhile NICF],,248.0,248.0,237.43,0.0,98.0,0.0,64.3,143.2,79.4,1,15,0,False,
MOSPI_617929,Construction of 2 lane with paved shoulder of Kund Bypass from Design Km 35.130 to Km 47.700 existing Km 33.130 to Km 41.260 of NH-109 in the State of Uttarakhand,Roads & Highways,MoRTH,,247.0,247.0,114.6,3.62,74.0,0.0,26.3,102.6,79.8,1,15,0,False,
MOSPI_617906,Up-gradation of Dhoraji-Jamkandorna-Kalavad Section of NH-927D from Design Chainage km 0/00 to km 58/115 to Two lane with PS configuration in the State of Gujarat on EPC,Roads & Highways,MoRTH,,247.0,291.19,0.0,0.0,35.0,0.0,51.3,47.0,0.0,0,15,0,False,
MOSPI_606479,Banaras Hindu University [ Kayakalp of Institute of Medical Sciences],Education,Banaras Hindu University,,246.0,246.0,212.35,2.67,99.0,0.0,27.3,74.8,58.0,1,15,0,False,
MOSPI_611969,Choranda Motikoral 18 Kms,Railways,PCE/WR,,246.0,246.0,0.0,0.0,0.0,0.0,36.0,12.0,0.0,0,15,0,False,
MOSPI_706856,Rourkela - Bondamunda 5th Line Doubling Project,Railways,South Eastern Railway [SER] - I,,245.0,245.0,82.0,0.0,35.0,0.0,48.9,48.5,0.0,0,15,0,False,
MOSPI_615915,Rourkela-Bondamunda A-Cabin 5th line 10 km Umbrella work PB57/2019-20/NR,Railways,CAO/C/SER SER mor,,245.0,244.99,155.23,9.16,45.0,0.0,24.1,47.6,26.0,1,15,0,False,
MOSPI_618062,Dornala to Kunta Junction from Design Chainage Km 244000 to 267990 section of NH-765 Package-2,Roads & Highways,MoRTH,,245.0,245.0,0.0,0.0,100.0,16.0,32.7,44.8,4.6,0,15,0,False,
MOSPI_618407,Jammu-Akhnoor Road Pkg-I,Roads & Highways,NHIDCL,,245.0,245.0,115.21,18.01,75.0,0.0,81.9,102.1,21.7,1,15,0,False,
MOSPI_618142,Widening to Two lane with Paved shoulders from km.40/410 to 84/037 of Thirumanlagiri-- Suryapet Section of NH-365B earstwhile section of SH-16,Roads & Highways,MoRTH,,245.0,245.0,0.0,0.0,100.0,1.0,27.5,115.8,4.8,0,15,0,False,
MOSPI_615843,TETARIAKHAR OC,Coal,Ministry of Coal,,244.0,244.0,50.82,0.0,31.0,1.0,64.8,82.4,24.0,1,15,0,False,
MOSPI_618254,Construction of Paderu bypass Km 0000 to Km 13000 of 2- lane with paved shoulder on NH-516E,Roads & Highways,MoRTH,,244.0,244.0,21.96,6.58,13.0,0.0,39.3,41.6,5.8,0,15,0,False,
MOSPI_618549,Construction of twin tube tunnels on Jammu Kashmir Ring Road NH-244A Between Design Ch. 50600 to 51700 and design Ch. 53535 to 55700 on EPC mode under residual NHDP component of Bharatmala Pariyojna,Roads & Highways,NHAI,,243.0,731.59,677.47,0.01,84.0,0.0,30.3,45.6,18.8,1,15,0,False,
MOSPI_618051,Rehabilitation and Upgrading of NH-707 OLD 72-B Package - 2 Hewna to Ashyari,Roads & Highways,MoRTH,,243.0,220.95,145.49,70.62,98.0,0.0,35.2,76.9,33.3,1,15,0,False,
MOSPI_617990,Construction of bypass road to Adoni town connecting NH-167 Hagari - Jadcharla road from km.62/700 to 71/400 in Kurnool District in the State of Andhra Pradesh.,Roads & Highways,MoRTH,,242.0,242.0,78.49,0.0,96.0,1.0,31.2,41.6,0.0,0,15,0,False,
MOSPI_618347,Widening to 2-lane with Hard shoulder of Churachandpur to Tuivai Section of NH-102B from km 13.747 to km 32.835 in the State of Manipur on EPC mode under NHO Package-1B,Roads & Highways,NHIDCL,,242.0,242.0,164.85,0.0,100.0,0.0,26.1,76.6,50.0,1,15,0,False,
MOSPI_705756,Chirimiri-Nagpur Halt New Railway Line Project,Railways,South East Central Railway [SECR] - II,,241.0,656.52,71.0,0.0,0.0,0.0,140.9,95.5,0.0,0,15,0,False,
MOSPI_617914,Upgradation and reconstruction of Shahpura-Dindori Section of NH 45 from Km 103.700 Design to Km 164.580 Design including 3 bypasses Total length 60.88km to Two lane with paved shoulder configuration along with One time improvement in 03 nos of bypassed built-up areas in a total length of 12.341 km in the State of Madhya Pradesh on EPC mode,Roads & Highways,MoRTH,,241.0,250.09,50.78,50.78,41.0,8.0,44.9,54.1,18.6,1,15,0,False,
MOSPI_616235,Construction of Aviation Fuel farm Facilities at Bhogapuram Airport,Power,Ministry of Petroleum & Natural Gas,,240.0,240.0,147.75,1.58,95.0,4.0,19.1,24.6,0.0,0,15,0,False,
MOSPI_709760,HP TDAE Unit in Mumbai Refinery,Petroleum,Hindustan Petroleum Corporation Limited,,240.0,240.0,152.75,1.71,92.0,7.0,22.0,26.9,1.9,0,15,0,False,
MOSPI_709855,SUPER EDGE ROUTERS FOR BSNL INTERNET PROTOCOL - MULTI PROTOCOL LEBEL SWITCHING [IPMPLS] NETWORK,Telecommunications,BSNL,,240.0,240.0,179.63,0.0,100.0,0.0,36.0,12.0,11.5,1,15,0,False,
MOSPI_617904,Construction of Bypass road to Balangir town from km 72/400 Desing km 0/0 to km 79/800 Design km 11/670 of NH-26 in the State of Odisha.,Roads & Highways,MoRTH,,239.0,239.0,36.44,29.65,40.0,-5.0,44.1,54.7,0.0,0,15,0,False,
MOSPI_617962,"Construction of Bypass to Madurai  Achambathu  Viratipathu in between km 6/850  10/382 of NH 49 Extn New NH 85 including Land Acquisition on Engineering, Procurement & Construction EPC basis Contract under NH O Annual Plan 2021-22 in the state of Tamil Nadu job No.NH-49 Extn New NH 85 - TN-2021-22-997",Roads & Highways,MoRTH,,239.0,260.07,126.56,0.13,94.0,0.0,53.1,53.8,0.0,0,15,0,False,
MOSPI_618886,Road Safety Improvement of Critical Junctions on MuzaffarnagarHaridwar Section of NH-334 from Km 143000 to Km 196000,Roads & Highways,NHAI,,239.0,0.1,42.08,9.01,23.0,3.0,29.7,17.1,0.0,0,15,0,False,
MOSPI_706942,Harmuty-Murkongselek Branch Line Electrification Project,Railways,GM/C/ NFR,,238.0,238.0,0.0,0.0,0.0,0.0,68.6,96.1,0.0,0,15,0,False,
MOSPI_705783,Ludhiana- Killa Raipur Railway  Doubling Project,Railways,Railway,,238.0,238.0,137.07,0.02,57.0,0.0,73.0,90.5,23.0,1,15,0,False,
MOSPI_617975,Rehabilitation and upgradation to 2 lane with paved shoulder configuration from km 122.00 Dharasu Bend to km 147.230 Silkyara Bend of NH-94 in the state of Uttarakhand,Roads & Highways,MoRTH,,238.0,238.0,79.56,29.18,100.0,0.0,32.0,113.6,56.1,1,15,0,False,
MOSPI_616044,UKNI DEEP OC MINE -COST PLUS,Coal,WCL - CIL,,237.0,237.0,168.91,0.71,95.0,0.0,28.4,94.0,72.0,1,15,0,False,
MOSPI_618108,Up-gradation and strengthening to 2lanePS from Km 95/500 to km 129/775 of Nh 168G Idar-Bhiloda-Samlaji in the state of Gujarat Length  34.275 km,Roads & Highways,MoRTH,,237.0,237.0,41.55,41.55,64.0,1.0,38.2,47.5,12.0,1,15,0,False,
MOSPI_616050,AMALGAMATED INDER-KAMPTEE DEEP OC,Coal,Western Coalfields Limited [WCL],,236.0,236.0,237.12,104.87,98.0,0.0,66.3,95.8,24.0,1,15,0,False,
MOSPI_618240,Rehabilitation and upgradation to 2-lane with paved sholuders configuration of Bewar-naer Karri village section Km0.00 to Km30.00 Pakage-I of NH-92 in state of Uttar Pradesh undergreen national Highway Corridor ProjectGNHCP with the loan assistance of world Bank on EPC mode.,Roads & Highways,MoRTH,,236.0,236.0,0.0,0.0,90.0,0.0,46.9,76.9,25.5,1,15,0,False,
MOSPI_702948,Jaunpur Sewerage Management Infrastructure Project,Water Resources,Ministry of Housing & Urban Affairs,,236.0,236.0,1911.66,216.19,87.0,0.0,75.5,114.0,30.1,1,15,0,False,
MOSPI_702851,Pune Water Supply Infrastructure Project,Water Resources,Ministry of Housing & Urban Affairs,,236.0,236.0,1901.3,214.54,92.0,0.0,72.5,114.0,31.0,1,15,0,False,
MOSPI_607653,Ludhiana Mullanpur 21Km Doubling Railway project,Railways,CAO/C/NR,,235.0,235.0,61.39,51.39,99.0,99.0,36.0,12.0,31.5,1,15,0,False,
MOSPI_619005,Construction of bypass around Chatra Town on NH-22 old NH-99 in the state of Jharkhand under EPC Mode,Roads & Highways,MoRTH,,235.0,199.2,0.86,0.0,12.0,-1.0,57.5,42.0,0.0,0,15,0,False,
MOSPI_618356,Construction of 2 -Lane with paved shoulders road from Tamenglong to Mahur in the state of Manipur  from km 31.430 at Old Tamenglong to km 43.480 ending near Phelong on EPC Mode Package-3,Roads & Highways,NHIDCL,,234.0,234.0,201.13,3.22,98.0,-2.0,20.7,65.5,39.8,1,15,0,False,
MOSPI_618346,Widening to 2-lane with Hard shoulder of Churachandpur to Tuivai Section of NH-102B from km 32.835 to km 48.587 in the State of Manipur on EPC mode under NHO Package-2A,Roads & Highways,NHIDCL,,233.0,233.0,155.44,0.0,100.0,0.0,26.1,76.6,50.0,1,15,0,False,
MOSPI_618293,"Construction of 2-Lane with paved shoulder of Kohima-Bypass Road connecting NH-39New NH-02, NH-150New NH-02, NH-61New NH-29 and NH-39New NH-02 from design Km 0.00 to Km 10.500 in the State of Nagaland under SARDP-NE on EPC Mode Package-1 -Balance work",Roads & Highways,NHIDCL,,232.0,350.88,120.92,4.16,27.0,0.0,76.1,74.3,0.0,0,15,0,False,
MOSPI_618216,"Improvement/construction of existing CL-5 Road to NH Intermediate lane specification with hard shoulder from Km 133.000 to 166.000 net Length 33.000 kms of NH-505 Sumdo-Kaza-Gramphoo road  in the state of Himachal Pradesh on EPC mode under project Deepak, BRO",Roads & Highways,MoRTH,,231.0,203.15,42.4,11.0,0.0,-5.0,63.7,66.3,0.0,0,15,0,False,
MOSPI_615349,TAPIN SOUTH EXPN,Coal,CCL - CIL,,230.0,230.0,40.02,18.0,24.0,0.0,88.8,70.3,0.0,0,15,0,False,
MOSPI_618449,Construction & Upgradation of existing road to 2-lane with paved shoulder from km27.200 End of Rongli bypass to km37.600New Rolep Bridge of Rhenok-Menla spur NH-717B on EPC Mode under SARDP-NE Phase-A in Sikkim Pkg-II B,Roads & Highways,NHIDCL,,230.0,244.91,249.71,249.71,86.0,0.0,33.2,74.2,41.5,1,15,0,False,
MOSPI_617982,Widening and strengthening of existing 2-lane to 2- lane with paved shoulders from km 159/0 to 165/4 and 186/0 to 215/0 of NH-163 on EPC mode int the state of Telangana,Roads & Highways,MoRTH,,230.0,230.0,0.0,0.0,0.0,0.0,22.3,103.8,12.1,1,15,0,False,
MOSPI_616615,"Sewer Network, SPS and STP at Begusarai",Water Resources,National Mission for Clean Ganga,,230.0,230.0,261.82,0.0,97.0,0.0,181.7,198.3,8.0,1,15,0,False,
MOSPI_615184,SAONER UG MINE -1 EXPANSION 1.,Coal,WCL - CIL,,229.0,229.0,157.02,0.01,69.0,0.0,73.9,55.5,0.0,0,15,0,False,
MOSPI_618432,Construction of Balance work of 2-Lane with PS of Joram-Koloriang Road NH-713 on EPC basis from Design Km 44.989 to Km 61.547 Existing Km 50.050 to Km 70.000 in the state of Arunachal Pradesh under SARDP-NE Pkg-3,Roads & Highways,NHIDCL,,229.0,229.0,0.0,0.0,100.0,1.0,61.5,114.9,15.0,1,15,0,False,
MOSPI_618301,Widening/Improvement of existing 2-lane to 4-Lane Divided Highway from Kuraopokpi to Sekmai section of Imphal-Kohima Road Design Ch. km 287.00 to 297.700 of NH-39 New NH-02 in state of Manipur on EPC mode Pkg-5A,Roads & Highways,NHIDCL,,229.0,229.0,143.26,28.64,48.0,0.0,71.8,72.4,4.1,0,15,0,False,
MOSPI_709786,"Augmentation/ Revamping of Dimapur Depot, Dimapur",Petroleum,Indian Oil Corporation Limited [IOCL],,228.0,227.62,28.03,0.4,43.0,1.0,51.4,36.9,0.0,0,15,0,False,
MOSPI_705300,Western Region Video Surveillance Project,Railways,RCIL,,228.0,228.0,0.0,0.0,0.0,0.0,43.0,75.5,0.0,0,15,0,False,
MOSPI_618125,Rehabilitation and upgradation of NH 326A from km 0/0 to 41/979 excluding km 2/255 to 3/372 and km 36/820 to 38/275 Odisha border to Narasamapeta to two lane with paved Shoulders in the State of Andhra Pradesh under NHO on EPC Mode,Roads & Highways,MoRTH,,228.0,228.0,70.6,25.66,100.0,0.0,24.5,102.1,11.3,1,15,0,False,
MOSPI_618394,Up-gradation to 2-lane with Paved Shoulder from Km 12.850 to Km20.300 of 7.450Km length on Goha-Khellani section and a link road to Goha village of 2.016 km on NH-244  in UT of Jammu and Kashmir on EPC Mode Pkg-1,Roads & Highways,NHIDCL,,228.0,225.37,182.21,5.63,94.0,0.0,20.6,74.0,55.0,1,15,0,False,
MOSPI_617248,Third Ladle Furnace in Secondary Refinery Unit at IISCO Steel Plant,Steel,Steel Authority of India Limited [SAIL],,228.0,228.0,111.44,7.47,75.0,0.0,20.0,21.9,4.5,0,15,0,False,
MOSPI_617345,SER Upgradation of maintenance infrastructure at Shalimar into Vande Bharat Chair Car maintenance cum workshop depot.,Railways,South Eastern Railway - JH,,227.0,227.0,86.69,43.05,50.0,0.0,31.6,30.4,0.0,0,15,0,False,
MOSPI_618942,Balance work of 2L PS  from Km 30.800 to Km 70.800 and 2L with Rigid Carriageway from Km 70.800 to  km 84.120 of Khanapur- KA/GOA Border section of NH-4A,Roads & Highways,NHAI,,227.0,149.44,110.31,0.08,85.0,3.0,28.1,55.9,34.3,1,15,0,False,
MOSPI_618177,Pal Phata Phulambri - Khultabad 2LPS,Roads & Highways,MoRTH,,227.0,227.0,5.78,5.78,95.0,0.0,21.1,101.6,72.1,1,15,0,False,
MOSPI_618571,Permanent rectification of 3 nos. of black spots in project Highway NH-27 of U.P border - Dewapur - Kotwa section from Km.360.915 to km.440.000 Total Length of 79.085 Km of NH-27& Permanent rectification of 5 nos. of black spots of project Highway NH-27 of Kotwa - Mehsi - Muzaffarpur Section from km.440.000 to km.520.000 Total length 80.00Km,Roads & Highways,NHAI,,227.0,321.23,233.7,0.0,83.0,0.0,44.0,53.1,12.6,1,15,0,False,
MOSPI_618174,Rehabilitation and Upgradation to two lane with paved shoulder configuration of NH-752G from Sakri to Pimpalner Section Design Ch km 0000 to Ch km 21411 in the state of Maharashtra on EPC Mode. Length  21.411 km.,Roads & Highways,MoRTH,,227.0,227.0,0.0,0.0,100.0,0.0,31.3,30.2,0.0,0,15,0,False,
MOSPI_617829,LPG Bottling Plant at Mualkhang,Power,Indian Oil Corporation Limited [IOCL],,226.0,225.71,32.45,1.61,34.0,1.0,51.2,26.4,0.0,0,15,0,False,
MOSPI_618775,Ara Bypass,Roads & Highways,NHAI,,226.0,226.0,5.95,0.33,26.0,1.0,24.5,17.9,0.0,0,15,0,False,
MOSPI_618416,"Improvement of existing road to 2 laning with Hard Shoulders of Maram -Peren section Package-1A, length- 22.340Km from Design Chainage 0.000 km to 22.340 km on NH-129A in the State of Manipur on EPC mode",Roads & Highways,NHIDCL,,226.0,226.0,190.19,0.93,75.0,0.0,22.3,67.1,51.2,1,15,0,False,
MOSPI_618073,Improvement to Two lane with Paved Shoulder from Junction of NH22 near Hajipur to Junction of NH -122 at Bachhwara via Mahnar and Mohiuddin Nagar from Km 0.00 to Km 29.730 of NH 122 B in the State of Bihar.,Roads & Highways,MoRTH,,226.0,226.0,0.0,0.0,0.0,-5.0,21.0,30.6,0.0,0,15,0,False,
MOSPI_618289,Construction and up gradation to 4-Lane of existing two lane with paved shoulder from Hapachara to Tulungia road of NH-117 of existing Km 0.00 to km 14.050 and Design Km 0.000 to km 14.660 under BMP on EPC mode,Roads & Highways,NHIDCL,,225.0,225.0,209.95,0.01,98.0,0.0,33.3,78.0,39.1,1,15,0,False,
MOSPI_618055,Construction of Pratapgarh Bypass Extension connecting NH-31 to NH-330 on EPC mode in the State of Uttar Pradesh.,Roads & Highways,MoRTH,,225.0,225.0,66.96,66.96,78.0,3.0,32.7,47.2,15.0,1,15,0,False,
MOSPI_618015,"Upgradation of Keonchi - Ratanpur Road of NH 45 Package-I, from design chainage km 237.860 to km 273.200 of length 35.340 km to two lane with paved shoulders under Corridor scheme on EPC mode in the state of Chhattisgarh.",Roads & Highways,MoRTH,,225.0,228.93,83.75,6.29,60.0,0.0,45.2,53.5,11.8,1,15,0,False,
MOSPI_618038,Construction of Shopian Bypass  on NH-444 taking off  from existing chainage Km 36500 and re-joining at km 47588  of existing Chainage   New Design Ch.  From km 28000 to km 36925 as 2- lane with paved shoulder in the UT of Jammu & Kashmir on EPC mode.,Roads & Highways,MoRTH,,224.0,224.0,0.0,0.0,3.0,0.0,46.0,30.2,0.0,0,15,0,False,
MOSPI_618136,Upgradatiobn and Rehabilitation of Section of NH 361 F from Parli 00/000 to Gangakhed 30/400 to Two Lanes with paved shoulder / Four lane configurations on EPC mode in the State of Maharashtra.,Roads & Highways,MoRTH,,224.0,224.0,0.0,0.0,91.0,4.0,29.5,65.5,30.5,1,15,0,False,
MOSPI_611966,Transmission System for Evacuation of power from Potential RE Zone in Khavda Area of Gujarat under phase IV 7GW-Part E4,Transmission & Distribution,Power Grid Corporation of India Limited [POWERGRID],,224.0,224.0,224.41,8.98,100.0,0.0,20.2,34.5,10.7,1,15,0,False,
MOSPI_615822,SIRKA OC,Coal,CCL - CIL,,223.0,223.0,280.03,139.31,56.0,-5.0,94.9,76.4,0.0,0,15,0,False,
MOSPI_618180,Pune raigarh District Border To Mangaon    Ch 69000 to 103775    NH-753F,Roads & Highways,MoRTH,,223.0,223.0,0.0,0.0,89.0,0.0,21.5,102.0,79.0,1,15,0,False,
MOSPI_618259,Two laning with paved shoulders of Paderu to GundigudaSection  of NH 516E,Roads & Highways,MoRTH,,223.0,223.0,122.52,0.0,100.0,0.0,31.1,72.7,11.8,1,15,0,False,
MOSPI_618303,Widening/Improvement to 2-lane with earthen shoulder of Yaingangpokpi - Finch corner road section of NH-202 from Km 0.000 to Km 16.900  of NH-202 in the state of Manipur on EPC mode Package-1,Roads & Highways,NHIDCL,,223.0,223.0,140.9,140.9,89.0,0.0,27.6,78.1,50.0,1,15,0,False,
MOSPI_615187,RPR OF VISHNUPURI UG TO OC,Coal,WCL - CIL,,221.0,221.0,0.0,0.0,11.0,0.0,76.8,46.4,0.0,0,15,0,False,
MOSPI_611976,Jogeshwari AT Development of JOS-AT as Trainset Maintenance Depot for energy efficient Vande Bharat Sleeper Trains,Railways,PCE/WR,,221.0,221.0,0.0,0.0,0.0,0.0,36.0,12.0,0.0,0,15,0,False,
MOSPI_617890,Construction of Champawat Bypass with two lane with paved shoulder configuration starting from existing chainage 121.700 to existing chainage 129.450 Design Length 9.847 of NH-125 in District-Champawat in the state of Uttrakhand on EPC mode.,Roads & Highways,MoRTH,,221.0,221.0,0.0,0.0,8.0,0.0,34.3,18.8,0.0,0,15,0,False,
MOSPI_617993,Rehabilitation and upgradation of NH-167 from design km 157.707 to 187.723 design length 30.016 km to two lane with paved shoulders of Alinagar-Miryalaguda Sec on EPC mode in the state of Telangana,Roads & Highways,MoRTH,,220.0,220.0,0.0,0.0,98.0,1.0,20.5,102.6,78.6,1,15,0,False,
MOSPI_701395,Morna [Gureghar] Irrigation Project,Water Resources,"Department of Water Resources, River Development & GR",,220.0,220.0,115.2,0.0,32.0,1.0,225.0,233.5,0.0,0,15,0,False,
MOSPI_612063,"Construction of New Terminal Building, Second Link Taxi Track, Apron Expansion, and associated works at Prayagraj Airport- On Design & Build Basis.",Aviation,Airport Authority of India [AAI],,219.0,274.38,215.51,0.31,100.0,0.0,36.0,12.0,10.8,1,15,0,False,
MOSPI_617179,Transmission Scheme for evacuation of Power from Ratle HEP [850 MW] & kiru [624 MW] Part B,Transmission & Distribution,Power Grid Corporation of India Limited [POWERGRID],,219.0,219.0,3.72,0.44,2.0,1.0,23.9,26.0,11.5,1,15,0,False,
MOSPI_615327,50 MW Solar PP Minedout Area,Power,NLC India Limited [NLCIL],,218.0,218.0,169.95,3.4,100.0,0.0,19.8,37.4,9.0,1,15,0,False,
MOSPI_618393,"Construction for Mitigation Measures  of 10 Nos. Landslides, 01 No. Sinking Zones and 1 No. of Minor Bridge in between at Ch. Km 368.00 to Km 433.00 on NH-07 on EPC Mode in Uttarakhand Package-1",Roads & Highways,NHIDCL,,217.0,217.0,117.83,4.66,100.0,1.0,23.9,33.3,0.0,0,15,0,False,
MOSPI_619142,Construction of 4-lane connectivity to Banbasa ICP at India Nepal border from NH-09 old NH-125 Sitarganj-Tanakpur at Km 40.00 near Jagbuda bridge under Bharatmala Priyojana of NH-109D on EPC mode in the State of Uttarakhand,Roads & Highways,NHAI,,217.0,237.01,213.92,48.11,75.0,0.0,26.5,51.0,31.3,1,15,0,False,
MOSPI_618001,"Construction of 4-lane flyover at Amberpet-X road, Hyderabad on NH-202 in the State of Telangana",Roads & Highways,MoRTH,,217.0,265.88,172.17,0.15,92.0,0.0,61.7,100.3,36.1,1,15,0,False,
MOSPI_702741,Dhanbad Water Supply Infrastructure Project,Water Resources,Ministry of Housing & Urban Affairs,,217.0,217.0,1057.8,232.16,72.0,0.0,73.9,115.4,36.0,1,15,0,False,
MOSPI_618423,Construction of 2-Lane with hard shoulders of Merangkong-Tamlu-Mon MTM Road from existing Km 20.456 to Km 41.065 Design Km. 20 to Km. 40.0 Design Length-20.000 Km in the State of Nagaland under SARDP-NE Phase-A Pkg-2 Balance work,Roads & Highways,NHIDCL,,216.0,216.0,173.12,144.41,100.0,0.0,89.0,101.8,6.7,1,15,0,False,
MOSPI_589703,Implementation of Treatment System-2  Under ZLD at RSP,Steel,Steel Authority of India Limited (SAIL),,216.0,216.0,134.29,0.0,90.0,0.0,19.3,18.8,0.0,0,15,0,False,
MOSPI_611440,Procurment of 30 Nos ACFTs of WT Capacity 10KL at Various Airports,Aviation,Airport Authority of India [AAI],,215.0,215.0,104.92,0.0,53.0,0.0,36.0,12.0,0.0,0,15,0,False,
MOSPI_617822,ATF Pipeline from BPCLs Malkapur POL Installation to  Hyderabad International airport,Petroleum,Bharat Petroleum Corporation Limited [BPCL],,215.0,215.0,46.87,0.88,29.0,3.0,30.6,18.3,0.0,0,15,0,False,
MOSPI_618170,Construction of Two lane with paved shoulder configuration of Shujalpur Bypass section of NH-752C from km 33100 Design to km. 42570 Design total design length 10.470 km in the State of Madhya Pradesh on EPC mode.,Roads & Highways,MoRTH,,214.0,214.0,38.07,38.07,46.0,4.0,29.8,41.8,15.5,1,15,0,False,
MOSPI_702555,In-Situ Slum Redevelopment Project in Jharkhand,Real Estate,"PMAY, Ministry of Housing and Urban Affairs",,213.0,213.0,41.0,0.0,0.0,0.0,36.0,12.0,0.0,0,15,0,False,
MOSPI_618046,Rehabilitation & Up-gradation of Sabalkhed to Ashti Section from Km 37900 to Km 55100 & Chinchpur to Jamkhed Section from km 70000 to km 72922 of NH-561 to Two lane with Paved shoulder/ Four lane configuration in the State of Maharashtra on EPC Mode Length20.122km.,Roads & Highways,MoRTH,,213.0,213.0,0.0,0.0,96.0,1.0,29.9,53.6,0.0,0,15,0,False,
MOSPI_617269,Transmission System for Strengthening to facilitate evacuation of power from Bhadla/Bikaner Complex,Transmission & Distribution,Power Grid Corporation of India Limited [POWERGRID],,213.0,213.0,12.76,2.78,12.0,1.0,17.9,21.2,6.7,1,15,0,False,
MOSPI_702735,Sewerage Management Scheme Part-3 Implementation,Water Resources,Ministry of Housing & Urban Affairs,,213.0,213.0,1430.38,180.32,91.0,0.0,72.5,114.0,33.0,1,15,0,False,
MOSPI_618298,Widening/Improvement of existing 2-Lane road to 4-Lane Divided Highway from Sekmai to Nilakuthi section of  Imphal-Kohima Road Design Chainage from Km 297700 to Km 308729 of NH-39 New NH-02 in state of Manipur on EPC mode Pkg-5B,Roads & Highways,NHIDCL,,212.0,212.0,272.3,18.08,95.0,1.0,21.7,65.5,43.0,1,15,0,False,
MOSPI_617249,Replacement of existing Grinders in CRM-I & II at Bokaro Steel Plant,Steel,Steel Authority of India Limited [SAIL],,212.0,212.0,60.6,0.88,62.0,12.0,24.2,19.8,0.0,0,15,0,False,
MOSPI_617221,"Construction of Girls Hostel 400 seater, Boys Hostel 600 seater, Academic Block, International Hostel 100 seater, VC Residence and Purchase of Equipment",Education,Central University of Punjab,,211.0,211.0,99.02,7.07,58.0,17.0,38.0,25.5,0.0,0,15,0,False,
MOSPI_612688,"Construction of New OPD Block 200 Bed ward Basement + GF + 6 Floors at the location of old OPD block, at existing ESIC Hospital/ Medical college campus, Sanathnagar, Hyderabad",Healthcare,Employee's State Insurance Company [ESIC],,211.0,211.0,198.95,0.0,100.0,0.0,79.0,105.6,12.0,1,15,0,False,
MOSPI_617977,Development of Chiloda - Gandhinagar- Sarkhej ofNH-147 Package -II,Roads & Highways,MoRTH,,211.0,234.44,0.0,0.0,100.0,1.0,31.3,101.1,19.7,1,15,0,False,
MOSPI_618229,Rehabilitation and upgradation to 2-lane with paved sholuders configuration of Near Karri village-Etawah section Km30.000 to Km 57.346 Pakage-II of NH-92 in state of Uttar Pradesh undergreen national Highway Corridor ProjectGNHCP with the loan assistance of world Bank on EPC mode.,Roads & Highways,MoRTH,,211.0,206.56,0.0,0.0,100.0,0.0,46.0,76.9,11.8,1,15,0,False,
MOSPI_618398,Up-gradation to 2-lane with Paved Shoulder from Km 20.300  to Km 29.030 of 8.730 Km length on Goha-Khellani section on NH-244 in UT of Jammu and Kashmir on EPC Mode Package II,Roads & Highways,NHIDCL,,211.0,211.0,190.27,0.01,97.0,0.0,20.6,74.0,51.0,1,15,0,False,
MOSPI_701398,Nardave Medium Irrigation Project,Water Resources,Department of water resources-MH - II,,211.0,781.85,879.8,0.64,75.0,1.0,129.0,209.5,78.0,1,15,0,False,
MOSPI_705722,BRM Machine Procurement Project,Railways,EDTK[MC]/RB,,210.0,210.0,0.02,0.0,0.0,0.0,58.0,84.5,42.0,1,15,0,False,
MOSPI_400047,Doubling of Lingaraj SILO connectivity of NTPC line and augmentation of NTPC exchange yard and NTPC Block Cabin.,Railways,East Coast Railway [ECoR] - II,,210.0,210.0,41.17,0.61,53.0,1.0,28.4,48.9,24.0,1,15,0,False,
MOSPI_707229,"Integrated Command control Center [ICCC] - Construction and Development of Integrated Command Control Center with Security, Surveillance, ITMS, Connecting  Port, Ship Service, Smart Solid Waste Management, Smart Public Transport System",Real Estate,ministry of housing and urban affairs,,210.0,230.0,37.35,37.35,97.0,27.0,22.4,61.9,29.0,1,15,0,False,
MOSPI_618598,6L Minor Bridge Paloli Palam at km. 203.160 & Major Bridge Morad at km. 204.895 and allied works,Roads & Highways,NHAI,,210.0,216.94,190.46,0.0,100.0,0.0,27.0,78.2,49.6,1,15,0,False,
MOSPI_618569,Balance work - WB-10 Gandak Bridge Km 402.00 to Km 440.00 Devanpur - Kotwa,Roads & Highways,NHAI,,210.0,358.3,181.96,65.39,64.0,0.0,26.6,58.1,37.0,1,15,0,False,
MOSPI_702355,Storm water drainag Development Project,Water Resources,Ministry of Housing & Urban Affairs,,210.0,210.0,0.0,0.0,0.0,-5.0,36.0,12.0,0.0,0,15,0,False,
MOSPI_701391,Aruna Medium Irrigation Project,Water Resources,Department of water resources-MH - II,,210.0,1472.14,1734.71,0.0,100.0,2.0,129.0,209.5,72.0,1,15,0,False,
MOSPI_612185,C/o Construction of 200 bedded [Up-gradable to 300 bedded] ESI Hospital at Surat Gujarat.,Healthcare,Employee's State Insurance Company [ESIC],,209.0,209.0,202.62,0.0,100.0,1.0,71.7,87.1,7.4,1,15,0,False,
MOSPI_709837,"Creation of Gas Dehydration  Facilities, Tripura Asset",Petroleum,Oil and Natural Gas Corporation Limited [ONGC],,209.0,131.51,81.31,1.33,71.0,1.0,26.8,54.3,29.0,1,15,0,False,
MOSPI_617375,North Eastern Region Expansion Scheme-XXIII [NERES-XXIII],Transmission & Distribution,Power Grid Corporation of India Limited [POWERGRID],,209.0,209.0,3.14,0.0,4.0,2.0,30.0,13.4,0.0,0,15,0,False,
MOSPI_618620,"Additional works 2VUPs, MR-10 junction flyover and underpass in Six lane Indore-Dewas section of NH-52 in the state of Madhya Pradesh on EPC Mode",Roads & Highways,NHAI,,208.0,211.27,150.59,8.05,80.0,0.0,23.4,49.4,32.4,1,15,0,False,
MOSPI_615194,URDHAN EXPANSION OC COST PLUS,Coal,WCL - CIL,,207.0,207.0,50.69,23.37,2.0,0.0,104.0,49.6,0.0,0,15,0,False,
MOSPI_618089,Rehabilitation & Up-gradation of Mudkhed to Nanded section from Km. 372000 to Km 388400 of NH 161A i.e. Nanded-Bhokar-Himayatnagar-Kinwat-Mahur-Arani Road Design chainage from Km 372000 Mudkhed to Km 387650 Nanded of NH 161A Length 15.65 Km to 2/4Lane with paved shoulders configuration in the State of Maharashtra on EPC mode.,Roads & Highways,MoRTH,,207.0,207.0,74.51,74.51,65.0,0.0,36.3,53.7,18.9,1,15,0,False,
MOSPI_619184,"Rehabilitation and up-gradation of section to Intermediate/2-Lane with hard shoulder from Km 107.760 to Km 129.445 After Middle strait to Humphrey, Km 130.600 to Km 138.00 After Humphrey to Kadamtala & Km 155.00 to Km 181.0 End of Jarwa to Rangat of NH-04 in UT of A&N on EPC Package-IIIA",Roads & Highways,NHIDCL,,207.0,376.48,0.0,0.0,78.0,0.0,90.5,102.6,15.6,1,15,0,False,
MOSPI_618342,Rehabilitation and upgradation to 2 Lane with Paved shoulder of Economic corridor  of NH-6 from Design chaiange Km 0.000 to Km 13.510 Package-1 in the state  of Mizoram under Bharatmala Pariyojana on EPC mode,Roads & Highways,NHIDCL,,207.0,207.0,0.0,0.0,0.0,0.0,27.4,77.9,24.0,1,15,0,False,
MOSPI_617250,Secondary Emission Control in Converters of SMS-II at Bokaro Steel Plant,Steel,Steel Authority of India Limited [SAIL],,207.0,207.0,103.47,16.85,56.0,4.0,21.1,19.8,6.1,1,15,0,False,
MOSPI_612211,"Demolition, Construction and upgradation of ESI Hospital, Kalol, Gujarat from 50 beds to 150 beds.",Healthcare,Employee's State Insurance Company [ESIC],,206.0,206.0,51.74,0.0,58.0,8.0,37.3,48.7,13.8,1,15,0,False,
MOSPI_618132,Widening & strengthening of existing carriageway in 2 lane with paved shoulders from km 25/0 to 59/2 design Ch km 25.467 to 59.200 of NH - 353C on EPC mode in the state of Telangana,Roads & Highways,MoRTH,,206.0,206.0,152.77,0.0,99.0,1.0,27.2,102.6,0.0,0,15,0,False,
MOSPI_709750,Laying of new 28 inch Desal Water Pipeline and 10 inch Reject Water Pipeline between CPCL Manali Refinery and CPCL Desalination plant at Ennore,Petroleum,Chennai Petroleum Corporation Limited [CPCL],,205.0,205.0,117.88,3.01,77.0,2.0,20.0,31.8,15.3,1,15,0,False,
MOSPI_612068,Jaipur Metro Phase 1D Project from Mansarovar to Ajmer Road Chauraha,Urban Transport,Jaipur Metro Rail Corporation,,205.0,205.0,23.34,0.0,12.0,0.0,36.0,4.1,0.0,0,15,0,False,
MOSPI_702840,Mira-Bhayandar Water Supply Infrastructure Project,Water Resources,Ministry of Housing & Urban Affairs,,205.0,205.0,1765.97,197.48,99.0,0.0,76.3,117.9,33.0,1,15,0,False,
MOSPI_618349,Balance work of Widening to 2 Two lane with hard shoulder of Churachandpur to Tuivai section of NH-102B from Design Chainage km 118850 to km 130000 Package-4A in the State of Manipur on EPC Mode,Roads & Highways,NHIDCL,,204.0,204.0,112.41,112.41,26.0,1.0,76.1,76.6,0.0,0,15,0,False,
MOSPI_617950,Construction of Srinivasapura Bypass from existing Km 453.890   Design Ch. 0000    to existing Km 461.450   Design Ch 10080    on NH-69 in the State of Karnataka Under NH   O    in EPC mode under Annual Plan 2022-23  NH-69-KNT-2022-23-966 dated 22.11.2022,Roads & Highways,MoRTH,,204.0,204.0,9.76,9.76,22.0,22.0,49.4,45.5,0.0,0,15,0,False,
MOSPI_618325,Dillai to Lahorijan Package-7,Roads & Highways,NHIDCL,,204.0,204.0,142.21,142.21,0.0,0.0,31.9,57.7,21.3,1,15,0,False,
MOSPI_619191,Kanpur LPG Bottling Plant,Petroleum,Bharat Petroleum Corporation Limited [BPCL],,202.0,202.0,132.75,1.95,62.0,2.0,24.1,11.6,0.0,0,15,0,False,
MOSPI_709785,Laying of Natural Gas Pipeline from Hazaribagh to Ranchi [HRPL],Petroleum,Indian Oil Corporation Limited [IOCL],,202.0,202.07,65.98,0.68,58.0,0.0,36.0,43.2,13.7,1,15,0,False,
MOSPI_618290,"Construction of 2-lane with Paved shoulder of Kohima- Bypass Road Connecting NH-39New NH-02, NH-150New NH-02, NH-61New NH-29, NH-39New NH-02 from Design Km 32.00 to Design Km 43.454Design Length-11.454 Km in the State of Nagaland under SARDP-NE on EPC Mode Package-IV",Roads & Highways,NHIDCL,,202.0,202.0,102.32,0.2,47.0,0.0,20.5,73.5,56.5,1,15,0,False,
MOSPI_616694,Flyover between Siju & Paradeep coaching yard 7 km PB73/2023-24/NR,Railways,CAO/C/ECOR ECoR mor,,201.0,201.0,55.91,18.65,0.0,-5.0,63.4,40.9,0.0,0,15,0,False,
MOSPI_618655,2L PS of Roshni to Ashapur Section of NH-347B from Design KM Ch. 89.900 to 114.000 KM Package  III of Betul  Khandwa,Roads & Highways,NHAI,,201.0,120.75,126.72,0.0,99.0,1.0,29.4,30.2,0.0,0,15,0,False,
MOSPI_619347,Balance Work Estimate of Rehabilitation and Up-gradation of NH- 43 from Km. 468.600 to Km. 531.250 Pathalgaon to kunkuri Section to two-lane with paved shoulder in the State of Chhattisgarh on SBD mode under NHO under Annual plan 2025-26,Roads & Highways,MoRTH,,201.0,201.0,0.0,0.0,0.0,0.0,27.1,6.3,0.0,0,15,0,False,
MOSPI_617969,Construction of 4 Lane ROB and its approaches at the level crossing LC No 29  B of Km 29 Ekangarsarai at NH  110 New NH 33 & Railway Km 32.63 at Fatwa FUT Islampur IPR section in the state of Bihar on EPC mode.,Roads & Highways,MoRTH,,201.0,201.0,0.01,0.0,62.0,2.0,40.3,42.2,5.4,0,15,0,False,
MOSPI_618824,"Development to 4-laning of the de-scoped stretches from Km 115.342 to Km 191.700 of NH-34 in Nadia District 3.962 & Murshidabad District 5.538 pertaining to Krishnagar to Berhampore section of NH-34 New NH-12 , in the state of West Bengal under NHO.",Roads & Highways,NHAI,,201.0,197.74,64.63,7.64,55.0,2.0,22.4,30.4,17.4,1,15,0,False,
MOSPI_617972,Upgradation to Two lane with Paved Shoulder Configuration of Narayanpur Kasturmeta pkg-II from design ch. 48.693 to 70.453  design length21.760 Km.    on NH-130D under EPC mode in the state of Chhattisgarh.,Roads & Highways,MoRTH,,201.0,201.0,14.99,14.99,0.0,0.0,41.5,44.5,0.0,0,15,0,False,
MOSPI_617333,Construction of surface traingle between Bhadaura and new crossing station Karma Dildarnagar-Taraghat line  11.1 km PB72/NR/2022-23,Railways,CAO/Con/South/MHX ECR mor,,200.0,200.0,64.04,56.37,0.0,-1.0,52.8,47.3,0.0,0,15,0,False,
MOSPI_617898,New construction of Major Bridge with Approaches from Km 0.000 to 1.200 Madhopur -Badabanta section of NH-20 under NHO in Annual Plan 2022-23 in the State of Odisha,Roads & Highways,MoRTH,,200.0,200.0,0.32,0.22,0.0,0.0,54.8,42.0,0.0,0,15,0,False,
MOSPI_707267,Upgradation of Sewerage system in Gandhinagar City,Water Resources,Smart City Mission,,200.0,200.0,100.0,0.0,10.0,0.0,36.0,12.0,0.0,0,15,0,False,
MOSPI_615199,KOLGAON EXPANSION DEEP OC MINE,Coal,WCL - CIL,,199.0,199.0,25.08,0.0,4.0,1.0,50.0,43.6,0.0,0,15,0,False,
MOSPI_619033,"1000 seater Boys hostel, 500 seater Girls hostel, 1.5 MLD Sewage Treatment Plant and Faculty Residence - 72 nos. Flats",Education,NIT Rourkela,,199.0,199.0,53.01,1.28,50.0,3.0,33.9,36.4,14.0,1,15,0,False,
MOSPI_709850,Borholla GGS Life Extension Project [BLEP],Petroleum,Oil and Natural Gas Corporation Limited [ONGC],,199.0,198.7,110.99,7.4,64.0,2.0,31.9,35.9,10.5,1,15,0,False,
MOSPI_618014,"Upgradation of Ambikapur-Ramanujganj-Garwa road of NH-343, Package-III, Badki mahri village to Ramanujganj section from existing km 80.600 to km 110.330 Design Ch. 85.370 to Ch. 114.800 of total length 29.430 km to two lane with paved shoulders udner corridor scheme under EPC Mode in the of Chhattisgarh",Roads & Highways,MoRTH,,199.0,199.0,53.0,0.04,39.0,5.0,55.3,53.7,0.0,0,15,0,False,
MOSPI_617243,Replacement of Hot Leveller No.1 of Plate Mill at Bhilai Steel Plant,Steel,Steel Authority of India Limited [SAIL],,199.0,199.0,129.25,0.01,83.0,1.0,24.1,25.7,0.0,0,15,0,False,
MOSPI_618843,Construction of two lane with paved shoulders bypass to Mungrabadshapur town starting from near Kodahu at Km 47/225 of NH-319D and ending near Nauwadandi at Km 219/720 of NH-31 under NHO in the state of Uttar Pradesh on EPC mode,Roads & Highways,NHAI,,198.0,165.28,54.54,1.01,23.0,6.0,25.2,19.0,0.0,0,15,0,False,
MOSPI_619183,Widening of Existing Road from Intermediate Lane 2-lane to 4-lane Between Km 19.994 to Km 35.180 of NH-848A Rakholi-Khadoli-Velugam Section in U.T. of Dadra and Nagar Haveli and Daman and Diu,Roads & Highways,MoRTH,,198.0,239.57,77.74,1.79,80.0,0.0,44.5,47.0,2.0,0,15,0,False,
MOSPI_617930,Construction of Bypass on NH-59 from Km 336/350 to 349/910 13.56 km near Berhampur town including 4-lane RoB in the state of Odisha.,Roads & Highways,MoRTH,,197.0,197.0,59.55,0.01,70.0,0.0,56.4,65.5,12.6,1,15,0,False,
MOSPI_618212,"STABILIZATION OF LAND SLIDE AND SLOPE PROTECTION AT KM 11.00 TO KM 11.08, 29,730 KM TO 30,060 KM, 30,400 KM TO 31,060 KM, 34,750 KM TO 35,300 KM, 38,950 KM TO 39,030 KM & 39,460 KM TO 39,540 KM TWO LOC CLUBBED, KM 40,400 TO KM 40,650, KM 43,500  KM 43,680,  52,460  RISHIKESH - DHARASU ROAD NH-94 ON EPC MODE IN THE STATE OF UTTARAKHAND. NOSE OF LAND SLIDE - 12 NOS",Roads & Highways,MoRTH,,197.0,197.0,0.0,0.0,22.0,0.0,38.5,31.5,0.0,0,15,0,False,
MOSPI_618143,widening to two lane with Paved shoulders from Km.0/970 to Km.40/410 of Jangaon - Thirumal giriof NH- 365B in the state of Telanganaon EPC mode under NHO Annual Plan 2016-17,Roads & Highways,MoRTH,,197.0,197.0,0.0,0.0,93.0,1.0,31.0,113.5,0.0,0,15,0,False,
MOSPI_618411,Melaghar-Srimantapur section on NH-08 Spur from Km 23 to Km 34.500 11.5 Km and overlay from Km 20.30 to Km 22.00 1.7 Km Total Length  13.2 Km,Roads & Highways,NHIDCL,,196.0,196.0,95.54,2.93,72.0,0.0,22.7,44.3,23.0,1,15,0,False,
MOSPI_618095,Widening to Two Lane with Paved Shoulders from Km 0.00 Design Chainage 0.00 to Km 23.338 Design Chainage 23310 of NH-166E MH/KNT Border- Kanamadi- Bijjargi- Tikota section in the state of Karnataka in EPC Mode under Annual plan 2022-23 NH-166E-KNT-2022-23-974,Roads & Highways,MoRTH,,196.0,196.0,72.94,72.94,75.0,4.0,36.4,42.8,12.8,1,15,0,False,
MOSPI_617251,Revamping of Air Pollution Control Systems of SP-1 at Durgapur Steel Plant,Steel,Steel Authority of India Limited [SAIL],,196.0,196.0,65.74,0.24,35.0,3.0,22.5,26.1,7.2,1,15,0,False,
MOSPI_612213,"Construction of 200 Bedded ESIC Hospital at Butibori, Nagpur, Maharashtra.",Healthcare,Employee's State Insurance Company [ESIC],,195.0,196.7,116.22,1.83,67.0,0.0,142.1,154.6,13.0,1,15,0,False,
MOSPI_617965,Kopargaon to Savali Vihir section,Roads & Highways,MoRTH,,195.0,195.0,105.76,105.76,93.0,3.0,24.7,50.8,25.6,1,15,0,False,
MOSPI_617901,Widening of Pachpadra-Bagundi Section to 4 Lane from Km 73/60 to 95/70 of  NH-25 on EPC mode in the state of Rajasthan.,Roads & Highways,MoRTH,,195.0,195.0,55.29,6.82,99.0,14.0,34.9,56.0,19.1,1,15,0,False,
MOSPI_618338,Widening to 2-Lane with Paved shoulder of Imphal to Jiribam section of NH-37 from Design Chainage 15.940 km to 33.120 Km Existing Chainage Km 15.946 to Km 33.395 Total length17.180 Km in the State of Manipur on EPC mode PKG-2 - Balance Works & Rectification works,Roads & Highways,NHIDCL,,195.0,195.0,162.71,0.75,93.0,0.0,59.6,65.5,7.5,1,15,0,False,
MOSPI_702833,Kalyan-Dombivali Water Supply Infrastructure Project,Water Resources,Ministry of Housing & Urban Affairs,,194.0,194.0,1055.02,135.94,70.0,0.0,87.7,122.2,26.0,1,15,0,False,
MOSPI_709761,HP Trijet Unit in Visakh Refinery,Petroleum,Hindustan Petroleum Corporation Limited,,193.0,193.0,0.43,0.0,23.0,0.0,35.9,25.6,0.0,0,15,0,False,
MOSPI_617888,Landslide treatment work on NH 58 from Kodiyala Km. 266.130 to Devprayag Km. 296.925 10 location under EPC mode in the State of Uttarakhand on EPC Mode,Roads & Highways,MoRTH,,193.0,193.0,0.0,0.0,99.0,0.0,25.1,44.2,17.6,1,15,0,False,
MOSPI_618025,Rehabiitation and upgradation from km 121/000 to 154/000 Nakrekal to Mallampally section of NH-365 to 2 lane with paved shoulders in the state of Telangana in the EPC mode,Roads & Highways,MoRTH,,193.0,193.0,141.82,0.01,96.0,0.0,20.9,102.1,81.7,1,15,0,False,
MOSPI_618078,Up-gradation of NH-130C Abhanpur to Paund from NH Km. 0000 to KM 40380 to two lane with paved shoulders in the State of Chhattisgarh on EPC mode.,Roads & Highways,MoRTH,,193.0,193.0,97.78,41.51,85.0,0.0,33.0,68.8,28.7,1,15,0,False,
MOSPI_618002,Widening of existing single lane to intermediate lane road from Mokokchung to Chare via Dikhu in the state of Nagaland on EPC mode,Roads & Highways,MoRTH,,193.0,193.0,99.65,0.0,0.0,0.0,51.9,66.8,0.0,0,15,0,False,
MOSPI_617889,Treatment of landslide zone from location no. 01 to 28 km 62.860 to 152.750 on NH-12509 in the State of Uttarakhand under EPC mode in NHO Annual Plan 2022-23,Roads & Highways,MoRTH,,192.0,192.0,0.0,0.0,98.0,1.0,19.6,46.4,25.3,1,15,0,False,
MOSPI_944288,Super accelerated cooling system (Uniform Cooling) for high strength plates in Plate Mill at BSP,Steel,Steel Authority of India Limited (SAIL),,192.0,192.0,63.8,0.0,48.0,0.0,18.9,15.3,0.0,0,15,0,False,
MOSPI_702808,Satna Sewerage Management and Treatment Infrastructure Project,Water Resources,Ministry of Housing & Urban Affairs,,192.0,192.0,1469.73,164.28,86.0,0.0,100.6,130.1,21.0,1,15,0,False,
MOSPI_709810,KODINGAMALI BAUXITE MINES TO SINGARAM RAILWAY STATION,Railways,Indian Railway,,191.0,191.0,0.0,0.0,0.0,0.0,60.2,48.7,0.0,0,15,0,False,
MOSPI_618852,4L  Sundar Nagar Bypass from  Km.173.900 to Km.179.600 of NH-21,Roads & Highways,NHAI,,191.0,192.11,182.6,0.34,100.0,0.0,27.7,54.7,26.5,1,15,0,False,
MOSPI_618939,Construction of Standalone Flyover cum ROB from Design Ch.66.600 to Design Ch.68.800 in Gadchandur Town on NH-353B,Roads & Highways,NHAI,,191.0,107.76,37.07,3.1,40.0,3.0,28.9,18.7,0.0,0,15,0,False,
MOSPI_709811,GANDHAMARDAN IRON ORE MINES TO GOALDIH STATION/12.76kms,Railways,East Coast Railway [ECoR] - II,,190.0,189.93,3.4,3.4,5.0,5.0,60.7,48.2,0.0,0,15,0,False,
MOSPI_706988,Establishment of new GMC Gondia,Healthcare,"Medical Education, Ministry of Health and Family Welfare",,189.0,189.0,113.4,0.0,40.0,40.0,36.0,62.0,0.0,0,15,0,False,
MOSPI_706966,Establishment of new GMC Samastipur,Healthcare,"Medical Education, Ministry of Health and Family Welfare",,189.0,189.0,113.4,0.0,0.0,0.0,36.0,12.0,0.0,0,15,0,False,
MOSPI_706965,Establishment of new GMC Saran [Chhapara],Healthcare,"Medical Education, Ministry of Health and Family Welfare",,189.0,189.0,113.4,0.0,0.0,0.0,36.0,12.0,0.0,0,15,0,False,
MOSPI_706989,Establishment of new GMC West Garo Hills [Tura],Healthcare,"Medical Education, Ministry of Health and Family Welfare",,189.0,189.0,170.1,0.0,0.0,0.0,36.0,12.0,0.0,0,15,0,False,
MOSPI_617404,North Western Railway  - New line between Ramdevra and Pokhran via Bhairav Gufa - Kailash Tekri 13.38 Km PB30/NR/2025-26,Railways,CAOC/NWR NWR mor,,189.0,189.0,57.31,1.73,3.0,1.0,35.7,17.2,0.0,0,15,0,False,
MOSPI_618924,2L PS of Najibabad Kotdwar section from 112.575 to Km. 138.635 of NH 119,Roads & Highways,NHAI,,189.0,99.2,51.17,0.83,56.0,0.0,47.1,59.3,13.4,1,15,0,False,
MOSPI_618057,Construction of Shohratgarh Bypass on NH-730 under EPC mode in the State of Uttar Pradesh,Roads & Highways,MoRTH,,189.0,189.0,31.42,31.42,54.0,2.0,31.4,47.2,19.3,1,15,0,False,
MOSPI_617973,Strengthening and widening of existing 2 lane road to two lane paved shoulder from km 7.750 to 26.542 & km. 32.093 to 45.786 of NH-130 on EPC mode in the state of chhattisgarh.job No. 130-CG-2017-18-348,Roads & Highways,MoRTH,,189.0,189.0,102.56,101.5,97.0,0.0,36.5,106.2,63.1,1,15,0,False,
MOSPI_705694,Provision of Work-site Tampers [WST] Railway Project,Railways,EDTK[MC]/RB,,188.0,188.0,141.91,0.0,100.0,0.0,96.0,128.4,25.0,1,15,0,False,
MOSPI_618415,"Improvement of existing road to 2 laning with Hard Shoulders of Maram-Peren section Package-1B, length- 17.660 km from Design Chainage 22.340 km to 40.000 km on NH-129A in the State of Manipur on EPC mode",Roads & Highways,NHIDCL,,188.0,188.0,0.0,0.0,99.0,-1.0,22.3,67.1,7.6,1,15,0,False,
MOSPI_618440,"Construction of Balance Work of 4-Laning of the Section from Jhanji to Demow of NH-37 Old from Km 490.800 to Km 534.800, under SARDP- NE on EPC Mode in the state of Assam Pkg- IV Structures & Toll Plaza",Roads & Highways,NHIDCL,,187.0,100.22,16.71,16.71,58.0,0.0,117.3,128.4,12.6,1,15,0,False,
MOSPI_618012,"Widening & strengthenlng to 2LPS from km 0,000 to 40.000 Dhaugaon- Podamari section of NH 326 in the State of Odisha under Annual Plan 2021.22.",Roads & Highways,MoRTH,,187.0,187.0,46.39,3.46,60.0,0.0,46.2,53.5,10.8,1,15,0,False,
MOSPI_702682,Dibrugarh Water Supply Infrastructure Project,Water Resources,Ministry of Housing & Urban Affairs,,187.0,187.0,1664.41,186.43,100.0,2.0,85.2,126.7,33.0,1,15,0,False,
MOSPI_619312,Bulk Loading Hub- Kanpur,Petroleum,Bharat Petroleum Corporation Limited [BPCL],,186.0,186.0,104.24,9.03,62.0,2.0,24.1,11.6,0.0,0,15,0,False,
MOSPI_400048,Doubling of lines connecting the loading spurs in Talcher Yard.,Railways,East Coast Railway [ECoR] - II,,186.0,186.0,105.07,1.97,88.0,0.0,27.6,48.1,29.9,1,15,0,False,
MOSPI_617891,"Construction of Two lane with Paved Shoulder for Fatehpur Bypass Design Km 0.000 to Km 7.400 , Mandawa Bypass Design Km 20.925 to Km 27.300 & Jhunjhunu Bypass Design Km 41.625 to Km 54.689 of NH-11 on EPC Mode in the state of Rajasthan .",Roads & Highways,MoRTH,,186.0,186.0,66.7,0.0,100.0,0.0,28.5,53.5,12.6,1,15,0,False,
MOSPI_615914,GHONSA EXPANSION DEEP OC MINE,Coal,Western Coalfields Limited [WCL],,185.0,185.0,15.72,0.0,13.0,0.0,96.3,65.8,0.0,0,15,0,False,
MOSPI_618433,Construction of Balance work of 2-Lane with PS of Joram  Koloriang Road from existing Km122.600 to km138.00 [Design Km108.724 to Km123.714] in Arunachal Pradesh on EPC Mode under SARDP-NE Pkg-7,Roads & Highways,NHIDCL,,185.0,185.0,156.42,156.42,100.0,0.0,61.5,114.9,48.9,1,15,0,False,
MOSPI_618008,"Construction of four-lane elevated viaduct from km.4634 to km.6345 on NH-24A including Retaining wall, service lane, at grade road and improvement of junctions,  on EPC mode",Roads & Highways,MoRTH,,185.0,269.81,175.09,16.29,100.0,0.0,29.9,65.5,15.1,1,15,0,False,
MOSPI_612827,Flyover between Pendurthi-Simhachalam North to avoid surface crossing at Simhachalam 7.135 km PB73/2023-24/NR,Railways,CAO/C/SCoR SCoR mor,,184.0,184.0,25.44,8.19,21.0,5.0,48.6,41.2,0.0,0,15,0,False,
MOSPI_706940,"Mariani-Jorhat, Tinsukia-Dangri and Makum -TirapTrack Electrification Project",Railways,GM/C/ NFR,,184.0,184.0,0.0,0.0,0.0,0.0,68.6,96.1,0.0,0,15,0,False,
MOSPI_618875,4L of Haridwar  Nagina section Design Ch. LME from km 13.829 to km 17.110 & km 26.077 to km 27.508 and Design Ch. RME from km 13.839 to km 17.120 & km 26.078 to km 27.509 of EUP mitigation measures on NH74,Roads & Highways,NHAI,,184.0,142.11,119.67,4.25,70.0,0.0,27.3,57.9,34.1,1,15,0,False,
MOSPI_619185,Rehabilitation and up-gradation and completion of balance work of section from Km 155.00 to Km 181.00 End of Jarwa to Rangat of NH -4 Total length 26 Km to Intermediate Lane/2-lane with hard shoulders in the UT of A&N Islands on EPC basis - Package-III.B Balance work,Roads & Highways,NHIDCL,,184.0,333.12,163.63,163.63,50.0,3.0,91.2,102.6,17.8,1,15,0,False,
MOSPI_618819,Balance work of Panikoili Rimoli Section of new NH-20 from Km 0.00 to Km. 163.000,Roads & Highways,National Highways Authority of India [NHAI],,183.0,200.79,89.36,0.0,99.0,0.0,18.0,72.2,4.0,0,15,0,False,
MOSPI_618049,Up-gradation to 2/4 lane with paved shoulder configuration of NH-652 from Tuljapur Naldurg-Akkalkot road Chainage from Km. 00.000 to km 30.982 in the State of Maharashtra on EPC mode.,Roads & Highways,MoRTH,,183.0,183.0,64.95,0.08,98.0,0.0,27.8,30.1,1.7,0,15,0,False,
MOSPI_612135,Hostel 4 -Earlier Known as Hostel 20,Education,"Indian Institute of Technology, Bombay",,182.0,182.0,158.23,1.72,99.0,1.0,36.0,47.5,3.0,0,15,0,False,
MOSPI_618179,Rehabilitation and Upgradation of Shewali phata to Kalambhir section i.e. Km 0443 to Km 4500 & Nizampur to Chadwel section i.e. Km 13485 to Km 26265 Length16.317 Km excluding 2 Major Bridges with approaches Km 13735 to Km 14095 & Km 19660 to Km 20030 of NH 753B to 2LPS Configuration in the State of Maharashtra on EPC Mode.,Roads & Highways,MoRTH,,182.0,182.0,0.0,0.0,97.0,4.0,23.8,30.4,5.1,0,15,0,False,
MOSPI_617370,Doubling between Jaunpur Jn - Zaffarabad 6.28 km PB73/2023-24/NR,Railways,CAOC/NR NR mor,,181.0,237.38,78.47,12.93,22.0,-5.0,46.1,41.6,0.0,0,15,0,False,
MOSPI_618096,Rehabilitation and Up-gradation to 2 lane road with paved shoulders configuration for the balance work of 13 km length on Helwak-Patan-Karad section Km. 85000 to 133 417 of NH-166E in the state of Maharashtra on EPC mode.,Roads & Highways,MoRTH,,181.0,181.0,60.25,60.25,87.0,0.0,26.1,31.2,8.6,1,15,0,False,
MOSPI_618208,Construction and upgradation of existing road to 2-lane with paved shoulder from existing chainage Km 509.725 to Km 528.000 design chainage Km 490.550 to Km 507.850 of NH-58 new NH-07 Benakuli bend to Mana Village in EPC mode under Chardham Programme in the State of Uttarakhand.,Roads & Highways,MoRTH,,180.0,180.0,0.0,0.0,95.0,0.0,32.5,91.0,0.0,0,15,0,False,
MOSPI_618004,Construction of Bhabhua Bypass from Ch. 10800Design Ch. 10800 to Ch. 19860 Design Ch. 18150 and Chand Bypass from Ch. 38060 Design Ch. 36250 to Ch. 40460 Design Ch. 38650 and widening of existing road to 2 - lane with Paved shoulder from Ch. 40460 Design Ch. 38650 to Ch. 46860 Design Ch. 45050 of NH-219 Total length-16.150 Kmunder EPC mode in the state of Bihar,Roads & Highways,MoRTH,,180.0,180.0,2.37,2.37,2.0,2.0,69.4,54.9,0.0,0,15,0,False,
MOSPI_702854,Solapur Sewerage Management Infrastructure Project,Water Resources,Ministry of Housing & Urban Affairs,,180.0,180.0,1442.29,160.91,91.0,0.0,72.5,114.0,33.0,1,15,0,False,
MOSPI_618045,"Construction of Mihona bypass, Lahar bypass, Daboh bypass & Bhander Bypass total length 20.60 km to 2-lane with paved shoulder from on Mihona-Bhander-MP/UP border section of NH 552E in the State of Madhya Pradesh on EPC mode",Roads & Highways,MoRTH,,179.0,179.0,71.77,0.0,67.0,0.0,32.7,53.5,0.0,0,15,0,False,
MOSPI_618005,Sheohar-Sitamarhi Section km 40.000 to 79.400 km Lot-I,Roads & Highways,MoRTH,,179.0,278.53,0.0,0.0,99.0,0.0,27.0,127.4,87.9,1,15,0,False,
MOSPI_618701,Balance work of 4L of Nauradehi Sanctuary de-scoped stretch of Hiran River to Sindoor River from Km. 66.00 to 130.00  NH-12 New NH-45,Roads & Highways,National Highways Authority of India [NHAI],,178.0,153.15,142.2,0.0,57.0,0.0,30.4,68.3,8.7,1,15,0,False,
MOSPI_618348,Balance work of Widening to 2 Two lane with hard shoulder of Churachandpur to Tuivai section of NH-102B from km 130.000 to km 141.029 Package-4B in the State of Manipur on EPC Mode,Roads & Highways,NHIDCL,,178.0,178.0,97.93,0.0,9.0,2.0,76.7,75.0,0.0,0,15,0,False,
MOSPI_618413,Construction of 2 laning with Hard shoulder of Peren-Dimapur section on NH 129A from Design Km 146.208 to Km 163.592 Length- 17.384 km in the state of Nagaland on EPC mode under NHO-TSP Package-III,Roads & Highways,NHIDCL,,178.0,199.02,111.71,111.71,96.0,0.0,51.8,67.1,14.8,1,15,0,False,
MOSPI_617998,Widening to existing 2 lane with paved Shoulder to 4 Lane with paved shoulder from design Km 153.00 to 168.27 Mala Gate to Karkala of NH -169 on Shimoga - Mangalore section in the state of Karnataka on EPC mode under Annula Plan 2021-22 Job No. NH-169-KNT-2021-22-949,Roads & Highways,MoRTH,,178.0,178.0,115.6,4.19,83.0,0.0,34.5,53.5,21.5,1,15,0,False,
MOSPI_611142,Fairway Development in West Bengal Farakka - Kahelgaon,Water Resources,Inland Waterways Authority of India [IWAI],,177.0,197.0,383.41,200.09,100.0,0.0,66.9,104.4,8.7,1,15,0,False,
MOSPI_709815,4th line - Bhatapara-Hathband 8.8 km PB72/NR/2022-23,Railways,CAOC/SECR SECR mor,,177.0,177.03,21.08,8.78,3.0,-5.0,52.0,47.5,11.0,1,15,0,False,
MOSPI_709816,4th line - Bhilai-Bhilai nagar 8.8 km PB72/NR/2022-23,Railways,CAOC/SECR SECR mor,,177.0,177.34,35.21,2.72,3.0,-5.0,53.0,47.5,0.0,0,15,0,False,
MOSPI_900872,DOUBLING BETWEEN JAUNPUR JN-ZAFFARABAD [6.28 KM],Railways,Northen Railway [NR],,177.0,177.0,41.0,0.0,10.0,0.0,48.9,44.4,23.0,1,15,0,False,
MOSPI_619165,Thanamcherla-Jamandlapally 2LPS,Roads & Highways,National Highways Authority of India [NHAI],,177.0,18.65,8.31,0.0,100.0,0.0,110.6,153.8,41.7,1,15,0,False,
MOSPI_611975,Western Railway Vasai bypass double line between Naigaon  Juchandra 6 km,Railways,PCE/WR,,176.0,176.0,0.0,0.0,0.0,0.0,36.0,12.0,0.0,0,15,0,False,
MOSPI_705708,WST Machine Procurement Project,Railways,EDTK[MC]/RB,,176.0,176.0,0.0,0.0,0.0,0.0,36.0,12.0,45.0,1,15,0,False,
MOSPI_702764,24/7 water supply under AMRUT for Davanagere,Water Resources,Ministry of Housing & Urban Affairs,,175.0,175.0,923.02,103.73,65.0,0.0,76.3,117.9,33.0,1,15,0,False,
MOSPI_618034,Construction of 2 lane Barpeta Bypass from Km 77900Baradi to Km 86150 Deurikuchi Length8.25Km on NH-427 in the state of Assam under EPC ModeJob No.427/AS/2022-23/245,Roads & Highways,MoRTH,,174.0,174.0,11.38,3.31,20.0,0.0,40.6,41.6,0.0,0,15,0,False,
MOSPI_618385,Rehabilitation and up-gradation of road from design km 25.250 to km 36.460 Total lengh 11.210 km of Kailashahar-Kurti Bridge section on NH-208A to 2-lane with paved shoulder on EPC basis under NHO Package-III- Balance Work,Roads & Highways,NHIDCL,,174.0,174.0,67.1,67.1,53.0,53.0,72.1,78.6,0.0,0,15,0,False,
MOSPI_618118,Upgradation of two lane paved shoulder from Shahpura existing km. 0.00   Design Ch. 000    to Thanagazi existing Km.37352   Design Ch. 36810    of NH-248A on EPC mode in the State of Rajasthan.,Roads & Highways,MoRTH,,174.0,174.0,63.55,0.0,100.0,0.0,28.8,54.3,12.0,1,15,0,False,
MOSPI_617918,"Widening and Strengthening of existing S/L, I/L, & D/L to 2 Lane with PS from Km 256/455 to 256/503, 256/820 to 256/960, 265/760 to 266/010, 266/010 to 266/800, 270/975 to 271/055, 276/460 to 276/560, 276/560 to 276/700, 276/700 to 277/480, 285/780 to 288/290, 288/290 to 291/050 and construction of 3 Nos. of Bypass from Km 266/800 to 267/300, 270/025 to 270/975, & 284/700 to 285/780 on NH-53 under NHO in Annual Plan 2022-23 for the State of Odisha.",Roads & Highways,MoRTH,,174.0,174.0,6.43,0.0,0.0,0.0,58.0,42.5,0.0,0,15,0,False,
MOSPI_709841,Old Pipe Line Replacement [OPRP] Group-A,Petroleum,Oil and Natural Gas Corporation Limited [ONGC],,173.0,169.84,168.22,0.24,95.0,1.0,48.6,62.5,16.0,1,15,0,False,
MOSPI_618079,Construction of Dharmagarh Bypass on NH-130C including land acquisition in the state of Odisha on EPC Mode under Annual plan 2022-23.,Roads & Highways,MoRTH,,173.0,173.0,0.0,0.0,15.0,0.0,43.3,42.1,0.0,0,15,0,False,
MOSPI_618022,Upgradation  to two lane with paved Shoulder Configuaration from Km. 0/00 to 47/000 of NH 351    Mahuva  to Badhada section    in the State of Gujarat,Roads & Highways,MoRTH,,173.0,219.08,22.63,0.0,77.0,3.0,32.5,45.3,16.3,1,15,0,False,
MOSPI_619028,Augmentation of 1x500 MVA 400/220kV ICT [3rd] at Thrissur VSC HVDC Station in Kerala,Transmission & Distribution,Power Grid Corporation of India Limited [POWERGRID],,173.0,173.0,2.08,0.0,2.0,0.0,24.0,12.8,4.3,0,15,0,False,
MOSPI_618265,Rehabilitation and upgradation to 2-lane with paved sholuders configuration of Miranpur Katra to radhaita section of NH-730CKm.114.000 to Km 137.250pakage-III in state of Uttar Pradesh undergreen national Highway Corridor ProjectGNHCP with the loan assistance of world Bank on EPC mode.,Roads & Highways,MoRTH,,172.0,169.56,0.13,0.13,92.0,1.0,51.3,76.9,29.1,1,15,0,False,
MOSPI_618122,Widening to 2 lane with paved shoulded of Jareikela Jharkhand/Odisha Border - Dhabaleswar section from 0/0 to 36/0 of NH-320D in the State of Odisha under Annual Plan 2021-22.,Roads & Highways,MoRTH,,172.0,172.0,7.42,7.42,34.0,2.0,54.7,53.8,0.0,0,15,0,False,
MOSPI_617182,Augmentation of Banaskantha [Raghanesda] PS [GIS] [POWERGRID Banaskantha Transco Limited],Transmission & Distribution,Power Grid Corporation of India Limited [POWERGRID],,172.0,172.0,61.92,3.44,42.0,3.0,23.9,17.7,0.0,0,15,0,False,
MOSPI_702674,"ESR - 8 nos., distribution system - 216 Km, new house service connections - 38760 nos. upgrading of feeder mains, pumping station etc. - Phase II",Water Resources,Ministry of Housing & Urban Affairs,,172.0,172.0,799.74,89.12,82.0,0.0,73.9,115.4,33.0,1,15,0,False,
MOSPI_701570,"Replacement and revamping of pipeline projects in oil jetty area, Kandla",Shipping,Deendayal Port Trust [DPT],,171.0,211.61,149.5,0.0,92.0,1.0,24.0,59.5,18.0,1,15,0,False,
MOSPI_619321,Balance work of widening to two laning/re-alignment and geometric improvement from Km. 11000 to Km. 114618 with rectification of damaged stretches and provision of protection works in vulnerable location of NH-44 in the State of Mizoram.,Roads & Highways,MoRTH,,171.0,171.0,0.0,0.0,2.0,2.0,31.1,11.2,0.0,0,15,0,False,
MOSPI_612815,Nipania-Bhatapra 14.4 km 4th line PB72/NR/2022-23,Railways,CAOC/SECR SECR mor,,170.0,170.0,12.12,2.14,3.0,-5.0,51.7,45.2,0.0,0,15,0,False,
MOSPI_709814,NIPANIA-BHATAPRA [14.4 KM] 4TH LINE [PB-72/NR/2022-23],Railways,SECR,,170.0,184.0,0.0,0.0,2.0,2.0,48.8,45.2,0.0,0,15,0,False,
MOSPI_619251,Construction of two lane with paved shoulder of Ghatol Bypass from km 133.250 to km 140.950 of NH-56 old NH No. 113 on EPC mode in the State of Rajasthan.,Roads & Highways,MoRTH,,170.0,170.0,0.0,0.0,17.0,6.0,29.8,17.5,0.0,0,15,0,False,
MOSPI_618000,Widening to 2-Lane with Paved Shoulders from Km 116.800 to 149.070Design Changes on Hosadurga - Holalkere Section of NH-173 in the State of Karnataka on EPC mode under Annual Plan 2021-22 Job no. NH-173-KNT-2021-22-946,Roads & Highways,MoRTH,,170.0,147.39,111.33,4.37,100.0,0.0,22.9,53.5,28.2,1,15,0,False,
MOSPI_709817,4th line - Dadhapara-Belha 9.2 km PB72/NR/2022-23,Railways,CAOC/SECR SECR mor,,169.0,169.06,65.43,42.64,10.0,-5.0,50.5,48.0,0.0,0,15,0,False,
MOSPI_618627,Construction of 7 Nos of Standalone safety structures/works at different locations on various NHs,Roads & Highways,NHAI,,169.0,112.03,26.78,0.23,33.0,0.0,24.3,19.9,0.0,0,15,0,False,
MOSPI_617902,construction or By-pass road on NH-26 for Nabrangpur Town,Roads & Highways,MoRTH,,169.0,169.0,11.13,0.51,38.0,3.0,44.2,41.7,1.0,0,15,0,False,
MOSPI_709819,3rd & 4th line - Saragbundia & Madwarani 12.2 km PB72/NR/2022-23,Railways,CAOC/SECR SECR mor,,168.0,168.0,28.44,0.43,10.0,-1.0,51.6,48.1,0.0,0,15,0,False,
MOSPI_400045,Proposed 6 nos Road Over Bridge [ROB] at different locations under MCL Talcher Under Deposit Scheme.,Railways,East Coast Railway [ECoR] - II,,168.0,168.0,69.85,0.0,82.0,0.0,31.7,49.2,0.0,0,15,0,False,
MOSPI_619194,"Construction of Four Lane Gola Flyover at Km 99.850 of NH 730 Major Junction with State Highways -93 of Engineering, Procurement and Construction EPC mode in the State of Uttar Pradesh.",Roads & Highways,MoRTH,,168.0,168.0,0.0,0.0,12.0,10.0,31.1,17.7,0.0,0,15,0,False,
MOSPI_618098,"Upgradation of exhisting 2 lane flexible pavement to 2 lane paved shoulders rigid pavement from design chainage Km 66.00 to Design Km 82.440 Start of Kolhapur Municipal corporation near Phulewadi to kale, design length 16.440 Km section on Talere Gaganbawada-Kolhapur road NH 166G in the state of Maharashtra on EPC mode",Roads & Highways,MoRTH,,168.0,168.0,0.0,0.0,94.0,0.0,37.4,65.5,22.6,1,15,0,False,
MOSPI_612128,Hostel blocks & dining hall block,Education,"Indian Institute of Technology, Mandi",,167.0,167.0,138.26,16.0,93.0,9.0,35.9,41.6,6.2,1,15,0,False,
MOSPI_611929,Maintenance cum workshop depot for Vande Bharat Sleeper Trains as per conditions under WTA 527,Railways,WPO/Patna,,167.0,167.0,0.0,0.0,0.0,0.0,27.6,48.1,0.0,0,15,0,False,
MOSPI_619160,Balance works in AP Portion and punch list items in TN & AP portion of NH-205,Roads & Highways,NHAI,,167.0,113.46,98.52,0.26,100.0,0.0,27.0,47.3,12.0,1,15,0,False,
MOSPI_618147,Widening to 2 Lane with Paved Shoulders from design Km 103.200 Existing Km 103.200 to design Km 116.700 Existing Km 118.470 on AP/KNT Border to Sira Section of NH-544E in the State of Karnatakaon EPC mode under Annual plan 2022-23,Roads & Highways,MoRTH,,167.0,167.0,46.69,4.21,65.0,0.0,31.9,44.1,11.7,1,15,0,False,
MOSPI_615195,SHARDA UG MINE,Coal,WCL - CIL,,166.0,166.0,5.93,0.5,9.0,0.0,68.1,49.6,0.0,0,15,0,False,
MOSPI_709832,25.5 MW WIND POWER PROJECT AT KAYATHAR IN TAMILNADU,Steel,National Aluminium Company Limited [NALCO],,166.0,166.0,135.0,0.0,70.0,3.0,90.1,107.6,12.0,1,15,0,False,
MOSPI_617408,NATHDWARA- NATHDWARA TOWN NL,Railways,North Western Railway [NWR],,166.0,166.0,112.55,2.59,15.0,0.0,96.7,90.2,0.0,0,15,0,False,
MOSPI_612513,"Construction of 100 Bedded ESI Hospital at Duburi, Odisha.",Healthcare,Employee's State Insurance Company [ESIC],,165.0,165.0,16.44,0.04,7.0,0.0,197.9,189.2,0.0,0,15,0,False,
MOSPI_709782,ATF Pipeline from Jawaharlal Nehru Port Trust to Navi Mumbai International Airport,Petroleum,Indian Oil Corporation Limited [IOCL],,165.0,165.0,102.79,1.17,99.0,1.0,36.0,48.8,10.3,1,15,0,False,
MOSPI_709783,"Installation of Multiple Effect Evaporator [MEE] for ETP-1, 2 & 4 of Panipat Refinery and Petrochemical Complex.",Petroleum,Indian Oil Corporation Limited [IOCL],,165.0,247.69,193.38,6.74,92.0,0.0,30.2,68.8,40.0,1,15,0,False,
MOSPI_618304,"Widening/Improvement to 2 Lane with earthen shoulder of Jessami to Laynen bridge Nagaland border section of NH-29 of Imphal -Ukhrul - Jessami Economic Corridor from km 0.000 to km 11.009 in the State of Manipur on EPC mode under Bharatmala Pariyojana, under NHO-NE Package-7",Roads & Highways,NHIDCL,,165.0,165.0,128.92,1.33,28.0,1.0,38.9,41.5,7.4,1,15,0,False,
MOSPI_619042,"Construction of six lane Flyover at Katraj junction at Km, 3/880 of NH 548-DD   Vadgaon - Katraj - Kondhwa - Mantarwadi Chowk - Loni Kalbhor - Theur Phata - Lonikand Road    in Pune Dist of the State of Maharashtra. On Engineering Procurement and construction   EPC    Basis mode   L.1.326 Km,",Roads & Highways,MoRTH,,164.0,164.0,80.23,80.23,83.0,83.0,59.8,66.7,0.0,0,15,0,False,
MOSPI_618099,"Rehabilitation & up-gradation for Talere  Gaganbawada - kolhapur Road NH 166G stretch start from km. 0/00 to Km. 06/00 and km. 13/00 to km 19/440 of NH-166G, length 12.440 km in the State of Maharashtra.",Roads & Highways,MoRTH,,164.0,164.0,98.68,0.0,100.0,0.0,24.9,30.1,0.0,0,15,0,False,
MOSPI_618042,"Rehabilitation/ Upgradation of existing Highway to four lane standards in Kurkheda town from km.413257 to km 410775, Two lane in Shankarpur Gurnuli km 42400 to km 43100 section and Reconstruction of Major Bridge at Ch. 448558 Bhuti Nallah and Ch. 411695 Sati River bridge, Minor Bridge at Ch. 411477 and Ch. 405800 Lendhari Bridge of NH 543 Bhamhapuri-wadsa-kurkheda-korchi-Deori-Amgaon road on EPC mode in the State of Maharashtra",Roads & Highways,MoRTH,,164.0,164.0,49.03,49.03,50.0,7.0,37.2,53.7,20.0,1,15,0,False,
MOSPI_612856,Augmentation of 1x1500 MVA 3rd  765/400 kV transformation capacity at Kurnool New Substation,Transmission & Distribution,Power Grid Corporation of India Limited [POWERGRID],,164.0,164.0,145.61,11.53,91.0,8.0,28.9,40.5,6.1,1,15,0,False,
MOSPI_617303,"City Gas Distribution Project at Khagaria, Saharsa and Madhepura",Petroleum,Ministry of Petroleum & Natural Gas,,163.0,163.0,96.07,0.53,40.0,0.0,36.0,12.0,0.0,0,15,0,False,
MOSPI_618834,4L Kodinar - Veraval Package VI from km. 222.400 to km. 230.00 Kodinar Bypass of NH-8E NH 51 new,Roads & Highways,National Highways Authority of India [NHAI],,163.0,192.01,174.82,12.82,100.0,0.0,17.7,53.5,19.3,1,15,0,False,
MOSPI_618480,Construction of Trumpet Interchange Connecting Bangalore  Chennai Expressway km.261705 to km. 262800 with Maduravoyal to Walajapet Section of NH 48 near Sriperumbudur Toll Plaza at km. 35700,Roads & Highways,NHAI,,163.0,162.56,54.98,2.51,39.0,0.0,27.7,40.4,14.3,1,15,0,False,
MOSPI_618178,Widening and strengthening of Gangakhed to Kingaon section of NH-752K in Km 38/750 to 72/304   Flexible Pavement      Length33.554 km    to 2-lane configuration on EPC mode in the State of Maharashtra.,Roads & Highways,MoRTH,,163.0,163.0,0.0,0.0,72.0,0.0,27.7,31.1,4.9,0,15,0,False,
MOSPI_702760,Belgavi Improvement in Sewerage System Project,Water Resources,Ministry of Housing & Urban Affairs,,163.0,163.0,721.71,79.5,80.0,0.0,91.5,129.0,29.0,1,15,0,False,
MOSPI_617908,Bemetara Bypass NH 30,Roads & Highways,MoRTH,,162.0,162.0,0.0,0.0,42.0,5.0,39.6,32.2,0.0,0,15,0,False,
MOSPI_618422,"Construction of 2-lane with hard shoulders of Merangkong-Tamlu-Mon road Wakching Twon portion on EPC basis from existing Chainage Km 59000 to Km 73640 [Design Km. 59000 to Km, 72450] Design length - 13.450 Km under SARDP-NE package-V  Balance work",Roads & Highways,NHIDCL,,162.0,162.0,101.28,0.07,100.0,0.0,53.3,65.5,10.7,1,15,0,False,
MOSPI_615820,TIKAK EXTENSION OCP,Coal,INVALID CO.,,160.0,160.0,112.8,0.11,90.0,0.0,108.0,50.4,0.0,0,15,0,False,
MOSPI_709752,HP-COAT [Crude to Olefins and Aromatics Technology] demo unit at Visakh Refinery,Petroleum,Hindustan Petroleum Corporation Limited,,160.0,220.0,158.94,6.12,94.0,0.0,33.2,59.7,32.0,1,15,0,False,
MOSPI_618755,4L of left out existing road section from Lalgopalganj Km 161.450 to Nawabganj Km 180.200 in Prayagraj,Roads & Highways,National Highways Authority of India [NHAI],,160.0,100.74,72.44,0.17,100.0,0.0,24.6,30.2,3.0,0,15,0,False,
MOSPI_618291,"Construction of 2-lane with Paved shoulder of Kohima-Bypass Road connecting NH- 39 New NH-02, NH150New NH-02, NH7-61 New NH-29 and NH-39 New NH-02 from Design km 21.000 to km 32.268 [Design length11.268 km] in the state of Nagaland Under SARDP-NE on EPC Mode Package- 3",Roads & Highways,NHIDCL,,160.0,342.29,128.32,4.9,40.0,0.0,58.5,73.5,18.5,1,15,0,False,
MOSPI_617949,Tadipatri Bypass Km 0000 to Km 6285 of 4-Lane on NH-67 in Anantapuramu district of AP state under NHO on EPC Mode under Annual Plan 2022-23,Roads & Highways,MoRTH,,160.0,160.0,75.64,16.38,100.0,0.0,35.4,41.6,0.6,0,15,0,False,
MOSPI_946208,Amended BharatNet Program - SKM,Telecommunications,Department of Telecommunications,,160.0,160.0,0.0,0.0,0.0,0.0,70.1,37.4,0.0,0,15,0,False,
MOSPI_702699,Muzaffarpur Storm Water Drainage Phase-I Project,Water Resources,Ministry of Housing & Urban Affairs,,159.0,159.0,602.5,93.0,83.0,0.0,83.4,117.9,26.0,1,15,0,False,
MOSPI_702742,SAAP-3 Water Supply Infrastructure SAAP-3 Project,Water Resources,Ministry of Housing & Urban Affairs,,159.0,159.0,787.5,87.5,65.0,0.0,80.9,115.4,28.9,1,15,0,False,
MOSPI_611978,Dahod Rolling Stock Workshop Provision of Infrastructure for CBS at,Railways,PCE/WR,,158.0,158.0,51.87,4.56,10.0,10.0,28.6,46.1,0.0,0,15,0,False,
MOSPI_618068,"Construction of Kaithi-Padaria Kala bypass, Patna-Tamoli bypass, Jaso bypass and Nagod bypass   total length 15.44 Km    to 2-lane with paved shoulders flexible pavement on NH-943 in the State of Madhya Pradesh on EPC Mode.",Roads & Highways,MoRTH,,158.0,158.0,36.36,36.36,63.0,3.0,43.1,54.4,14.8,1,15,0,False,
MOSPI_618154,"Rehabilitation & upgradation of Jamkhed to Sautada Section of NH548 D from km 195.375 to km 208.774, Length  13.399 Km to 2L PS /4L configuration with rigid pavement in the state of Maharashtra on EPC mode.",Roads & Highways,MoRTH,,158.0,158.0,0.0,0.0,69.0,0.0,27.8,53.8,23.5,1,15,0,False,
MOSPI_619008,Rehabilitation and Up gradation of Charthana  Jintur Section of NH 752 I Km 25100 to 47100 to 2 Lane with Paved Shoulder configuration Flexible Pavement in the state of Maharashtra on EPC mode. Reg- Resubmission of Annual Plan Estimate.,Roads & Highways,MoRTH,,158.0,158.0,0.01,0.01,51.0,0.0,28.0,17.6,0.0,0,15,0,False,
MOSPI_617925,Construction of Bypass to Khordha town from Km 294/000 to 300/300 on NH-57 including LA in the State of Odisha on EPC mode.,Roads & Highways,MoRTH,,157.0,157.0,33.69,0.02,92.0,0.0,32.8,55.2,21.9,1,15,0,False,
MOSPI_617989,Construction of Major Bridge at Km.180.865 across river Krishna on NH 167 Hagari Jadcherla section,Roads & Highways,MoRTH,,157.0,187.61,103.33,0.0,68.0,-1.0,32.1,90.3,52.8,1,15,0,False,
MOSPI_709754,"Construction of LPG Facilities at Kamardanga, Assam",Power,Hindustan Petroleum Corporation Limited,,156.0,156.36,114.1,4.76,84.0,4.0,51.1,41.6,0.0,0,15,0,False,
MOSPI_617923,Construction of  Daspalla Bypass from km 195.250 To 200.635 of NH-57 including land acquisition in the state of Odisha on EPC mode under Annual Plan 2022-23.,Roads & Highways,MoRTH,,156.0,156.0,53.05,3.01,25.0,0.0,50.5,42.5,0.0,0,15,0,False,
MOSPI_617931,Construction of ROB and its approaches in lieu of  LC No. 10/B/T at Km 307.050 of NH-60.,Roads & Highways,MoRTH,,156.0,138.57,20.6,20.6,17.0,0.0,113.1,126.4,26.8,1,15,0,False,
MOSPI_618117,Upgradation to 2-Lane with Paved Shoulder from Design Km 36300 to Design Chainage 47918 and from Design Ch 69900 to Design Ch 83940 of NH-248A Natni Ka Bara in the State of Rajasthan on EPC Mode.,Roads & Highways,MoRTH,,155.0,155.0,15.13,0.33,23.0,0.0,27.2,30.8,3.0,0,15,0,False,
MOSPI_635651,"New Product Testing Laboratory for NPM, SPP & NHSM at RSP",Steel,Steel Authority of India Limited (SAIL),,155.0,155.0,56.24,0.0,72.0,0.0,26.8,15.3,0.0,0,15,0,False,
MOSPI_616604,Pollution Abatement works for River Ganga at Hooghly Chinsurah- Municipal Town  Interception & Diversion with STP,Water Resources,National Mission for Clean Ganga,,155.0,155.0,102.04,5.87,94.0,2.0,82.7,100.2,17.0,1,15,0,False,
MOSPI_606112,Tezpur University Projects,Education,Tezpur University,,154.0,154.0,288.87,22.73,93.0,-5.0,53.4,87.6,21.7,1,15,0,False,
MOSPI_616697,3rd & 4 th line Vadlapudi-Gate Jn. incl. tie line between Gangavaram Port-Visakhapatnam Steel Plant12.04 km PB73/2023-24/NR,Railways,CAO/C/SCoR SCoR mor,,154.0,154.0,89.67,20.08,87.0,7.0,38.6,41.2,0.0,0,15,0,False,
MOSPI_618908,3L Major Bridge over River Brahmani at Km. 401.250 Duburi - Chandikhole Section of NH-200 New NH -53,Roads & Highways,NHAI,,154.0,103.68,73.76,0.17,38.0,0.0,33.5,53.0,31.9,1,15,0,False,
MOSPI_618003,Construction of four lane ROB and its approaches in lieu of existing Level Crossing No. RV-71 at km 435 on NH-217 New NH-353 at Khariar including land acquisition under NHO in Annual Plan 2021-22 for the state of Odisha for F.Y. 2021-22 to F.Y 2033-34,Roads & Highways,MoRTH,,154.0,154.0,25.17,0.0,90.0,0.0,37.4,58.0,19.1,1,15,0,False,
MOSPI_618181,Rehabilitation / Upgradation to 4 Lane with Paved shoulder of Existing Section in Sillod Town with Design Ch. Km54500 to Km 60679 [Length6.179 km] section of NH 753F Aurangabad-Jalgaon road on EPC Mode in the State of Maharashtra,Roads & Highways,MoRTH,,154.0,154.0,0.0,0.0,98.0,0.0,28.0,41.6,0.0,0,15,0,False,
MOSPI_612178,"Construction of 100 Bedded ESIC Hospital building and 32 Nos Residential Quarters at Vallam Vadangal, SIPCOT, Sriperumbudur",Healthcare,Employee's State Insurance Company [ESIC],,153.0,177.01,127.22,4.0,100.0,1.0,123.8,138.9,9.6,1,15,0,False,
MOSPI_618223,Rehabilitation and up-gradation to 2 lane with paved shoulder from existing chainage km 64535 to km 85385 Design chainage km 55800 to km 74350 under 13 TF on Akhnoor-Poonch road NH-144A under Project Sampark BRO in the UT of Jammu & Kashmir on EPC mode Package-III Job no  NH-144A-J&K-2019-20-79,Roads & Highways,MoRTH,,153.0,153.0,77.62,1.98,90.0,0.0,42.3,77.9,39.1,1,15,0,False,
MOSPI_618084,Widening to 2-lane with paved shoulder from km 0.00 to 44.00 Kuru-Ghaghra section of NH-143A including re-construction of culverts and bridges.,Roads & Highways,MoRTH,,153.0,133.67,100.77,0.0,95.0,0.0,41.8,79.0,38.8,1,15,0,False,
MOSPI_618023,Work of Widening/upgradation of 2-Lane with paved shoulder of Sri Muktsar Sahib to Malout road from Km 279.400 to Km 307.060 section of NH-354 in the State of Punjab on EPC mode. Job No. NH-354-PB-2021-22-555,Roads & Highways,MoRTH,,153.0,153.0,0.0,0.0,100.0,0.0,36.5,53.5,11.5,1,15,0,False,
MOSPI_617804,Mechanization of Berth No.14 for handling Containers and other cargo on DBFOT basis - Phase II,Shipping,New Mangalore Port Authority,,153.0,153.0,97.45,31.98,95.0,35.0,39.0,32.5,0.0,0,15,0,False,
MOSPI_611944,Quadrupling between Gandhidham Adipur with Y connection at Adipur for providing direct entry towards Mundra Port and Bhuj and high level platform at Gopalpur 11Kms,Railways,Western Railway (WR) - II,,152.0,152.44,120.36,15.78,95.0,10.0,37.9,43.4,0.0,0,15,0,False,
MOSPI_619187,"Slope protection and landslide mitigation at 4 vulnerable locations km 1.950 to Km 2.100, km 11.100 to 11.450, km 22.435 to km 22.485 and km 22.610 to km 22.680 within Sevoke-Rangpo section of NH-10 old NH-31A in Darjeeling & Kalimpong district in the State of West Bengal on EPC mode",Roads & Highways,NHIDCL,,152.0,152.0,21.2,21.2,34.0,2.0,40.6,31.3,0.0,0,15,0,False,
MOSPI_612748,"Construction of 100 bed ESI Hospital and Staff Quarters [32 Nos.] at Harohalli, Karnataka",Healthcare,Employee's State Insurance Company [ESIC],,151.0,151.0,31.05,0.0,28.0,2.0,91.5,86.0,0.0,0,15,0,False,
MOSPI_709770,City Gas Distribution Project at Pathankot District,Petroleum,Indian Oil Corporation Limited [IOCL],,151.0,151.0,9.02,0.06,2.0,0.0,138.1,53.6,0.0,0,15,0,False,
MOSPI_701766,Green Building Development Project,Real Estate,ministry of housing and urban affairs,,151.0,206.0,59.51,2.75,40.0,0.0,48.5,82.3,37.3,1,15,0,False,
MOSPI_618704,6L Flyover including RE Wall approaches with Flexible Pavement in the Elephant Corridor of Angul  Sambalpur Section of NH-42 New NH-55 Km.202.533,Roads & Highways,National Highways Authority of India [NHAI],,151.0,106.32,106.16,0.02,100.0,0.0,40.0,35.9,0.0,0,15,0,False,
MOSPI_617928,"Widening 2 lane to 4-lane from KM 92/320 to Km 115/320 Vav Chokdi-Satlasana to to Vrundavan Chokdi, Kheralu on NH-58 in the State of Gujarat.",Roads & Highways,MoRTH,,151.0,171.27,0.0,0.0,98.0,0.0,47.9,54.0,3.5,0,15,0,False,
MOSPI_618628,Strengthening of Existing Alignment of Pandharpur Town Part Bypassed Section of NH 965 from KM 36.230 to KM 44.230 from Chh. Shivaji Maharaj Chowk to Wakhari,Roads & Highways,NHAI,,150.0,87.59,76.45,11.09,69.0,21.0,38.6,49.1,17.0,1,15,0,False,
MOSPI_617900,Upgradation to Two Lane Paved Shoulder in km 33/0 to 126/520 of NH-23 Old NH-11B Kothun-Lalsot-Karoli-Dholpur road in the state of Rajasthan under EPC mode Length-93.52 Km.,Roads & Highways,MoRTH,,150.0,150.0,12.2,0.0,97.0,-2.0,32.3,56.7,17.0,1,15,0,False,
MOSPI_612201,"Construction of 200 bedded ESIC Hospital with 62 Nos Staff quarters , Beltola",Healthcare,Employee's State Insurance Company [ESIC],,143.0,154.75,130.08,0.0,98.0,0.0,88.2,105.3,14.6,1,15,0,False,
MOSPI_702958,Lucknow Sewerage Management Infrastructure Project,Water Resources,Ministry of Housing & Urban Affairs,,142.0,173.21,152.65,0.0,95.0,0.0,78.1,119.6,41.0,1,15,0,False,
MOSPI_705357,Baramati - Lonand 54 km,Railways,CAOC/CR CR mor,,138.0,1790.5,1132.25,92.53,60.0,0.0,337.8,331.3,0.0,0,15,0,False,
MOSPI_612239,Construction of 100 bedded ESIC Hospital & 32 nos. of Staff qtrs at OMPURA J&K.,Healthcare,Employee's State Insurance Company [ESIC],,131.0,164.93,1747.76,1585.71,99.0,0.0,60.6,84.1,8.0,1,15,0,False,
MOSPI_612259,CONSTRUCTION OF 300 BEDDED HOSPITAL AT HARIDWAR,Healthcare,Employee's State Insurance Company [ESIC],,102.0,297.63,340.3,0.0,90.0,1.0,44.2,66.7,21.0,1,15,0,False,
MOSPI_701568,Construction of oil jetty No.8 at old kandla through internal resources,Shipping,Deendayal Port Trust [DPT],,100.0,225.85,186.47,19.99,90.0,0.0,60.1,103.4,17.9,1,15,0,False,
MOSPI_612203,Academic Block 1 & 2,Education,"Indian Institute of Technology, Bombay",,68.0,263.93,27.4,3.22,20.0,1.0,46.0,47.5,8.0,1,15,0,False,
